티커,ISIN,ETF명,정식종목명,영문명,운용사,출시일,기초지수명,지수산출기관,복제형태,시장분류,자산분류,과세유형,총보수율,CU수량,상장좌수,현재가_원,전일대비_원,등락률_pct,NAV_원,거래량_주,거래대금_원,거래대금_억원,시가총액_원,시가총액_억원,순자산총액_원,순자산총액_억원
0193M0,KR70193M0005,BNK 27-12 특수채(AAA이상)액티브,BNK BNK 27-12 특수채(AAA이상)액티브증권상장지수투자신탁(채권),BNK BNK 27-12 Public Finance Bond(AAA or higher) Active ETF,비엔케이자산운용,2026-06-16,KAP 27-12 특수채 총수익 지수(AAA이상),한국자산평가(KAP),실물(액티브),국내,채권,배당소득세(보유기간과세),0.07,2000,2114000,50415,-5,-0.01,50405.82,2,100830,0.0,106577310000,1065.77,0,0.0
466810,KR7466810009,BNK 2차전지양극재,BNK BNK 2차전지양극재증권상장지수투자신탁(주식),BNK BNK Secondary Battery Cathode Materials ETF,비엔케이자산운용,2023-10-19,iSelect 2차전지양극재 지수,NH투자증권,실물(패시브),국내,주식,비과세,0.395,50000,1500000,6005,-170,-2.75,5981.83,9501,56826300,0.57,8947500000,89.47,0,0.0
457930,KR7457930006,BNK 미래전략기술액티브,BNK BNK 미래전략기술액티브증권상장지수투자신탁(주식),BNK BNK Future Strategic Technology Active ETF,비엔케이자산운용,2023-06-20,iSelect 미래전략기술 지수 (PR),NH투자증권,실물(액티브),국내,주식,배당소득세(보유기간과세),0.495,50000,300000,27625,-680,-2.4,27633.61,9,247510,0.0,8286000000,82.86,0,0.0
0218K0,KR70218K0008,BNK 스마트카,BNK BNK 스마트카증권상장지수투자신탁(주식),BNK BNK Smart Car ETF,비엔케이자산운용,2026-07-21,FnGuide 스마트카 지수,FnGuide,실물(패시브),국내,주식,비과세,0.45,50000,700000,10625,-5,-0.05,10532.11,5,52865,0.0,7378000000,73.78,0,0.0
487750,KR7487750002,BNK 온디바이스AI,BNK BNK 온디바이스AI증권상장지수투자신탁(주식),BNK BNK On-Device AI ETF,비엔케이자산운용,2024-07-23,FnGuide 온디바이스AI 지수,FnGuide,실물(패시브),국내,주식,비과세,0.395,50000,400000,30700,-880,-2.79,30737.09,1043,31976180,0.32,12298000000,122.98,0,0.0
445690,KR7445690001,BNK 주주가치액티브,BNK BNK 주주가치액티브증권상장지수투자신탁(주식),BNK BNK Shareholder Yield Active ETF,비엔케이자산운용,2022-10-27,FnGuide 주주가치 지수,FnGuide,실물(액티브),국내,주식,배당소득세(보유기간과세),0.495,50000,600000,30750,-295,-0.95,30600.19,2,61500,0.0,18450000000,184.5,0,0.0
0120J0,KR70120J0008,BNK 카카오그룹포커스,BNK BNK 카카오그룹포커스증권상장지수투자신탁(주식),BNK BNK KAKAO Group Focus ETF,비엔케이자산운용,2025-12-02,FnGuide 카카오그룹 포커스 지수,FnGuide,실물(패시브),국내,주식,비과세,0.395,50000,1250000,8095,-25,-0.31,8073.81,6886,55340540,0.55,10056250000,100.56,0,0.0
0112X0,KR70112X0000,마이티 200TR,DB 마이티 200 Total Return증권상장지수투자신탁[주식],DB Mighty 200 Total Return ETF,디비자산운용,2025-10-28,코스피 200 TR,KRX,실물(패시브),국내,주식,배당소득세(보유기간과세),0.05,50000,1000000,41260,-915,-2.17,41187.92,3771,154155005,1.54,41260000000,412.6,0,0.0
465780,KR7465780005,마이티 26-09 특수채(AAA)액티브,DB 마이티 26-09 특수채(AAA)액티브증권상장지수투자신탁[채권],DB Mighty 26-09 Special Bond Active ETF,디비자산운용,2023-09-21,KAP 26-09 특수채 지수(총수익),한국자산평가(KAP),실물(액티브),국내,채권,배당소득세(보유기간과세),0.06,1000,485000,106455,-5,0.0,106456.97,0,0,0.0,51630675000,516.31,0,0.0
0191M0,KR70191M0007,마이티 5월만기자동연장특수채(AAA)액티브,DB 마이티 5월만기자동연장특수채(AAA)액티브증권상장지수투자신탁[채권],DB Mighty May Maturity Rollover Special Bond(AAA) Active ETF,디비자산운용,2026-06-02,KAP 5월 만기자동연장 특수채(AAA) 총수익 지수,한국자산평가(KAP),실물(액티브),국내,채권,배당소득세(보유기간과세),0.06,1000,414000,100800,0,0.0,100807.62,0,0,0.0,41731200000,417.31,0,0.0
0222F0,KR70222F0009,마이티 AI데이터센터밸류체인,DB 마이티 AI데이터센터밸류체인증권상장지수투자신탁[주식],DB Mighty AI Data Center Value Chain ETF,디비자산운용,2026-08-04,KAP AI데이터센터밸류체인지수,한국자산평가(KAP),실물(패시브),국내,주식,비과세,0.365,50000,1150000,13065,-325,-2.43,13015.72,1395,18011975,0.18,14932750000,149.33,0,0.0
442260,KR7442260006,마이티 다이나믹퀀트액티브,DB 마이티 다이나믹퀀트액티브증권상장지수투자신탁[주식],DB Mighty Dynamic Quant Active ETF,디비자산운용,2022-10-25,코스피 200,KRX,실물(액티브),국내,주식,배당소득세(보유기간과세),0.295,40000,1240000,38295,-865,-2.21,38148.81,951,35981365,0.36,47175800000,471.76,0,0.0
0001P0,KR70001P0004,마이티 바이오시밀러&CDMO액티브,DB 마이티 바이오시밀러&CDMO액티브증권상장지수투자신탁[주식],DB Mighty Biosimilar & CDMO Active ETF,디비자산운용,2024-12-24,FnGuide 바이오시밀러&CDMO 지수,FnGuide,실물(액티브),국내,주식,배당소득세(보유기간과세),0.805,40000,1120000,8515,-280,-3.18,8558.95,7924,67693800,0.68,9587200000,95.87,0,0.0
0229F0,KR70229F0002,마이티 신약포커스바이오액티브,DB 마이티 신약포커스바이오액티브증권상장지수투자신탁[주식],DB Mighty Biopharma Focus Active ETF,디비자산운용,2026-09-01,FnGuide 신약포커스바이오 지수,FnGuide,실물(액티브),국내,주식,배당소득세(보유기간과세),0.785,50000,700000,8705,-220,-2.46,8707.56,2313,19938580,0.2,6093500000,60.94,0,0.0
159800,KR7159800002,마이티 코스피100,DB마이티K100증권상장지수투자신탁(주식),DB Mighty K100 ETF,디비자산운용,2012-07-05,코스피 100,KRX,실물(패시브),국내,주식,비과세,0.375,40000,280000,87035,-2025,-2.27,86958.59,67,5777645,0.06,24319400000,243.19,0,0.0
472840,KR7472840008,IBK 200,IBK IBK 200증권상장지수투자신탁[주식],IBK IBK KS200 ETF,아이비케이자산운용,2023-12-21,코스피 200,KRX,실물(패시브),국내,주식,비과세,0.08,25000,375000,108815,-2375,-2.14,109073.04,545,59031140,0.59,40805625000,408.06,0,0.0
0005G0,KR70005G0001,IBK K-AI반도체코어테크,IBK IBK K-AI반도체 코어테크 증권상장지수투자신탁[주식],IBK IBK K-AI Semiconductor Core Technology ETF,아이비케이자산운용,2025-01-21,FnGuide K-AI반도체 코어테크 지수,FnGuide,실물(패시브),국내,주식,비과세,0.28,50000,3450000,51935,-1745,-3.25,51677.56,21043,1077741525,10.78,177364500000,1773.64,0,0.0
0178H0,KR70178H0001,IBK 미국AI TOP10국채혼합50,IBK IBK 미국AI TOP10국채혼합50 증권상장지수투자신탁[채권혼합],IBK IBK US AI TOP10 Government Bond Balanced50 ETF,아이비케이자산운용,2026-04-28,FnGuide 미국AI TOP10국채혼합 지수,FnGuide,실물(패시브),국내&해외,혼합자산,배당소득세(보유기간과세),0.25,50000,4700000,9840,-5,-0.05,9826.36,1097,10724020,0.11,46248000000,462.48,0,0.0
0135Y0,KR70135Y0002,IBK 중기종합채권(AA-이상)액티브,IBK IBK 중기종합채권(AA-이상)액티브증권상장지수투자신탁[채권],IBK IBK Mid-Term Bond(AA- above)Active ETF,아이비케이자산운용,2025-12-16,"KIS 중기종합채권 (1~5Y, AA-이상, 총수익)",KIS자산평가,실물(액티브),국내,채권,배당소득세(보유기간과세),0.041,1000,1107000,100215,-170,-0.17,100211.33,98,9821010,0.1,110938005000,1109.38,0,0.0
0221V0,KR70221V0000,IBK 초단기채권액티브,IBK IBK 초단기채권액티브 증권상장지수투자신탁[채권],IBK IBK Ultra Short-Term Bond Active ETF,아이비케이자산운용,2026-07-21,KIS 단기자금 총수익지수,KIS자산평가,실물(액티브),국내,채권,배당소득세(보유기간과세),0.05,1000,1069000,100550,5,0.0,100559.85,57,5731080,0.06,107487950000,1074.88,0,0.0
0191S0,KR70191S0001,IBK 코스닥150,IBK IBK 코스닥150증권상장지수투자신탁[주식],IBK IBK KOSDAQ150 ETF,아이비케이자산운용,2026-05-19,코스닥 150,KRX,실물(패시브),국내,주식,비과세,0.105,20000,740000,14015,-420,-2.91,14023.21,2717,38066970,0.38,10345200000,103.45,0,0.0
0208N0,KR70208N0007,IBK 코스피액티브,IBK IBK 코스피액티브증권상장지수투자신탁[주식],IBK IBK KOSPI ACTIVE ETF,아이비케이자산운용,2026-06-23,코스피,KRX,실물(액티브),국내,주식,배당소득세(보유기간과세),0.415,50000,1650000,7610,-90,-1.17,7625.17,2358,17779070,0.18,12556500000,125.56,0,0.0
361580,KR7361580004,RISE 200TR,KB RISE 200 Total Return증권상장지수투자신탁(주식),KB RISE 200 Total Return ETF,케이비자산운용,2020-08-21,코스피 200 TR,KRX,실물(패시브),국내,주식,배당소득세(보유기간과세),0.012,50000,8050000,62245,-1505,-2.36,62309.39,42332,2625320005,26.25,501152750000,5011.53,0,0.0
290080,KR7290080001,RISE 200고배당커버드콜ATM,KB RISE 200고배당커버드콜ATM증권상장지수투자신탁(주식-파생형),KB RISE 200 High Dividend Covered Call ATM ETF,케이비자산운용,2018-02-27,코스피 200 고배당커버드콜 ATM 지수(시장가격지수),KRX,실물(패시브),국내,주식,배당소득세(보유기간과세),0.4,50000,1700000,7445,100,1.36,7485.75,16927,125139422,1.25,12401500000,124.02,0,0.0
284980,KR7284980000,RISE 200금융,KB RISE 200금융증권상장지수투자신탁(주식),KB RISE 200 Financials ETF,케이비자산운용,2017-12-08,코스피 200 금융,KRX,실물(패시브),국내,주식,비과세,0.19,20000,860000,23200,345,1.51,23243.93,4667,107851475,1.08,19939100000,199.39,0,0.0
252400,KR7252400007,RISE 200선물레버리지,KB RISE 200선물레버리지증권상장지수투자신탁(주식-파생형),KB RISE 200 Futures Leverage ETF,케이비자산운용,2016-09-12,코스피 200 선물지수,KRX,실물(패시브),국내,주식,배당소득세(보유기간과세),0.022,100000,600000,101970,-4400,-4.14,102247.72,2373,237853805,2.38,61209000000,612.09,0,0.0
252420,KR7252420005,RISE 200선물인버스2X,KB RISE 200선물인버스2X증권상장지수투자신탁(주식-파생형),KB RISE 200 Futures Inverse 2X ETF,케이비자산운용,2016-09-22,코스피 200 선물지수,KRX,실물(패시브),국내,주식,배당소득세(보유기간과세),0.022,100000,50100000,78,4,5.41,77.37,1709292,133878737,1.34,3907800000,39.08,0,0.0
252410,KR7252410006,RISE 200선물인버스,KB RISE 200선물인버스증권상장지수투자신탁(주식-파생형),KB RISE 200 Futures Inverse ETF,케이비자산운용,2016-09-12,코스피 200 선물지수,KRX,실물(패시브),국내,주식,배당소득세(보유기간과세),0.022,100000,2000000,1293,16,1.25,1298.68,31363,40938074,0.41,2586000000,25.86,0,0.0
475720,KR7475720009,RISE 200위클리커버드콜,KB RISE 200위클리커버드콜 증권상장지수투자신탁(주식-파생형),KB RISE 200 Weekly Covered Call ETF,케이비자산운용,2024-03-05,코스피 200 위클리 커버드콜 ATM 지수,KRX,실물(패시브),국내,주식,배당소득세(보유기간과세),0.3,50000,66500000,12705,-145,-1.13,12726.64,552962,6975291156,69.75,844550000000,8445.5,0,0.0
148020,KR7148020001,RISE 200,KB RISE 200증권상장지수투자신탁(주식),KB RISE 200 Securities ETF(Equity),케이비자산운용,2011-10-20,코스피 200,KRX,실물(패시브),국내,주식,비과세,0.017,50000,40350000,110335,-2355,-2.09,110450.39,884406,96849306427,968.49,4452219000000,44522.19,0,0.0
183700,KR7183700004,RISE 200채권혼합50,KB RISE 200채권혼합50증권상장지수투자신탁(채권혼합),KB RISE 200 Fixed Income Balanced 50 ETF,케이비자산운용,2013-10-17,코스피 200 KTB 혼합지수,KRX,실물(패시브),국내,혼합자산,배당소득세(보유기간과세),0.2,60000,420000,96310,-1355,-1.39,96291.38,1949,187709830,1.88,40450200000,404.5,0,0.0
0122W0,KR70122W0009,RISE 26-11 회사채(AA-이상)액티브,KB RISE 26-11 회사채(AA-이상)액티브증권상장지수투자신탁(채권),KB RISE Nov2026 Term Credit ETF,케이비자산운용,2025-11-18,KAP 26-11 회사채(AA-이상) 총수익지수,한국자산평가(KAP),실물(액티브),국내,채권,배당소득세(보유기간과세),0.05,2000,2234000,51035,10,0.02,51035.21,223,11379895,0.11,114012190000,1140.12,0,0.0
465330,KR7465330009,RISE 2차전지TOP10,KB RISE 2차전지TOP10 iSelect증권상장지수투자신탁(주식),KB RISE Secondary Cell TOP10 ETF,케이비자산운용,2023-09-12,iSelect 2차전지 TOP10 지수(PR),NH투자증권,실물(패시브),국내,주식,비과세,0.07,25000,6100000,11640,-415,-3.44,11573.2,196856,2289852858,22.9,70668500000,706.68,0,0.0
465350,KR7465350007,RISE 2차전지TOP10인버스(합성),KB RISE 2차전지TOP10인버스iSelect증권상장지수투자신탁(주식-파생형)(합성),KB RISE Secondary Cell TOP10 Inverse ETF(SYNTH),케이비자산운용,2023-09-12,iSelect 2차전지 TOP10 지수(PR),NH투자증권,합성(패시브),국내,주식,배당소득세(보유기간과세),0.49,25000,2000000,15760,400,2.6,15980.9,68485,1076529191,10.77,31540000000,315.4,0,0.0
422420,KR7422420000,RISE 2차전지액티브,KB RISE 2차전지액티브증권상장지수투자신탁(주식),KB RISE Secondary Cell Active ETF,케이비자산운용,2022-04-08,iSelect 2차전지 지수 (시장가격지수),NH투자증권,실물(액티브),국내,주식,배당소득세(보유기간과세),0.35,20000,32540000,6870,-170,-2.41,6836.88,156310,1069388185,10.69,222573600000,2225.74,0,0.0
105780,KR7105780001,RISE 5대그룹주,KB RISE 5대그룹주증권상장지수투자신탁(주식),KB RISE Top5 Group ETF,케이비자산운용,2008-10-22,MKF 5대그룹주,FnGuide,실물(패시브),국내,주식,비과세,0.4,200000,2000000,16770,-305,-1.79,16800.95,2568,42813695,0.43,33540000000,335.4,0,0.0
469070,KR7469070007,RISE AI&로봇,KB RISE AI&로봇증권상장지수투자신탁(주식),KB RISE AI&Robotics ETF,케이비자산운용,2023-10-24,iSelect AI&로봇 지수(시장가격),NH투자증권,실물(패시브),국내,주식,비과세,0.4,50000,33550000,11125,-130,-1.16,11128.61,262122,2902439322,29.02,373243750000,3732.44,0,0.0
0093A0,KR70093A0000,RISE AI반도체TOP10,KB RISE AI반도체TOP10증권상장지수투자신탁(주식),KB RISE AI Semiconductor TOP 10 ETF,케이비자산운용,2025-08-26,FnGuide AI반도체TOP10 지수,FnGuide,실물(패시브),국내,주식,비과세,0.2,50000,5450000,33450,-1705,-4.85,33471.19,222035,7440555923,74.41,182193500000,1821.93,0,0.0
0101N0,KR70101N0005,RISE AI전력인프라,KB RISE AI전력인프라증권상장지수투자신탁(주식),KB RISE AI Electricity Infrastructure ETF,케이비자산운용,2025-09-23,KRX-Akros AI 전력인프라 지수,KRX,실물(패시브),국내,주식,비과세,0.2,50000,31400000,20385,-125,-0.61,20397.96,235458,4736040732,47.36,639461000000,6394.61,0,0.0
427120,KR7427120001,RISE AI플랫폼,KB RISE AI플랫폼증권상장지수투자신탁(주식),KB RISE AI Platform ETF,케이비자산운용,2022-05-17,FnGuide AI 플랫폼 지수,FnGuide,실물(패시브),국내,주식,비과세,0.45,20000,680000,5080,-30,-0.59,5095.31,36,183601,0.0,3454400000,34.54,0,0.0
477080,KR7477080006,RISE CD금리액티브(합성),KB RISE CD금리액티브특별자산상장지수투자신탁(금리-파생형)(합성),KB RISE CD Rate Active(SYNTH) ETF,케이비자산운용,2024-03-26,FnGuide CD금리투자 지수(총수익),FnGuide,합성(액티브),국내,기타,배당소득세(보유기간과세),0.02,1000,15514000,107565,5,0.0,107570.97,14028,1508843196,15.09,1668763410000,16687.63,0,0.0
290130,KR7290130004,RISE ESG사회책임투자,KB RISE ESG사회책임투자증권상장지수투자신탁(주식),KB RISE ESG SRI ETF,케이비자산운용,2018-02-27,KRX ESG 사회책임경영지수(S),KRX,실물(패시브),국내,주식,비과세,0.3,50000,14100000,47965,-1030,-2.1,47950.05,70509,3351707960,33.52,676306500000,6763.06,0,0.0
367770,KR7367770005,RISE 수소경제테마,KB RISE Fn수소경제테마증권상장지수투자신탁(주식),KB RISE Fn Hydrogen Economy ETF,케이비자산운용,2020-10-29,FnGuide 수소 경제 테마 지수,FnGuide,실물(패시브),국내,주식,비과세,0.45,50000,5200000,23000,-115,-0.5,22944.88,44328,1002983740,10.03,119340000000,1193.4,0,0.0
326240,KR7326240009,RISE IT플러스,KB RISE IT플러스증권상장지수투자신탁(주식),KB RISE IT Plus ETF,케이비자산운용,2019-06-20,FnGuide IT플러스 지수,FnGuide,실물(패시브),국내,주식,비과세,0.4,20000,2540000,43345,-1375,-3.07,43428.85,4076,176299210,1.76,110096300000,1100.96,0,0.0
385560,KR7385560008,RISE KIS국고채30년Enhanced,KB RISE KIS국고채30년Enhanced증권상장지수투자신탁(채권),KB RISE 30-Years Treasury Bond Enhanced ETF,케이비자산운용,2021-05-26,KIS 국고채30년Enhanced지수(시장가격),KIS자산평가,실물(패시브),국내,채권,배당소득세(보유기간과세),0.05,1000,9779000,49235,-555,-1.11,49196.29,29299,1434471212,14.34,480833430000,4808.33,0,0.0
479520,KR7479520009,RISE KOFR금리액티브(합성),KB RISE KOFR금리액티브증권상장지수투자신탁(채권혼합-파생형)(합성),KB RISE KOFR Active(SYNTH) ETF,케이비자산운용,2024-04-30,KOFR 지수,한국예탁결제원,합성(액티브),국내,기타,배당소득세(보유기간과세),0.02,1000,9707000,106470,15,0.01,106468.84,1722,183338459,1.83,1033504290000,10335.04,0,0.0
270800,KR7270800006,RISE KQ고배당,KB RISE KQ고배당증권상장지수투자신탁(주식),KB RISE KQ High Dividend ETF,케이비자산운용,2017-07-07,FnGuide KQ고배당포커스 지수,FnGuide,실물(패시브),국내,주식,비과세,0.3,50000,550000,15440,180,1.18,15431.94,1121,17258885,0.17,8492000000,84.92,0,0.0
292050,KR7292050002,RISE KRX300,KB RISE KRX300증권상장지수투자신탁(주식),KB RISE KRX300 ETF,케이비자산운용,2018-03-26,KRX 300,KRX,실물(패시브),국내,주식,비과세,0.05,50000,350000,49590,-1285,-2.53,49731.16,540,26544990,0.27,17356500000,173.56,0,0.0
388280,KR7388280000,RISE K엔터&여행레저,KB RISE K엔터&여행레저증권상장지수투자신탁(주식),KB RISE K-Entertainment & Travel Leisure ETF,케이비자산운용,2021-06-10,FnGuide K엔터&여행레저 지수,FnGuide,실물(패시브),국내,주식,비과세,0.45,20000,3260000,7185,-45,-0.62,7148.88,2205,15596895,0.16,23243800000,232.44,0,0.0
0192L0,KR70192L0007,RISE SK하이닉스단일종목레버리지,KB RISE SK하이닉스단일종목레버리지증권상장지수투자신탁(주식-파생형),KB RISE SK hynix Single Stock Leverage,케이비자산운용,2026-05-27,KRX SK하이닉스 지수,KRX,실물(패시브),국내,주식,배당소득세(보유기간과세),0.09,25000,4450000,9830,-530,-5.12,9926.48,41544,397426965,3.97,43765750000,437.66,0,0.0
0013R0,KR70013R0008,RISE 테슬라미국채타겟커버드콜혼합(합성),KB RISE TSLA-UST타겟커버드콜증권상장지수투자신탁(채권혼합-파생재간접형)(합성),KB RISE Tesla UST30Y 15% Target Cvd Call Balanced ETF(SYNTH),케이비자산운용,2025-02-18,KEDI 테슬라미국30년국채15%타겟프리미엄 혼합지수(TR),한국경제신문,합성(패시브),해외,혼합자산,배당소득세(보유기간과세),0.25,50000,3600000,7570,-40,-0.53,7560.61,7766,58682639,0.59,27234000000,272.34,0,0.0
234310,KR7234310001,RISE V&S셀렉트밸류,KB RISE V&S셀렉트밸류증권상장지수투자신탁(주식),KB RISE V&S Select Value ETF,케이비자산운용,2016-02-02,FnGuide 셀렉트 밸류 지수,FnGuide,실물(패시브),국내,주식,비과세,0.3,100000,500000,28255,-570,-1.98,28336.82,102,2857975,0.03,14127500000,141.28,0,0.0
241390,KR7241390004,RISE V&S셀렉트밸류채권혼합,KB RISE V&S셀렉트밸류채권혼합증권상장지수투자신탁(채권혼합),KB RISE V&S Select Value Fixed Income Balanced,케이비자산운용,2016-04-12,FnGuide 셀렉트벨류 채권혼합지수,FnGuide,실물(패시브),국내,혼합자산,배당소득세(보유기간과세),0.23,200000,2200000,15715,-95,-0.6,15708.46,1722,27186810,0.27,34573000000,345.73,0,0.0
401170,KR7401170006,RISE 메타버스,KB RISE iSelect메타버스증권상장지수투자신탁(주식),KB RISE iSelect METAVERSE ETF,케이비자산운용,2021-10-13,iSelect 메타버스 지수(시장가격지수),NH투자증권,실물(패시브),국내,주식,비과세,0.45,20000,3920000,10720,20,0.19,10687.31,7897,83928175,0.84,41767600000,417.68,0,0.0
300640,KR7300640000,RISE 게임테마,KB RISE 게임테마증권상장지수투자신탁(주식),KB RISE Game Industry ETF,케이비자산운용,2018-07-24,WISE 게임 테마 지수 (시장가격지수),WiseFn,실물(패시브),국내,주식,비과세,0.3,50000,3250000,6410,-15,-0.23,6431.14,6351,40781990,0.41,20832500000,208.32,0,0.0
266160,KR7266160001,RISE 고배당,KB RISE 고배당증권상장지수투자신탁(주식),KB RISE High Dividend ETF,케이비자산운용,2017-04-14,FnGuide 고배당포커스 지수,FnGuide,실물(패시브),국내,주식,비과세,0.2,50000,6350000,33570,-315,-0.93,33476.52,13622,451700210,4.52,212534500000,2125.34,0,0.0
481430,KR7481430007,RISE 국고채10년액티브,KB RISE 국고채10년액티브증권상장지수투자신탁(채권),KB RISE 10-Years Treasury Bond Active ETF,케이비자산운용,2024-05-21,KAP 국고채 10년 지수(총수익),한국자산평가(KAP),실물(액티브),국내,채권,배당소득세(보유기간과세),0.012,1000,826000,96800,-650,-0.67,96803.04,134,12957940,0.13,79956800000,799.57,0,0.0
282000,KR7282000009,RISE 국고채3년선물인버스,KB RISE 국고채3년선물인버스증권상장지수투자신탁(채권-파생형),KB RISE KTB 3Y Futurues Inverse ETF,케이비자산운용,2017-11-09,국채선물지수,KRX,실물(패시브),국내,채권,배당소득세(보유기간과세),0.07,1000,102000,115275,220,0.19,115280.21,5,576430,0.01,11756010000,117.56,0,0.0
114100,KR7114100001,RISE 국고채3년,KB RISE 국고채3년증권상장지수투자신탁(채권),KB RISE KTB ETF(Bond),케이비자산운용,2009-07-29,KTB INDEX(시장가격),KRX,실물(패시브),국내,채권,배당소득세(보유기간과세),0.115,1000,940000,105720,-240,-0.23,105753.5,5529,584183695,5.84,99372100000,993.72,0,0.0
451670,KR7451670004,RISE 국채30년레버리지(합성),KB RISE 국채30년레버리지KAP증권상장지수투자신탁(채권-파생형)(합성),KB RISE KTB 30Y Leverage (SYNTH) ETF,케이비자산운용,2023-02-14,KAP 국채30년 TR 지수(총수익),한국자산평가(KAP),합성(패시브),국내,채권,배당소득세(보유기간과세),0.1,25000,500000,11520,-265,-2.25,11494.12,651,7452890,0.07,5760000000,57.6,0,0.0
295020,KR7295020002,RISE 국채선물10년인버스,KB RISE 국채선물10년인버스증권상장지수투자신탁(채권-파생형),KB RISE KTB 10Y Futures Inverse ETF,케이비자산운용,2018-05-11,10년국채선물지수,KRX,실물(패시브),국내,채권,배당소득세(보유기간과세),0.07,2000,396000,61555,405,0.66,61552.87,27,1664895,0.02,24369840000,243.7,0,0.0
295000,KR7295000004,RISE 국채선물10년,KB RISE 국채선물10년증권상장지수투자신탁(채권-파생형),KB RISE KTB 10Y Futures ETF,케이비자산운용,2018-05-11,10년국채선물지수,KRX,실물(패시브),국내,채권,배당소득세(보유기간과세),0.07,2000,100000,50615,-375,-0.74,50652.4,5,252900,0.0,5063000000,50.63,0,0.0
432600,KR7432600005,RISE 국채선물3년,KB RISE 국채선물3년증권상장지수투자신탁(채권-파생형),KB RISE KTB 3Y Futures ETF,케이비자산운용,2022-06-14,국채선물지수,KRX,실물(패시브),국내,채권,배당소득세(보유기간과세),0.07,2000,100000,55110,-150,-0.27,55125.3,22,1212210,0.01,5511000000,55.11,0,0.0
0233N0,KR70233N0006,RISE 글로벌AI낸드메모리반도체,KB RISE 글로벌AI낸드메모리반도체증권상장지수투자신탁(주식),KB RISE Global AI NAND Memory Semiconductor ETF,케이비자산운용,2026-09-01,iSelect 글로벌AI낸드메모리반도체지수,NH투자증권,실물(패시브),국내&해외,주식,배당소득세(보유기간과세),0.45,50000,1350000,10585,-355,-3.24,10557.98,78492,827283713,8.27,14289750000,142.9,0,0.0
0114X0,KR70114X0008,RISE 글로벌게임테크TOP3Plus,KB RISE 글로벌게임테크TOP3Plus증권상장지수투자신탁(주식),KB RISE Global Game Tech TOP3 Plus ETF,케이비자산운용,2025-10-21,Solactive-KEDI 글로벌 게임 테크 TOP3 플러스 지수,Solactive,실물(패시브),해외,주식,배당소득세(보유기간과세),0.4,50000,650000,8420,-35,-0.41,8457.29,318,2685595,0.03,5460000000,54.6,0,0.0
437370,KR7437370000,RISE 글로벌농업경제,KB RISE 글로벌농업경제MV증권상장지수투자신탁(주식),KB RISE Global Agribusiness MV ETF,케이비자산운용,2022-07-29,MVIS Global Agribusiness Index(Price Return),MVIS,실물(패시브),해외,주식,배당소득세(보유기간과세),0.4,50000,700000,10720,-50,-0.46,10640.43,3987,42585040,0.43,7504000000,75.04,0,0.0
375270,KR7375270006,RISE 글로벌데이터센터리츠(합성),KB RISE 글로벌데이터센터리츠부동산상장지수투자신탁(파생형)(합성),KB RISE Global Data Center REITs ETF(SYNTH),케이비자산운용,2021-01-14,Kelly Data Center & Tech Infrastructure Net Total Return Index,SYNTAX,합성(패시브),해외,부동산,배당소득세(분리과세부동산ETF),0.4,50000,650000,13135,-255,-1.9,13140.67,516,6791685,0.07,8554000000,85.54,0,0.0
475380,KR7475380002,RISE 글로벌리얼티인컴,KB RISE 글로벌리얼티인컴 부동산상장지수투자신탁(재간접형),KB RISE Global Realty Income ETF,케이비자산운용,2024-02-20,Solactive Global Realty Income Index(Price Return),Solactive,실물(패시브),해외,부동산,배당소득세(분리과세부동산ETF),0.01,50000,2650000,9895,-70,-0.7,9891.9,4898,48616221,0.49,26208500000,262.08,0,0.0
476310,KR7476310008,RISE 글로벌비만산업TOP2+,KB RISE 글로벌비만산업TOP2+증권상장지수투자신탁(주식),KB RISE Global Obesity Care Industry TOP2+ ETF,케이비자산운용,2024-02-27,KEDI 글로벌 비만 산업 Top2+ 지수(Price Return),한국경제신문,실물(패시브),해외,주식,배당소득세(보유기간과세),0.35,50000,550000,9190,-25,-0.27,9259.79,451,4121775,0.04,5054500000,50.55,0,0.0
417450,KR7417450004,RISE 글로벌수소경제,KB RISE 글로벌수소경제Indxx증권상장지수투자신탁(주식),KB RISE Global Hydrogen Economy Indxx ETF,케이비자산운용,2022-02-15,Indxx Hydrogen Economy Index (PR),Indxx,실물(패시브),해외,주식,배당소득세(보유기간과세),0.4,50000,850000,15690,-635,-3.89,15710.81,477,7524435,0.08,13349250000,133.49,0,0.0
442320,KR7442320008,RISE 글로벌원자력,KB RISE 글로벌원자력iSelect증권상장지수투자신탁(주식),KB RISE Global Nuclear Power ETF,케이비자산운용,2022-10-13,iSelect 글로벌원자력 지수(시장가격),NH투자증권,실물(패시브),해외,주식,배당소득세(보유기간과세),0.4,10000,6270000,36070,-920,-2.49,36102.85,7339,264772166,2.65,226221600000,2262.22,0,0.0
461490,KR7461490005,RISE 글로벌자산배분액티브,KB RISE 글로벌자산배분액티브 증권상장지수투자신탁(혼합-재간접형),KB RISE Global Multi-Asset Allocation Active ETF,케이비자산운용,2023-06-27,Bloomberg Multi-Asset Weighted (KRW ETFs) 지수(시장가격),Bloomberg,실물(액티브),해외,혼합자산,배당소득세(보유기간과세),0.01,50000,19300000,14420,-50,-0.35,14429.21,35017,504077450,5.04,278209500000,2782.09,0,0.0
459750,KR7459750006,RISE 글로벌주식분산액티브,KB RISE 글로벌주식분산액티브증권상장지수투자신탁(주식-재간접형),KB RISE Global Equity Allocation Active ETF,케이비자산운용,2023-06-27,Bloomberg Global Equity Market Weighted Index(Price Return),Bloomberg,실물(액티브),해외,주식,배당소득세(보유기간과세),0.2,50000,1750000,17265,-45,-0.26,17290.96,11959,206022750,2.06,30213750000,302.14,0,0.0
399580,KR7399580000,RISE 글로벌클린에너지,KB RISE 글로벌클린에너지S&P증권상장지수투자신탁(주식),KB RISE Global Clean Energy S&P ETF,케이비자산운용,2021-10-21,S&P Global Clean Energy Transition Index (Price Return),S&P,실물(패시브),해외,주식,배당소득세(보유기간과세),0.4,100000,1000000,9230,-20,-0.22,9302.57,4176,39129325,0.39,9230000000,92.3,0,0.0
276650,KR7276650009,RISE 글로벌테크놀로지(합성 H),KB RISE 글로벌테크놀로지증권상장지수투자신탁(주식-파생형)(합성 H),KB RISE Global Technology ETF(SYNTH H),케이비자산운용,2017-08-17,S&P Global 1200 Information Technology and Interactive Media & Services(PR),S&P,합성(패시브),국내&해외,주식,배당소득세(보유기간과세),0.4,50000,750000,46075,-505,-1.08,45995.33,24,1105800,0.01,34556250000,345.56,0,0.0
336160,KR7336160007,RISE 금융채액티브,KB RISE 금융채액티브증권상장지수투자신탁(채권),KB RISE Financials Bond Active ETF,케이비자산운용,2019-10-29,KIS 종합채권금융채 2.5Y-3Y 지수 (총수익),KIS자산평가,실물(액티브),국내,채권,배당소득세(보유기간과세),0.07,1000,469000,99930,-215,-0.21,99953.36,28,2797885,0.03,46867170000,468.67,0,0.0
326230,KR7326230000,RISE 내수주플러스,KB RISE 내수주플러스증권상장지수투자신탁(주식),KB RISE Domestic Consumption Plus ETF,케이비자산운용,2019-06-20,FnGuide 내수주플러스 지수,FnGuide,실물(패시브),국내,주식,비과세,0.4,20000,640000,11030,-65,-0.59,11052.05,4468,49208205,0.49,7056000000,70.56,0,0.0
367760,KR7367760006,RISE 네트워크인프라,KB RISE 네트워크인프라증권상장지수투자신탁(주식),KB RISE Network Infrastructure ETF,케이비자산운용,2020-10-29,FnGuide 네트워크 인프라 지수,FnGuide,실물(패시브),국내,주식,비과세,0.45,50000,11550000,58070,-1595,-2.67,58153.78,101622,5877859857,58.78,670708500000,6707.09,0,0.0
272560,KR7272560004,RISE 단기국공채액티브,KB RISE 단기국공채액티브증권상장지수투자신탁(채권),KB RISE Short-term KTB Active ETF,케이비자산운용,2017-06-29,KIS 종합채권국공채3M~1.5Y지수,KIS자산평가,실물(액티브),국내,채권,배당소득세(보유기간과세),0.07,1000,1370000,114920,-20,-0.02,114915.58,28130,3233086480,32.33,157426700000,1574.27,0,0.0
385550,KR7385550009,RISE 단기채권알파액티브,KB RISE 단기채권알파액티브증권상장지수투자신탁(채권),KB RISE Active Korea Short Term Bond Market(AA-) ETF,케이비자산운용,2021-05-26,KIS 단기채권알파지수(AA-이상)(총수익지수),KIS자산평가,실물(액티브),국내,채권,배당소득세(보유기간과세),0.05,1000,3285000,114245,15,0.01,114237.73,2726,311421530,3.11,375278400000,3752.78,0,0.0
196230,KR7196230007,RISE 단기통안채,KB RISE 단기통안채증권상장지수투자신탁(채권),KB RISE Short-Term MSB ETF,케이비자산운용,2014-05-19,KIS 통안채 5개월 지수(총수익),KIS자산평가,실물(패시브),국내,채권,배당소득세(보유기간과세),0.13,1000,2268000,116980,0,0.0,117030.68,730,85397273,0.85,265310640000,2653.11,0,0.0
0061Z0,KR70061Z0009,RISE 단기특수은행채액티브,KB RISE 단기특수은행채액티브증권상장지수투자신탁(채권),KB RISE Short Term Specialized Bank Bond Active ETF,케이비자산운용,2025-06-24,KAP 단기 특수은행채 지수(시장가격),한국자산평가(KAP),실물(액티브),국내,채권,배당소득세(보유기간과세),0.01,2000,14164000,51040,5,0.01,51040.21,1046,53382700,0.53,722930560000,7229.31,0,0.0
315960,KR7315960005,RISE 대형고배당10TR,KB RISE 대형고배당10Total Return증권상장지수투자신탁(주식),KB RISE Large Cap High Dividend10TR ETF,케이비자산운용,2019-01-22,WISE 대형고배당10 TR 지수,WiseFn,실물(패시브),국내,주식,배당소득세(보유기간과세),0.07,50000,6600000,79260,-910,-1.14,79075.75,54417,4263051272,42.63,520905000000,5209.05,0,0.0
0138D0,KR70138D0004,RISE 동학개미,KB RISE 동학개미증권상장지수투자신탁(주식),KB RISE Investor's Choice KR ETF,케이비자산운용,2025-12-16,FnGuide 동학개미 지수,FnGuide,실물(패시브),국내,주식,비과세,0.07,50000,550000,12615,-320,-2.47,12701.75,133,1678425,0.02,6987750000,69.88,0,0.0
455890,KR7455890004,RISE 머니마켓액티브,KB RISE 머니마켓액티브증권상장지수투자신탁(채권),KB RISE Money Market Active ETF,케이비자산운용,2023-05-09,KIS 시가평가 MMF 지수 (총수익지수),KIS자산평가,실물(액티브),국내,채권,배당소득세(보유기간과세),0.05,2000,56862000,55520,-5,-0.01,55529.36,184259,10230478094,102.3,3156978240000,31569.78,0,0.0
481340,KR7481340008,RISE 미국30년국채액티브,KB RISE 미국30년국채액티브증권상장지수투자신탁(채권),KB RISE US Treasury Bond 30Y Active ETF,케이비자산운용,2024-05-28,Bloomberg U.S Treasury 20+ Year Total Return Index,Bloomberg,실물(액티브),해외,채권,배당소득세(보유기간과세),0.05,50000,2850000,8220,-70,-0.84,8203.03,54989,451070239,4.51,23412750000,234.13,0,0.0
472870,KR7472870005,RISE 미국30년국채엔화노출(합성 H),KB RISE 미국30년국채엔화노출증권상장지수투자신탁(채권-파생형)(합성 H),KB RISE 30Y US Treasury Bond(JPY) ETF(SYNTH H),케이비자산운용,2023-12-27,KIS 미국채30년 엔화노출 지수(USD/JPY 헤지)(총수익지수),KIS자산평가,합성(패시브),해외,채권,배당소득세(보유기간과세),0.15,50000,24250000,6810,-65,-0.95,6835.22,103818,704635393,7.05,165142500000,1651.42,0,0.0
472830,KR7472830009,RISE 미국30년국채커버드콜(합성),KB RISE 미국30년국채커버드콜증권상장지수투자신탁(채권-파생형)(합성),KB RISE US Treasury Bond 30Y Covered Call ETF,케이비자산운용,2023-12-14,Bloomberg U.S. Treasury 20+ Year (TLT) 2% OTM Covered Call Index(TR),Bloomberg,합성(패시브),해외,채권,배당소득세(보유기간과세),0.25,50000,5550000,7565,-45,-0.59,7553.6,14132,106833570,1.07,41958000000,419.58,0,0.0
485690,KR7485690002,RISE 미국AI밸류체인TOP3Plus,KB RISE 미국AI밸류체인TOP3Plus증권상장지수투자신탁(주식),KB RISE U.S. AI Value Chain TOP3 Plus ETF,케이비자산운용,2024-07-23,KEDI 미국 AI 밸류체인 TOP3 Plus 지수(Price Return),한국경제신문,실물(패시브),해외,주식,배당소득세(보유기간과세),0.01,50000,3800000,21135,-240,-1.12,21038.8,5753,121379404,1.21,80332000000,803.32,0,0.0
490590,KR7490590007,RISE 미국AI밸류체인데일리고정커버드콜,KB RISE 미국AI밸류체인데일리고정커버드콜증권상장지수투자신탁(주식-파생형),KB RISE US AI Value Chain Daily Fixed Covered Call ETF,케이비자산운용,2024-10-02,KEDI 미국 AI밸류체인 90%참여+데일리옵션 프리미엄 지수(TR),한국경제신문,실물(패시브),해외,주식,배당소득세(보유기간과세),0.25,50000,55900000,13580,-130,-0.95,13502.4,507387,6859939762,68.6,759122000000,7591.22,0,0.0
0176E0,KR70176E0006,RISE 미국AI전력인프라액티브,KB RISE 미국AI전력인프라액티브증권상장지수투자신탁(주식),KB RISE US AI Electricity Infrastructure Active ETF,케이비자산운용,2026-04-07,Solactive US AI Electricity Infrastructure Index PR,Solactive,실물(액티브),해외,주식,배당소득세(보유기간과세),0.45,50000,10500000,9360,-175,-1.84,9305.51,14436,134183710,1.34,98227500000,982.27,0,0.0
0127R0,KR70127R0001,RISE 미국AI클라우드인프라,KB RISE 미국AI클라우드인프라증권상장지수투자신탁(주식),KB RISE US AI Cloud Infrastructure ETF,케이비자산운용,2025-11-25,Akros 미국 AI 클라우드 인프라 지수(Price Return),Akros,실물(패시브),해외,주식,배당소득세(보유기간과세),0.4,50000,1350000,16180,-420,-2.53,16013.77,5171,83248862,0.83,21836250000,218.36,0,0.0
495940,KR7495940009,RISE 미국AI테크액티브,KB RISE 미국AI테크액티브증권상장지수투자신탁(주식),KB RISE US AI Tech Active ETF,케이비자산운용,2024-11-26,Solactive US AI Tech Active Index PR,Solactive,실물(액티브),해외,주식,배당소득세(보유기간과세),0.5,50000,3150000,18575,-200,-1.07,18487.07,3933,72663910,0.73,58511250000,585.11,0,0.0
0138T0,KR70138T0006,RISE 미국S&P500데일리고정커버드콜,KB RISE 미국S&P500데일리고정커버드콜증권상장지수투자신탁(주식),KB RISE US S&P500 10% Daily Fixed Covered Call ETF,케이비자산운용,2025-12-23,S&P500 10% Daily Fixed Covered Call Index,S&P,실물(패시브),해외,주식,배당소득세(보유기간과세),0.25,50000,3400000,9210,20,0.22,9169.89,38309,350830558,3.51,31297000000,312.97,0,0.0
0005C0,KR70005C0005,RISE 미국S&P500엔화노출(합성 H),KB RISE 미국S&P500엔화노출증권상장지수투자신탁(주식-파생형)(합성 H),KB RISE US S&P500 Yen Hedged ETF(SYNTH H),케이비자산운용,2025-01-14,S&P500 Yen Hedged Index(PR),S&P,합성(패시브),해외,주식,배당소득세(보유기간과세),0.1,50000,650000,11200,-100,-0.88,11156.41,601,6725910,0.07,7280000000,72.8,0,0.0
379780,KR7379780000,RISE 미국S&P500,KB RISE 미국S&P500증권상장지수투자신탁(주식),KB RISE S&P500 ETF,케이비자산운용,2021-04-09,S&P 500,S&P,실물(패시브),해외,주식,배당소득세(보유기간과세),0.004,100000,65300000,22250,10,0.04,22155.04,283151,6289300018,62.89,1452598500000,14525.99,0,0.0
453330,KR7453330003,RISE 미국S&P500(H),KB RISE 미국S&P500증권상장지수투자신탁(주식)(H),KB RISE S&P500 ETF(H),케이비자산운용,2023-03-21,S&P 500,S&P,실물(패시브),해외,주식,배당소득세(보유기간과세),0.004,100000,4600000,18035,-80,-0.44,17956.13,13503,242971332,2.43,82892000000,828.92,0,0.0
460660,KR7460660004,RISE 미국S&P배당킹,KB RISE 미국S&P배당킹증권상장지수투자신탁(주식),KB RISE US Dividend Kings ETF,케이비자산운용,2023-06-27,S&P Dividend Monarchs Index(Price Return),S&P,실물(패시브),해외,주식,배당소득세(보유기간과세),0.01,50000,1500000,11340,35,0.31,11266.89,5317,59881610,0.6,17010000000,170.1,0,0.0
219390,KR7219390002,RISE 미국S&P원유생산기업(합성 H),KB RISE 미국S&P원유생산기업증권상장지수투자신탁(주식-파생형)(합성 H),KB RISE SYNTH-US Oil&Gas E&P Company ETF(H),케이비자산운용,2015-06-02,S&P Oil & Gas Exploration & Production Select Industry Index(PR),S&P,합성(패시브),해외,주식,배당소득세(보유기간과세),0.25,50000,2000000,8505,75,0.89,8547.48,35312,299806449,3.0,16960000000,169.6,0,0.0
0115C0,KR70115C0002,RISE 미국고배당다우존스TOP10,KB RISE 미국고배당다우존스TOP10증권상장지수투자신탁(주식),KB RISE Dow Jones US High Dividend TOP10 ETF,케이비자산운용,2025-10-21,Dow Jones U.S. High Dividend 10 Index,S&P,실물(패시브),해외,주식,배당소득세(보유기간과세),0.01,50000,2350000,10665,-50,-0.47,10643.21,4264,45451846,0.45,25062750000,250.63,0,0.0
354240,KR7354240004,RISE 미국고정배당우선증권,KB RISE 미국고정배당우선증권ICE 증권상장지수투자신탁(주식혼합),KB RISE U.S. Preferred Securities ICE ETF,케이비자산운용,2020-05-19,ICE BofAML Core Plus Fixed Rate Preferred Securities Index(PR),"ICE Data Indices, LLC",실물(패시브),해외,혼합자산,배당소득세(보유기간과세),0.5,50000,1100000,10175,80,0.79,10092.65,5043,51184077,0.51,11159500000,111.59,0,0.0
368590,KR7368590006,RISE 미국나스닥100,KB RISE 미국나스닥100증권상장지수투자신탁(주식),KB RISE US NASDAQ100 ETF,케이비자산운용,2020-11-06,NASDAQ 100,NASDAQ,실물(패시브),해외,주식,배당소득세(보유기간과세),0.006,100000,52800000,29035,-85,-0.29,28922.81,305775,8847241381,88.47,1533048000000,15330.48,0,0.0
437350,KR7437350002,RISE 미국단기투자등급회사채액티브,KB RISE 미국단기투자등급회사채액티브증권상장지수투자신탁(채권),KB RISE US Short-Term IG Corporate Bond ETF,케이비자산운용,2022-07-29,Bloomberg US Corporate 1-5 Years Total Return Index,Bloomberg,실물(액티브),해외,채권,배당소득세(보유기간과세),0.1,50000,2200000,11820,20,0.17,11833.74,5376,63575600,0.64,26004000000,260.04,0,0.0
455960,KR7455960005,RISE 미국달러SOFR금리액티브(합성),KB RISE 미국달러SOFR금리액티브특별자산상장지수투자신탁(금리-파생형)(합성),KB RISE US Dollar SOFR Active(SYNTH) ETF,케이비자산운용,2023-05-16,KAP SOFR 지수,한국자산평가(KAP),합성(액티브),해외,기타,배당소득세(보유기간과세),0.05,10000,4580000,11780,10,0.08,11825.74,185,2188520,0.02,53952400000,539.52,0,0.0
469530,KR7469530000,RISE 미국달러선물인버스,KB RISE 미국달러선물인버스특별자산상장지수투자신탁(미국달러-파생형),KB RISE USD Futures Inverse ETF,케이비자산운용,2023-11-09,미국달러선물지수,KRX,실물(패시브),국내,통화,배당소득세(보유기간과세),0.05,10000,640000,9635,-85,-0.87,9653.58,264,2543975,0.03,6166400000,61.66,0,0.0
469060,KR7469060008,RISE 미국반도체NYSE,KB RISE 미국반도체NYSE증권상장지수투자신탁(주식),KB RISE US Semiconductor ETF,케이비자산운용,2023-10-24,NYSE Semicondoctor Index(Price Return),"ICE Data Indices, LLC",실물(패시브),해외,주식,배당소득세(보유기간과세),0.01,50000,2250000,33520,-505,-1.48,33393.12,7646,255149120,2.55,75476250000,754.76,0,0.0
469050,KR7469050009,RISE 미국반도체NYSE(H),KB RISE 미국반도체NYSE증권상장지수투자신탁(주식)(H),KB RISE US Semiconductor ETF(H),케이비자산운용,2023-10-24,NYSE Semicondoctor Index(Price Return),"ICE Data Indices, LLC",실물(패시브),해외,주식,배당소득세(보유기간과세),0.01,50000,1100000,31215,-635,-1.99,31099.52,28271,877465591,8.77,34358500000,343.58,0,0.0
491630,KR7491630000,RISE 미국반도체인버스(합성 H),KB RISE 미국반도체인버스증권상장지수투자신탁(주식-파생형)(합성 H),KB RISE US Semiconductor Inverse ETF(SYNTH H),케이비자산운용,2024-10-22,NYSE Semicondoctor Index(Price Return),"ICE Data Indices, LLC",합성(패시브),해외,주식,배당소득세(보유기간과세),0.49,25000,525000,5430,120,2.26,5410.3,1761,9571005,0.1,2853375000,28.53,0,0.0
490600,KR7490600004,RISE 미국배당100데일리고정커버드콜,KB RISE 미국배당100데일리고정커버드콜증권상장지수투자신탁(주식),KB RISE US Dividend100 Daily Fixed Covered Call ETF,케이비자산운용,2024-09-24,KEDI 미국 배당100 90%참여+데일리옵션 프리미엄 지수(총수익지수),한국경제신문,실물(패시브),해외,주식,배당소득세(보유기간과세),0.25,50000,19000000,8770,20,0.23,8737.28,153227,1343807600,13.44,166725000000,1667.25,0,0.0
0018Z0,KR70018Z0003,RISE 미국양자컴퓨팅,KB RISE 미국양자컴퓨팅증권상장지수투자신탁(주식),KB RISE US Quantum Computing ETF,케이비자산운용,2025-03-11,Solactive US Quantum Computing Technology Index PR,Solactive,실물(패시브),해외,주식,배당소득세(보유기간과세),0.4,50000,1000000,16970,-120,-0.7,16900.95,2885,48824030,0.49,16970000000,169.7,0,0.0
0218J0,KR70218J0001,RISE 미국우주&로봇TOP2미국채혼합50,KB RISE 미국우주&로봇TOP2미국채혼합50증권상장지수투자신탁(채권혼합-재간접형),KB RISE US Space-Robot TOP2 Treasury Balanced 50 ETF,케이비자산운용,2026-07-14,Akros 미국 우주-로봇 TOP2 채권혼합50 지수,Akros,실물(패시브),해외,혼합자산,배당소득세(보유기간과세),0.13,50000,3300000,8950,70,0.79,8923.47,107285,957275888,9.57,29485500000,294.86,0,0.0
0227K0,KR70227K0007,RISE 미국우주위성통신,KB RISE 미국우주위성통신증권상장지수투자신탁(주식),KB RISE US Space Satellite Communications ETF,케이비자산운용,2026-08-11,Indxx US Space Satellite Communications Index PR,Indxx,실물(패시브),해외,주식,배당소득세(보유기간과세),0.4,50000,1000000,8905,-40,-0.45,8859.04,10989,96854365,0.97,8910000000,89.1,0,0.0
0013P0,KR70013P0000,RISE 미국은행TOP10,KB RISE 미국은행TOP10증권상장지수투자신탁(주식),KB RISE US Bank TOP10 ETF,케이비자산운용,2025-02-18,KEDI 미국 은행 TOP10 지수,한국경제신문,실물(패시브),해외,주식,배당소득세(보유기간과세),0.2,50000,1100000,12675,125,1.0,12602.48,4969,62758900,0.63,13931500000,139.31,0,0.0
267490,KR7267490001,RISE 미국장기국채선물레버리지(합성 H),KB RISE 미국장기국채선물레버리지증권상장지수투자신탁(채권-파생형)(합성 H),KB RISE US Treasury Long Bond Futures Leverage ETF(Synth H),케이비자산운용,2017-04-20,S&P U.S. Treasury Bond Futures Excess Return Index,S&P,합성(패시브),해외,채권,배당소득세(보유기간과세),0.5,50000,700000,4855,-100,-2.02,4851.27,664,3217355,0.03,3398500000,33.98,0,0.0
267450,KR7267450005,RISE 미국장기국채선물인버스(H),KB RISE 미국장기국채선물인버스증권상장지수투자신탁(채권-파생형)(H),KB RISE US Treasury Long Bond Futures Inverse ETF(H),케이비자산운용,2017-04-20,S&P U.S. Treasury Bond Futures Excess Return Index,S&P,실물(패시브),해외,채권,배당소득세(보유기간과세),0.4,100000,500000,11365,135,1.2,11311.67,365,4125600,0.04,5685000000,56.85,0,0.0
267440,KR7267440006,RISE 미국장기국채선물(H),KB RISE 미국장기국채선물증권상장지수투자신탁(채권-파생형)(H),KB RISE US Treasury Long Bond Futures ETF(H),케이비자산운용,2017-04-20,S&P U.S. Treasury Bond Futures Excess Return Index,S&P,실물(패시브),해외,채권,배당소득세(보유기간과세),0.4,100000,600000,7930,20,0.25,7928.58,63,499620,0.0,4758000000,47.58,0,0.0
0036Z0,KR70036Z0001,RISE 미국천연가스밸류체인,KB RISE 미국천연가스밸류체인증권상장지수투자신탁(주식),KB RISE US Natural Gas Value Chain ETF,케이비자산운용,2025-04-22,Solactive US Natural Gas Value Chain Index PR,Solactive,실물(패시브),해외,주식,배당소득세(보유기간과세),0.4,50000,550000,12285,-100,-0.81,12287.68,2414,29547650,0.3,6756750000,67.57,0,0.0
491620,KR7491620001,RISE 미국테크100데일리고정커버드콜,KB RISE 미국테크100데일리고정커버드콜증권상장지수투자신탁(주식-파생형),KB RISE US Tech 100 Daily Fixed Covered Call ETF,케이비자산운용,2024-10-02,KEDI 미국 테크100 90%참여+데일리옵션 프리미엄 지수(TR),한국경제신문,실물(패시브),해외,주식,배당소득세(보유기간과세),0.25,50000,54550000,10105,40,0.4,10074.13,461000,4641942213,46.42,551227750000,5512.28,0,0.0
0036R0,KR70036R0001,RISE 미국휴머노이드로봇,KB RISE 미국휴머노이드로봇증권상장지수투자신탁(주식),KB RISE US Humanoid Robot ETF,케이비자산운용,2025-04-15,KEDI 미국 휴머노이드 로봇 지수(시장가격),한국경제신문,실물(패시브),해외,주식,배당소득세(보유기간과세),0.4,50000,5600000,18680,-135,-0.72,18646.18,7073,131959595,1.32,104608000000,1046.08,0,0.0
0000Z0,KR70000Z0003,RISE 바이오TOP10액티브,KB RISE 바이오TOP10액티브증권상장지수투자신탁(주식),KB RISE Bio TOP10 Active ETF,케이비자산운용,2024-12-24,KRX 바이오 TOP 10 지수,KRX,실물(액티브),국내,주식,배당소득세(보유기간과세),0.5,50000,5850000,8280,-130,-1.55,8271.75,87619,718232315,7.18,48408750000,484.09,0,0.0
446700,KR7446700007,RISE 배터리 리사이클링,KB RISE 배터리 리사이클링iSelect증권상장지수투자신탁(주식),KB RISE Battery Recycling ETF,케이비자산운용,2022-11-01,iSelect 배터리 리사이클링 지수,NH투자증권,실물(패시브),국내,주식,비과세,0.4,20000,1040000,10570,-265,-2.45,10628.09,1228,13069720,0.13,11024000000,110.24,0,0.0
475350,KR7475350005,RISE 버크셔포트폴리오TOP10,KB RISE 버크셔포트폴리오TOP10증권상장지수투자신탁(주식),KB RISE Berkshire Portfolio TOP10 ETF,케이비자산운용,2024-02-27,Solactive Berkshire Portfolio Top10 Index(PR),Solactive,실물(패시브),해외,주식,배당소득세(보유기간과세),0.01,50000,4950000,14275,130,0.92,14198.47,43231,615265319,6.15,70488000000,704.88,0,0.0
388420,KR7388420002,RISE 비메모리반도체액티브,KB RISE 비메모리반도체액티브증권상장지수투자신탁(주식),KB RISE Non-Memory Semiconductor Active ETF,케이비자산운용,2021-06-10,iSelect 비메모리반도체 지수(시장가격지수),NH투자증권,실물(액티브),국내,주식,배당소득세(보유기간과세),0.5,20000,8820000,26760,-1015,-3.65,26748.55,54725,1459462682,14.59,235979100000,2359.79,0,0.0
448630,KR7448630004,RISE 삼성그룹Top3채권혼합,KB RISE 삼성그룹Top3채권혼합블룸버그증권상장지수투자신탁(채권혼합),KB RISE Samsung Group Fixed Top3 Equity&Korean Bond ETF,케이비자산운용,2022-11-29,Bloomberg Blended Samsung Group Fixed Top 3 Equity and Korean Bond Index,Bloomberg,실물(패시브),국내,혼합자산,배당소득세(보유기간과세),0.2,100000,21500000,15170,-175,-1.14,15220.32,70728,1075295170,10.75,327875000000,3278.75,0,0.0
0162Z0,KR70162Z0007,RISE 삼성전자SK하이닉스채권혼합50,KB RISE 삼성전자SK하이닉스채권혼합50증권상장지수투자신탁(채권혼합),KB RISE Samsung Electronics SK Hynix Balanced 50 ETF,케이비자산운용,2026-02-26,KAP 삼성전자SK하이닉스채권혼합50 지수,한국자산평가(KAP),실물(패시브),국내,혼합자산,배당소득세(보유기간과세),0.01,100000,303000000,13600,-215,-1.56,13621.61,5348047,72443540747,724.44,4120800000000,41208.0,0,0.0
0192M0,KR70192M0006,RISE 삼성전자단일종목레버리지,KB RISE 삼성전자단일종목레버리지증권상장지수투자신탁(주식-파생형),KB RISE Samsung Electronics Single Stock Leverage,케이비자산운용,2026-05-27,KRX 삼성전자 지수,KRX,실물(패시브),국내,주식,배당소득세(보유기간과세),0.09,25000,2675000,10800,-755,-6.53,10828.28,35016,375331031,3.75,28890000000,288.9,0,0.0
140570,KR7140570003,RISE 수출주,KB RISE 수출주증권상장지수투자신탁(주식),KB RISE Exporter Securities ETF(Equity),케이비자산운용,2011-04-15,MKF 수출주 지수,FnGuide,실물(패시브),국내,주식,비과세,0.4,100000,400000,26100,-465,-1.75,26243.66,383,10001215,0.1,10468000000,104.68,0,0.0
0093B0,KR70093B0009,RISE 엔비디아고정테크100,KB RISE 엔비디아고정테크100증권상장지수투자신탁(주식),KB RISE NVIDIA Fixed Tech100 ETF,케이비자산운용,2025-08-26,KEDI 엔비디아고정테크100 지수(PR),한국경제신문,실물(패시브),해외,주식,배당소득세(보유기간과세),0.2,50000,850000,12200,-20,-0.16,12189.71,865,10518582,0.11,10370000000,103.7,0,0.0
140580,KR7140580002,RISE 우량업종대표주,KB RISE 우량업종대표주증권상장지수투자신탁(주식),KB RISE Prime Industry Securities ETF(Equity),케이비자산운용,2011-04-15,MKF 우량업종대표주 지수,FnGuide,실물(패시브),국내,주식,비과세,0.4,100000,500000,24525,-265,-1.07,24593.98,19,465450,0.0,12262500000,122.62,0,0.0
379790,KR7379790009,RISE 유로스탁스50(H),KB RISE 유로스탁스50증권상장지수투자신탁(주식)(H),KB RISE EURO STOXX 50(H) ETF,케이비자산운용,2021-04-09,EURO STOXX 50 Index,STOXX,실물(패시브),해외,주식,배당소득세(보유기간과세),0.021,50000,1150000,17030,-130,-0.76,17046.29,7226,122787249,1.23,19647750000,196.48,0,0.0
498610,KR7498610005,RISE 인도디지털성장,KB RISE 인도디지털성장증권상장지수투자신탁(주식-파생형),KB RISE India Digital Growth ETF,케이비자산운용,2025-04-01,MarketVector Digital India Index(INR)(Price Return),MVIS,실물(패시브),해외,주식,배당소득세(보유기간과세),0.3,50000,600000,7825,25,0.32,7825.91,96,747795,0.01,4686000000,46.86,0,0.0
488480,KR7488480005,RISE 일본섹터TOP4Plus,KB RISE 일본섹터TOP4Plus증권상장지수투자신탁(주식),KB RISE Japan Samurai Sector TOP4 Plus ETF,케이비자산운용,2024-08-20,Solactive Japan Samurai Sector TOP4 Plus Index(PR),Solactive,실물(패시브),해외,주식,배당소득세(보유기간과세),0.3,50000,550000,12815,-205,-1.57,12868.13,525,6725545,0.07,7048250000,70.48,0,0.0
442550,KR7442550000,RISE TDF2030액티브 적격,KB RISE 적격TDF2030액티브증권상장지수투자신탁(주식혼합-재간접형),KB RISE TDF2030 Active Qualifying ETF,케이비자산운용,2022-09-22,iSelect 전략적자산배분 TDF 2030 지수,NH투자증권,실물(액티브),국내&해외,기타,배당소득세(보유기간과세),0.01,50000,1600000,14430,-60,-0.41,14398.59,2926,42214026,0.42,23088000000,230.88,0,0.0
442560,KR7442560009,RISE TDF2040액티브 적격,KB RISE 적격TDF2040액티브증권상장지수투자신탁(주식혼합-재간접형),KB RISE TDF2040 Active Qualifying ETF,케이비자산운용,2022-09-22,iSelect 전략적자산배분 TDF 2040 지수,NH투자증권,실물(액티브),국내&해외,기타,배당소득세(보유기간과세),0.01,50000,3350000,16050,-75,-0.47,15977.82,14989,240076370,2.4,53784250000,537.84,0,0.0
442570,KR7442570008,RISE TDF2050액티브 적격,KB RISE 적격TDF2050액티브증권상장지수투자신탁(주식혼합-재간접형),KB RISE TDF2050 Active Qualifying ETF,케이비자산운용,2022-09-22,iSelect 전략적자산배분 TDF 2050 지수,NH투자증권,실물(액티브),국내&해외,기타,배당소득세(보유기간과세),0.01,50000,19850000,17040,-40,-0.23,16937.89,84667,1437220290,14.37,338244000000,3382.44,0,0.0
385540,KR7385540000,RISE 종합채권(A-이상)액티브,KB RISE 종합채권(A-이상)액티브증권상장지수투자신탁(채권),KB RISE Active Korea Total Bond Market(A-) ETF,케이비자산운용,2021-05-26,KIS 종합채권 지수(A-이상)(총수익지수),KIS자산평가,실물(액티브),국내,채권,배당소득세(보유기간과세),0.012,1000,20996000,102415,-345,-0.34,102402.51,2711,277408680,2.77,2149885420000,21498.85,0,0.0
183710,KR7183710003,RISE 주식혼합,KB RISE 주식혼합증권상장지수투자신탁(주식혼합),KB RISE Equity Balanced ETF,케이비자산운용,2013-10-17,주식국채혼합(주식형)지수,KRX,실물(패시브),국내,혼합자산,배당소득세(보유기간과세),0.25,50000,200000,93640,-1460,-1.54,93455.61,67,6210190,0.06,18728000000,187.28,0,0.0
310080,KR7310080007,RISE 중국MSCI China(H),KB RISE 중국MSCI China증권상장지수투자신탁(주식)(H),KB RISE MSCI China ETF(H),케이비자산운용,2018-11-28,"MSCI China Index(USD, Price Return)",MSCI,실물(패시브),해외,주식,배당소득세(보유기간과세),0.6,50000,1150000,9015,-50,-0.55,9056.4,691,6227030,0.06,10367250000,103.67,0,0.0
463300,KR7463300004,RISE 중국본토CSI300,KB RISE 중국본토CSI300증권상장지수투자신탁(주식),KB RISE China Mainland CSI300 ETF,케이비자산운용,2023-08-08,CSI 300 Index,CSI,실물(패시브),해외,주식,배당소득세(보유기간과세),0.05,100000,1600000,12605,-190,-1.48,12724.16,432,5473427,0.05,20168000000,201.68,0,0.0
174360,KR7174360008,RISE 중국본토대형주CSI100,KB RISE 중국본토대형주CSI100증권상장지수자투자신탁(주식),KB RISE China Mainland CSI100 Feeder ETF,케이비자산운용,2013-06-04,CSI A100,CSI,실물(패시브),해외,주식,배당소득세(해외주식투자전용ETF),0.65,100000,1400000,22250,15,0.07,22300.93,3580,79241200,0.79,31087000000,310.87,0,0.0
136340,KR7136340007,RISE 중기우량회사채,KB RISE 중기우량회사채증권상장지수투자신탁(채권),KB RISE Credit Bond Securities ETF(Bond),케이비자산운용,2011-04-15,KOBI 크레딧 지수(총수익),KIS자산평가,실물(패시브),국내,채권,배당소득세(보유기간과세),0.07,1000,2809000,104015,-70,-0.07,103962.55,155,16115249,0.16,292037685000,2920.38,0,0.0
281990,KR7281990002,RISE 중소형고배당,KB RISE 중소형고배당증권상장지수투자신탁(주식),KB RISE Mid Small Cap High Dividend ETF,케이비자산운용,2017-11-02,FnGuide 중소형고배당포커스 지수,FnGuide,실물(패시브),국내,주식,비과세,0.3,50000,550000,17890,5,0.03,17945.19,408,7285375,0.07,9839500000,98.39,0,0.0
272570,KR7272570003,RISE 중장기국공채액티브,KB RISE 중장기국공채액티브증권상장지수투자신탁(채권),KB RISE Mid-long Term KTB Active ETF,케이비자산운용,2017-06-29,KIS 종합채권국공채4~5Y지수,KIS자산평가,실물(액티브),국내,채권,배당소득세(보유기간과세),0.07,1000,138000,107425,-340,-0.32,107378.72,7,751555,0.01,14824650000,148.25,0,0.0
0164G0,KR70164G0008,RISE 차이나AI반도체TOP4Plus,KB RISE 차이나AI반도체TOP4Plus증권상장지수투자신탁(주식),KB RISE China AI Semiconductor Top4 Plus ETF,케이비자산운용,2026-03-10,Solactive China AI Semiconductor TOP 4 Plus Index,Solactive,실물(패시브),해외,주식,배당소득세(보유기간과세),0.45,50000,2100000,11825,50,0.42,11916.18,9306,108734782,1.09,24969000000,249.69,0,0.0
250730,KR7250730009,RISE 차이나HSCEI(H),KB RISE 차이나HSCEI증권상장지수투자신탁(주식)(H),KB RISE China HSCEI(H),케이비자산운용,2016-08-10,Hang Seng China H,HangSeng,실물(패시브),해외,주식,배당소득세(해외주식투자전용ETF),0.021,100000,1700000,9675,-115,-1.17,9791.11,2924,28449580,0.28,16464500000,164.65,0,0.0
291680,KR7291680007,RISE 차이나H선물인버스(H),KB RISE 차이나H선물인버스증권상장지수투자신탁(주식-파생형)(H),KB RISE China H Futures Inverse ETF(H),케이비자산운용,2018-03-23,Hang Seng China Enterprises Futures Index(Price Return),HangSeng,실물(패시브),해외,주식,배당소득세(보유기간과세),0.6,50000,500000,7950,5,0.06,7980.57,110,874000,0.01,3972500000,39.73,0,0.0
0094L0,KR70094L0006,RISE 차이나테크TOP10위클리타겟커버드콜,KB RISE 차이나테크TOP10위클리타겟커버드콜증권상장지수투자신탁(주식-파생형),KB RISE China Tech TOP10 Weekly Target Covered Call ETF,케이비자산운용,2025-09-02,Bloomberg China Tech Select TOP 10 + 12% Target Premium Weekly Index,Bloomberg,실물(패시브),해외,주식,배당소득세(보유기간과세),0.3,50000,1400000,6950,70,1.02,6954.71,5411,37090800,0.37,9723000000,97.23,0,0.0
371150,KR7371150004,RISE 차이나항셍테크,KB RISE 차이나항셍테크증권상장지수투자신탁(주식),KB RISE China Hang Seng TECH ETF,케이비자산운용,2020-12-16,Hang Seng TECH Index,HangSeng,실물(패시브),해외,주식,배당소득세(보유기간과세),0.14,50000,1300000,6215,40,0.65,6195.58,1444,8880905,0.09,8034000000,80.34,0,0.0
498860,KR7498860006,RISE 코리아금융고배당,KB RISE 코리아금융고배당증권상장지수투자신탁(주식),KB RISE Korea Financials High Dividend ETF,케이비자산운용,2024-12-10,iSelect 코리아 금융 고배당 지수,NH투자증권,실물(패시브),국내,주식,비과세,0.1,50000,2000000,17000,110,0.65,17008.26,19466,329273495,3.29,33940000000,339.4,0,0.0
0094M0,KR70094M0005,RISE 코리아밸류업위클리고정커버드콜,KB RISE 코리아밸류업위클리고정커버드콜증권상장지수투자신탁(주식-파생형),KB RISE Korea Value-Up Fixed Weekly Covered Call ETF,케이비자산운용,2025-09-02,코리아 밸류업 위클리 커버드콜 30% 지수,KRX,실물(패시브),국내,주식,배당소득세(보유기간과세),0.3,50000,16100000,18085,-95,-0.52,17984.07,2700540,48236903885,482.37,289880500000,2898.8,0,0.0
495050,KR7495050007,RISE 코리아밸류업,KB RISE 코리아밸류업증권상장지수투자신탁(주식),KB RISE Korea Value-Up ETF,케이비자산운용,2024-11-04,코리아 밸류업 지수,KRX,실물(패시브),국내,주식,비과세,0.008,50000,29550000,32650,-390,-1.18,32677.42,118019,3823863152,38.24,964068750000,9640.69,0,0.0
0151P0,KR70151P0002,RISE 코리아전략산업액티브,KB RISE 코리아전략산업액티브증권상장지수투자신탁(주식),KB RISE Korea Strategic Industries Active ETF,케이비자산운용,2026-01-20,KAP 코리아전략산업지수,한국자산평가(KAP),실물(액티브),국내,주식,배당소득세(보유기간과세),0.5,50000,9850000,14680,-510,-3.36,14707.9,78267,1142603334,11.43,144598000000,1445.98,0,0.0
278240,KR7278240007,RISE 코스닥150선물레버리지,KB RISE 코스닥150선물레버리지증권상장지수투자신탁(주식-파생형),KB RISE F-KOSDAQ150 Leverage ETF,케이비자산운용,2017-08-31,F-코스닥150 지수,KRX,실물(패시브),국내,주식,배당소득세(보유기간과세),0.329,10000,7290000,7570,-595,-7.29,7575.89,42541,323504530,3.24,55185300000,551.85,0,0.0
275750,KR7275750008,RISE 코스닥150선물인버스,KB RISE 코스닥150선물인버스증권상장지수투자신탁(주식-파생형),KB RISE F-KOSDAQ150 Inverse ETF,케이비자산운용,2017-08-01,F-코스닥150 지수,KRX,실물(패시브),국내,주식,배당소득세(보유기간과세),0.32,50000,950000,2475,80,3.34,2476.75,7733,19171900,0.19,2351250000,23.51,0,0.0
270810,KR7270810005,RISE 코스닥150,KB RISE 코스닥150증권상장지수투자신탁(주식),KB RISE KOSDAQ150 ETF,케이비자산운용,2017-06-16,코스닥 150,KRX,실물(패시브),국내,주식,비과세,0.02,20000,22880000,13815,-480,-3.36,13830.37,80521,1112144356,11.12,315629600000,3156.3,0,0.0
0223A0,KR70223A0003,RISE 코스닥커버드콜액티브,KB RISE 코스닥커버드콜액티브증권상장지수투자신탁(주식-파생형),KB RISE KOSDAQ Covered Call Active ETF,케이비자산운용,2026-07-28,코스닥 150 타겟 15% 위클리 커버드콜 지수,KRX,실물(액티브),국내,주식,배당소득세(보유기간과세),0.3,50000,1550000,10515,-285,-2.64,10522.6,206456,2159555230,21.6,16282750000,162.83,0,0.0
302450,KR7302450002,RISE 코스피,KB RISE 코스피증권상장지수투자신탁(주식),KB RISE KOSPI ETF,케이비자산운용,2018-07-24,코스피,KRX,실물(패시브),국내,주식,비과세,0.02,50000,5600000,71650,-1275,-1.75,71628.08,4828,343495232,3.43,401240000000,4012.4,0,0.0
0047P0,KR70047P0000,RISE 테슬라고정테크100,KB RISE 테슬라고정테크100증권상장지수투자신탁(주식),KB RISE Tesla Fixed Tech100 ETF,케이비자산운용,2025-05-13,KEDI 테슬라고정테크100 지수(PR),한국경제신문,실물(패시브),해외,주식,배당소득세(보유기간과세),0.2,50000,1550000,14025,-55,-0.39,14055.19,2185,30748791,0.31,21754250000,217.54,0,0.0
449580,KR7449580000,RISE 테슬라애플아마존채권혼합,KB RISE 테슬라애플아마존채권혼합iSelect증권상장지수투자신탁(채권혼합),KB RISE Tesla Apple Amazon&Korean bond ETF,케이비자산운용,2022-12-20,iSelect 테슬라 애플 아마존 채권혼합지수(Price Return),NH투자증권,실물(패시브),해외,혼합자산,배당소득세(보유기간과세),0.24,100000,1100000,16015,55,0.34,16019.82,3382,54160400,0.54,17605500000,176.06,0,0.0
334700,KR7334700002,RISE 팔라듐선물인버스(H),KB RISE 팔라듐선물인버스특별자산상장지수투자신탁(파생형)(H),KB RISE Palladium futures inverse ETF(H),케이비자산운용,2019-09-24,S&P GSCI Palladium Excess Return Index,S&P,실물(패시브),해외,원자재,배당소득세(보유기간과세),0.6,50000,650000,3325,130,4.07,3325.92,1458,4886110,0.05,2158000000,21.58,0,0.0
334690,KR7334690005,RISE 팔라듐선물(H),KB RISE 팔라듐선물특별자산상장지수투자신탁(파생형)(H),KB RISE Palladium futures ETF(H),케이비자산운용,2019-09-24,S&P GSCI Palladium Excess Return Index,S&P,실물(패시브),해외,원자재,배당소득세(보유기간과세),0.6,50000,650000,5850,-255,-4.18,5849.44,5581,32232520,0.32,3802500000,38.02,0,0.0
0047R0,KR70047R0008,RISE 팔란티어고정테크100,KB RISE 팔란티어고정테크100증권상장지수투자신탁(주식),KB RISE Palantir Fixed Tech100 ETF,케이비자산운용,2025-05-13,KEDI 팔란티어고정테크100 지수(PR),한국경제신문,실물(패시브),해외,주식,배당소득세(보유기간과세),0.2,50000,1650000,14550,-20,-0.14,14537.2,3718,53974189,0.54,24007500000,240.07,0,0.0
253280,KR7253280002,RISE 헬스케어,KB RISE 헬스케어증권상장지수투자신탁(주식),KB RISE HealthCare ETF,케이비자산운용,2016-09-23,FnGuide 헬스케어 지수,FnGuide,실물(패시브),국내,주식,비과세,0.4,50000,600000,12205,-185,-1.49,12246.84,2108,25732212,0.26,7329000000,73.29,0,0.0
253290,KR7253290001,RISE 헬스케어채권혼합,KB RISE 헬스케어채권혼합증권상장지수투자신탁(채권혼합),KB RISE HealthCare Fixed Income Balanced ETF,케이비자산운용,2016-09-23,FnGuide 헬스케어 채권혼합 지수,FnGuide,실물(패시브),국내,혼합자산,배당소득세(보유기간과세),0.35,200000,1800000,11470,-145,-1.25,11529.54,3559,40940635,0.41,20664000000,206.64,0,0.0
0190C0,KR70190C0000,RISE 현대차고정피지컬AI,KB RISE 현대차고정피지컬AI증권상장지수투자신탁(주식),KB RISE Hyundai Motor Fixed Physical AI ETF,케이비자산운용,2026-05-12,KEDI 현대차고정피지컬AI 지수,한국경제신문,실물(패시브),국내,주식,비과세,0.4,50000,60250000,8095,-75,-0.92,8074.82,423399,3399753729,34.0,485615000000,4856.15,0,0.0
407310,KR7407310002,HANARO 200 TOP10,NH-Amundi HANARO 200 TOP10 증권상장지수투자신탁(주식),NH-Amundi HANARO 200 TOP10 ETF,엔에이치아문디자산운용,2021-11-24,코스피 200 Top 10 지수,KRX,실물(패시브),국내,주식,비과세,0.15,50000,1100000,16960,-155,-0.91,16913.26,303,5088500,0.05,18573500000,185.74,0,0.0
332930,KR7332930007,HANARO 200TR,NH-Amundi HANARO 200 Total Return증권상장지수투자신탁(주식),NH-Amundi HANARO 200TR ETF,엔에이치아문디자산운용,2019-08-28,코스피 200 TR,KRX,실물(패시브),국내,주식,배당소득세(보유기간과세),0.07,50000,1450000,143465,-3345,-2.28,143945.72,913,130665470,1.31,208597000000,2085.97,0,0.0
304780,KR7304780000,HANARO 200선물레버리지,NH-Amundi HANARO 200선물레버리지증권상장지수투자신탁[주식-파생형],NH-Amundi HANARO 200 Futures Leverage ETF,엔에이치아문디자산운용,2018-08-14,코스피 200 선물지수,KRX,실물(패시브),국내,주식,배당소득세(보유기간과세),0.45,50000,450000,124330,-5775,-4.44,124568.65,831,100807247,1.01,56025000000,560.25,0,0.0
306520,KR7306520008,HANARO 200선물인버스,NH-Amundi HANARO 200선물인버스증권상장지수투자신탁(주식-파생형),NH-Amundi HANARO 200 Futures Inverse ETF,엔에이치아문디자산운용,2018-09-18,코스피 200 선물지수,KRX,실물(패시브),국내,주식,배당소득세(보유기간과세),0.45,50000,600000,2350,55,2.4,2350.05,7441,17559370,0.18,1407000000,14.07,0,0.0
293180,KR7293180006,HANARO 200,NH-Amundi HANARO 200증권상장지수투자신탁[주식],NH-Amundi HANARO 200 ETF,엔에이치아문디자산운용,2018-03-30,코스피 200,KRX,실물(패시브),국내,주식,비과세,0.036,50000,3950000,109775,-2350,-2.1,109926.21,1721,188074900,1.88,433255750000,4332.56,0,0.0
0123S0,KR70123S0004,HANARO 26-12 은행채(AA+이상)액티브,NH-Amundi HANARO 26-12 은행채(AA+이상)액티브증권상장지수투자신탁(채권),NH-Amundi HANARO 26-12 Bank Bond (AA plus or higher) Active ETF,엔에이치아문디자산운용,2025-12-16,KIS 은행채2612만기형 지수,KIS자산평가,실물(액티브),국내,채권,배당소득세(보유기간과세),0.02,10000,6200000,10200,0,0.0,10197.25,35,356975,0.0,63240000000,632.4,0,0.0
0091M0,KR70091M0008,HANARO 27-06 회사채(AA-이상)액티브,NH-Amundi HANARO 27-06 회사채(AA-이상)액티브증권상장지수투자신탁(채권),NH-Amundi HANARO 27-06 Corporate Bond (AA- or higher) Active ETF,엔에이치아문디자산운용,2025-08-26,KIS 회사채(AA-이상)2706만기형지수(총수익),KIS자산평가,실물(액티브),국내,채권,배당소득세(보유기간과세),0.02,10000,12830000,10170,0,0.0,10169.54,13,132210,0.0,130481100000,1304.81,0,0.0
448490,KR7448490003,HANARO 32-10 국고채액티브,NH-Amundi HANARO 32-10 국고채액티브증권상장지수투자신탁(채권),NH-Amundi HANARO Oct 2032 Treasury ETF,엔에이치아문디자산운용,2022-11-22,KAP 32-10 국고채 10년 총수익지수,한국자산평가(KAP),실물(액티브),국내,채권,배당소득세(보유기간과세),0.05,2000,220000,52040,-380,-0.72,52156.46,109,5675340,0.06,11448800000,114.49,0,0.0
454320,KR7454320003,HANARO CAPEX설비투자iSelect,NH-Amundi HANARO CAPEX설비투자iSelect증권상장지수투자신탁(주식),NH-Amundi HANARO CAPEX ETF,엔에이치아문디자산운용,2023-04-18,iSelect CAPEX 설비투자 지수(시장가격),NH투자증권,실물(패시브),국내,주식,비과세,0.45,50000,2150000,44200,-430,-0.96,44082.1,1545,67414060,0.67,94825750000,948.26,0,0.0
395290,KR7395290000,HANARO Fn K-POP&미디어,NH-Amundi HANARO Fn K-POP&미디어증권상장지수투자신탁(주식),NH-Amundi HANARO K-POP&Media ETF,엔에이치아문디자산운용,2021-07-30,FnGuide K-POP & 미디어 지수,FnGuide,실물(패시브),국내,주식,비과세,0.45,50000,6350000,5015,85,1.72,5019.98,72622,363854295,3.64,31813500000,318.13,0,0.0
395280,KR7395280001,HANARO Fn K-게임,NH-Amundi HANARO Fn K-게임증권상장지수투자신탁(주식),NH-Amundi HANARO K-Game ETF,엔에이치아문디자산운용,2021-07-30,FnGuide K-게임 지수,FnGuide,실물(패시브),국내,주식,비과세,0.45,50000,2350000,3430,-20,-0.58,3429.32,73,250290,0.0,8060500000,80.61,0,0.0
368190,KR7368190005,HANARO Fn K-뉴딜디지털플러스,NH-Amundi HANARO Fn K-뉴딜디지털플러스증권상장지수투자신탁[주식],NH-Amundi HANARO K-NewDeal Digital Plus ETF,엔에이치아문디자산운용,2020-11-10,FnGuide K-뉴딜 디지털 플러스 지수,FnGuide,실물(패시브),국내,주식,비과세,0.45,50000,3200000,7735,-120,-1.53,7748.78,139,1074325,0.01,24752000000,247.52,0,0.0
402460,KR7402460000,HANARO Fn K-메타버스MZ,NH-Amundi HANARO Fn K-메타버스MZ증권상장지수투자신탁(주식),NH-Amundi HANARO K-Metaverse MZ ETF,엔에이치아문디자산운용,2021-10-13,FnGuide K-메타버스 MZ 지수(시장가격),FnGuide,실물(패시브),국내,주식,비과세,0.45,50000,500000,14450,65,0.45,14578.76,160,2306025,0.02,7275000000,72.75,0,0.0
395270,KR7395270002,HANARO Fn K-반도체,NH-Amundi HANARO Fn K-반도체증권상장지수투자신탁(주식),NH-Amundi HANARO K-Semiconductor ETF,엔에이치아문디자산운용,2021-07-30,FnGuide K-반도체 지수,FnGuide,실물(패시브),국내,주식,비과세,0.45,50000,62450000,57095,-1995,-3.38,57171.93,984880,55917825264,559.18,3565582750000,35655.83,0,0.0
438900,KR7438900003,HANARO Fn K-푸드,NH-Amundi HANARO Fn K-푸드증권상장지수투자신탁(주식),NH-Amundi HANARO K-Food ETF,엔에이치아문디자산운용,2022-08-17,FnGuide K-푸드 지수 (시장가격),FnGuide,실물(패시브),국내,주식,비과세,0.45,50000,1350000,11350,0,0.0,11349.75,22230,252543952,2.53,15329250000,153.29,0,0.0
367740,KR7367740008,HANARO Fn5G산업,NH-Amundi HANARO Fn5G산업증권상장지수투자신탁(주식),NH-Amundi HANARO 5G Industry ETF,엔에이치아문디자산운용,2020-10-29,FnGuide 5G 산업 지수,FnGuide,실물(패시브),국내,주식,비과세,0.45,50000,550000,42470,-655,-1.52,42604.24,229,9750800,0.1,23438250000,234.38,0,0.0
407300,KR7407300003,HANARO Fn골프테마,NH-Amundi HANARO Fn골프테마 증권상장지수투자신탁(주식),NH-Amundi HANARO Golf Theme ETF,엔에이치아문디자산운용,2021-11-24,FnGuide 골프 테마 지수,FnGuide,실물(패시브),국내,주식,비과세,0.45,50000,550000,10545,-30,-0.28,10566.6,49,514390,0.01,5799750000,58.0,0,0.0
381560,KR7381560002,HANARO Fn전기&수소차,NH-Amundi HANARO Fn전기&수소차증권상장지수투자신탁(주식),NH-Amundi HANARO Electric&Hydrogen Vehicle ETF,엔에이치아문디자산운용,2021-04-02,FnGuide 전기&수소차 지수 (시장가격),FnGuide,실물(패시브),국내,주식,비과세,0.45,50000,1050000,17735,-320,-1.77,17635.72,1373,24198602,0.24,18516750000,185.17,0,0.0
441540,KR7441540002,HANARO Fn조선해운,NH-Amundi HANARO Fn조선해운증권상장지수투자신탁(주식),NH-Amundi HANARO Shipbuilding&Shipping ETF,엔에이치아문디자산운용,2022-09-15,FnGuide 조선해운지수,FnGuide,실물(패시브),국내,주식,비과세,0.45,50000,2700000,27610,695,2.58,27549.23,19736,541574486,5.42,74101500000,741.01,0,0.0
381570,KR7381570001,HANARO Fn친환경에너지,NH-Amundi HANARO Fn친환경에너지증권상장지수투자신탁(주식),NH-Amundi HANARO Green Energy ETF,엔에이치아문디자산운용,2021-04-02,FnGuide 친환경에너지 지수 (시장가격),FnGuide,실물(패시브),국내,주식,비과세,0.45,50000,850000,10295,-260,-2.46,10330.55,7377,76019090,0.76,8755000000,87.55,0,0.0
479850,KR7479850000,HANARO K-뷰티,NH-Amundi HANARO K-뷰티증권상장지수투자신탁(주식),NH-Amundi HANARO K-Beauty ETF,엔에이치아문디자산운용,2024-04-16,FnGuide K-뷰티 지수,FnGuide,실물(패시브),국내,주식,비과세,0.45,50000,1350000,17895,170,0.96,17888.2,48920,869036859,8.69,24138000000,241.38,0,0.0
453060,KR7453060006,HANARO KOFR금리액티브(합성),NH-Amundi HANARO KOFR금리액티브특별자산상장지수투자신탁(금리-파생형)(합성),NH-Amundi HANARO KOFR Active(Synth) ETF,엔에이치아문디자산운용,2023-03-14,KOFR 지수,한국예탁결제원,합성(액티브),국내,기타,배당소득세(보유기간과세),0.05,1000,110000,111525,20,0.02,111502.4,7,780635,0.01,12267750000,122.68,0,0.0
304760,KR7304760002,HANARO KRX300,NH-Amundi HANARO KRX300증권상장지수투자신탁[주식],NH-Amundi HANARO KRX300 ETF,엔에이치아문디자산운용,2018-08-14,KRX 300,KRX,실물(패시브),국내,주식,비과세,0.05,50000,400000,47295,-1520,-3.11,47557.62,67,3160180,0.03,18984000000,189.84,0,0.0
322410,KR7322410002,HANARO K고배당,NH-Amundi HANARO K고배당증권상장지수투자신탁[주식],NH-Amundi HANARO K High Dividend ETF,엔에이치아문디자산운용,2019-04-23,FnGuide 고배당 알파 지수,FnGuide,실물(패시브),국내,주식,비과세,0.07,50000,1750000,23180,-15,-0.06,23245.75,4155,95838985,0.96,40565000000,405.65,0,0.0
0155N0,KR70155N0000,HANARO K휴머노이드테마TOP10,NH-Amundi HANARO K휴머노이드테마TOP10증권상장지수투자신탁[주식],NH-Amundi HANARO K Humanoid Theme Top10 ETF,엔에이치아문디자산운용,2026-02-26,iSelect K휴머노이드테마TOP10 지수,NH투자증권,실물(패시브),국내,주식,비과세,0.45,50000,3850000,7825,-55,-0.7,7794.26,55534,429635637,4.3,29933750000,299.34,0,0.0
332940,KR7332940006,HANARO MSCI Korea TR,NH-Amundi HANARO MSCI Korea Total Return증권상장지수투자신탁(주식),NH-Amundi HANARO MSCI Korea TR ETF,엔에이치아문디자산운용,2019-08-28,MSCI Korea TR Index,MSCI,실물(패시브),국내,주식,배당소득세(보유기간과세),0.12,100000,2400000,48455,-1605,-3.21,48749.23,1513,73192660,0.73,117012000000,1170.12,0,0.0
322400,KR7322400003,HANARO e커머스,NH-Amundi HANARO e커머스증권상장지수투자신탁[주식],NH-Amundi HANARO e-Commerce ETF,엔에이치아문디자산운용,2019-04-23,FnGuide E커머스 지수,FnGuide,실물(패시브),국내,주식,비과세,0.45,50000,3300000,10050,-185,-1.81,10116.75,885,8909900,0.09,33297000000,332.97,0,0.0
473640,KR7473640001,HANARO 글로벌금채굴기업,NH-Amundi HANARO 글로벌금채굴기업증권상장지수투자신탁[주식],NH-Amundi HANARO Global Gold Miner ETF,엔에이치아문디자산운용,2024-01-18,NYSE Arca Gold Miners Index (Price Return),"ICE Data Indices, LLC",실물(패시브),해외,주식,배당소득세(보유기간과세),0.15,50000,2100000,34015,-940,-2.69,33955.55,25388,857317871,8.57,71463000000,714.63,0,0.0
354350,KR7354350001,HANARO 글로벌럭셔리S&P(합성),NH-Amundi HANARO 글로벌럭셔리S&P 증권상장지수투자신탁(주식-파생형)(합성),NH-Amundi HANARO Global Luxury S&P ETF (Synth),엔에이치아문디자산운용,2020-05-12,S&P Global Luxury Index,S&P,합성(패시브),해외,주식,배당소득세(보유기간과세),0.5,10000,520000,17990,-45,-0.25,17989.85,624,11209820,0.11,9341800000,93.42,0,0.0
461340,KR7461340002,HANARO 글로벌생성형AI액티브,NH-Amundi HANARO 글로벌생성형AI액티브증권상장지수투자신탁(주식),NH-Amundi HANARO Global Generative AI Active ETF,엔에이치아문디자산운용,2023-07-11,Solactive United States Technology 100 Index(Price Return),Solactive,실물(액티브),해외,주식,배당소득세(보유기간과세),0.6,50000,1100000,40935,-255,-0.62,40953.0,1397,57046290,0.57,45039500000,450.39,0,0.0
401590,KR7401590005,HANARO 글로벌탄소배출권선물ICE(합성),NH-Amundi HANARO 글로벌탄소배출권선물ICE특별자산ETF(탄소배출권-파생형)(합성),NH-Amundi HANARO Global Carbon Futures ETF (Synth),엔에이치아문디자산운용,2021-09-30,ICE Global Carbon Futures Index(Excess Return),"ICE Data Indices, LLC",합성(패시브),해외,기타,배당소득세(보유기간과세),0.5,10000,510000,11295,205,1.85,11292.63,100,1130425,0.01,5760450000,57.6,0,0.0
0040S0,KR70040S0004,HANARO 글로벌피지컬AI액티브,NH-Amundi HANARO 글로벌피지컬AI액티브증권상장지수투자신탁(주식),NH-Amundi HANARO Global Physical AI Active ETF,엔에이치아문디자산운용,2025-04-22,Solactive Physical AI Index,Solactive,실물(액티브),해외,주식,배당소득세(보유기간과세),0.6,50000,2550000,22640,-135,-0.59,22592.8,8508,192231540,1.92,57706500000,577.07,0,0.0
314700,KR7314700006,HANARO 농업융복합산업,NH-Amundi HANARO 농업융복합산업증권상장지수투자신탁(주식),NH-Amundi HANARO Agriculture Business ETF,엔에이치아문디자산운용,2018-12-21,FnGuide 농업융복합산업 지수(시장가격),FnGuide,실물(패시브),국내,주식,비과세,0.5,50000,550000,10805,-65,-0.6,10839.56,513,5504500,0.06,5942750000,59.43,0,0.0
486830,KR7486830003,HANARO 머니마켓액티브,NH-Amundi HANARO 머니마켓액티브증권상장지수투자신탁(채권),NH-Amundi HANARO Money Market Acitve ETF,엔에이치아문디자산운용,2024-07-16,KIS-NH Amundi MMF지수,KIS자산평가,실물(액티브),국내,채권,배당소득세(보유기간과세),0.04,2000,4258000,53340,5,0.01,53336.93,1583,84441370,0.84,227121720000,2271.22,0,0.0
0215T0,KR70215T0002,HANARO 미국AI광통신TOP10,NH-Amundi HANARO 미국AI광통신TOP10증권상장지수투자신탁(주식),NH-Amundi HANARO US AI Optical Communication TOP10 ETF,엔에이치아문디자산운용,2026-07-14,Indxx US AI Optical Communication TOP10 Index(PR),Indxx,실물(패시브),해외,주식,배당소득세(보유기간과세),0.45,50000,900000,8540,-130,-1.5,8456.32,17273,144896507,1.45,7695000000,76.95,0,0.0
0181B0,KR70181B0002,HANARO 미국AI메모리반도체TOP4+,NH-Amundi HANARO 미국AI메모리반도체TOP4+증권상장지수투자신탁(주식),NH-Amundi HANARO US AI Memory Semiconductor Top4 Plus ETF,엔에이치아문디자산운용,2026-05-12,Solactive US AI Memory Semiconductor Top4+ Index,Solactive,실물(패시브),해외,주식,배당소득세(보유기간과세),0.45,50000,12500000,9600,-280,-2.83,9573.06,200766,1916851584,19.17,120000000000,1200.0,0,0.0
0219Z0,KR70219Z0000,HANARO 미국S&P500액티브,NH-Amundi HANARO 미국S&P500액티브 증권상장지수투자신탁(주식),NH-Amundi HANARO US S&P500 Active ETF,엔에이치아문디자산운용,2026-08-04,S&P 500,S&P,실물(액티브),해외,주식,배당소득세(보유기간과세),0.5,50000,800000,10070,-95,-0.93,10090.29,1002,10064100,0.1,8132000000,81.32,0,0.0
432840,KR7432840007,HANARO 미국S&P500,NH-Amundi HANARO 미국S&P500증권상장지수투자신탁(주식),NH-Amundi HANARO US S&P500 ETF,엔에이치아문디자산운용,2022-06-08,S&P 500,S&P,실물(패시브),해외,주식,배당소득세(보유기간과세),0.045,100000,800000,19035,-70,-0.37,19004.22,2991,57062545,0.57,15228000000,152.28,0,0.0
498050,KR7498050004,HANARO 바이오코리아액티브,NH-Amundi HANARO 바이오코리아액티브증권상장지수투자신탁(주식),NH-Amundi HANARO Bio Korea Active ETF,엔에이치아문디자산운용,2024-11-26,iSelect K-바이오헬스케어,NH투자증권,실물(액티브),국내,주식,배당소득세(보유기간과세),0.5,50000,950000,10140,-165,-1.6,10187.89,1802,18270850,0.18,9680500000,96.81,0,0.0
476260,KR7476260005,HANARO 반도체핵심공정주도주,NH-Amundi HANARO 반도체핵심공정주도주 증권상장지수투자신탁(주식),NH-Amundi HANARO Semiconductor Core Process Tech Leaders ETF,엔에이치아문디자산운용,2024-02-27,FnGuide 반도체 핵심공정 지수,FnGuide,실물(패시브),국내,주식,비과세,0.45,50000,3150000,12290,-650,-5.02,12378.0,255616,3159842386,31.6,38965500000,389.65,0,0.0
434730,KR7434730008,HANARO 원자력iSelect,NH-Amundi HANARO 원자력iSelect증권상장지수투자신탁(주식),NH-Amundi HANARO Nuclear Power ETF,엔에이치아문디자산운용,2022-06-28,iSelect 원자력지수 (시장가격),NH투자증권,실물(패시브),국내,주식,비과세,0.45,50000,11750000,62035,-665,-1.06,61985.7,177673,10881666437,108.82,727325000000,7273.25,0,0.0
0082F0,KR70082F0008,HANARO 유럽방산,NH-Amundi HANARO 유럽방산증권상장지수투자신탁(주식),NH-Amundi HANARO Europe Defense ETF,엔에이치아문디자산운용,2025-07-29,Stoxx 유럽 방산 지수,STOXX,실물(패시브),해외,주식,배당소득세(보유기간과세),0.35,50000,700000,9815,120,1.24,9772.68,1028,10019845,0.1,6870500000,68.7,0,0.0
491820,KR7491820007,HANARO 전력설비투자,NH-Amundi HANARO 전력설비투자증권상장지수투자신탁(주식),NH-Amundi HANARO Electric Power Capex ETF,엔에이치아문디자산운용,2024-09-24,iSelect 전력설비투자 지수,NH투자증권,실물(패시브),국내,주식,비과세,0.35,50000,3650000,43475,-525,-1.19,43576.01,70050,3001806561,30.02,158683750000,1586.84,0,0.0
461500,KR7461500001,HANARO 종합채권(AA-이상)액티브,NH-Amundi HANARO 종합채권(AA-이상)액티브증권상장지수투자신탁(채권),NH-Amundi HANARO Total Market Bond(AA- or Higher) Active ETF,엔에이치아문디자산운용,2023-10-26,KAP 종합채권 총수익지수(AA-이상),한국자산평가(KAP),실물(액티브),국내,채권,배당소득세(보유기간과세),0.02,1000,1218000,104355,-330,-0.32,104453.8,3851,401599170,4.02,127104390000,1271.04,0,0.0
0191W0,KR70191W0005,HANARO 중기종합채권(A-이상)액티브,NH-Amundi HANARO 중기종합채권(A-이상)액티브증권상장지수투자신탁(채권),NH-Amundi HANARO Mid Term Total Market Bond (A- or higher) Active ETF,엔에이치아문디자산운용,2026-05-19,KIS 중기종합채권시장 A-이상 총수익지수,KIS자산평가,실물(액티브),국내,채권,배당소득세(보유기간과세),0.05,1000,1200000,100795,-155,-0.15,100804.16,4,403180,0.0,120954000000,1209.54,0,0.0
0111J0,KR70111J0009,HANARO 증권고배당TOP3플러스,NH-Amundi HANARO 증권고배당TOP3플러스증권상장지수투자신탁[주식],NH-Amundi HANARO Securites High Dividend TOP3 Plus ETF,엔에이치아문디자산운용,2025-10-28,FnGuide 증권 고배당 TOP3 플러스 지수,FnGuide,실물(패시브),국내,주식,비과세,0.07,50000,4450000,12455,-100,-0.8,12483.84,58192,722646809,7.23,55558250000,555.58,0,0.0
495750,KR7495750002,HANARO 코리아밸류업,NH-Amundi HANARO 코리아밸류업증권상장지수투자신탁(주식),NH-Amundi HANARO Korea Value-Up ETF,엔에이치아문디자산운용,2024-11-04,코리아 밸류업 지수,KRX,실물(패시브),국내,주식,비과세,0.026,50000,2450000,32320,-685,-2.08,32391.44,75,2414525,0.02,79220750000,792.21,0,0.0
306530,KR7306530007,HANARO 코스닥150선물레버리지,NH-Amundi HANARO 코스닥150선물레버리지증권상장지수투자신탁(주식-파생형),NH-Amundi HANARO KOSDAQ150 Futures Leverage ETF,엔에이치아문디자산운용,2018-09-18,F-코스닥150 지수,KRX,실물(패시브),국내,주식,배당소득세(보유기간과세),0.45,20000,440000,6765,-505,-6.95,6758.28,18601,125813180,1.26,2970000000,29.7,0,0.0
304770,KR7304770001,HANARO 코스닥150,NH-Amundi HANARO 코스닥150증권상장지수투자신탁[주식],NH-Amundi HANARO KOSDAQ150 ETF,엔에이치아문디자산운용,2018-08-14,코스닥 150,KRX,실물(패시브),국내,주식,비과세,0.2,20000,1420000,13805,-550,-3.83,13907.82,3790,52374485,0.52,19596000000,195.96,0,0.0
375760,KR7375760006,HANARO 탄소효율그린뉴딜,NH-Amundi HANARO 탄소효율그린뉴딜증권상장지수투자신탁[주식],NH-Amundi HANARO Green-Newdeal ETF,엔에이치아문디자산운용,2021-02-05,KRX/S&P 탄소효율 그린뉴딜지수,KRX,실물(패시브),국내,주식,비과세,0.2,100000,900000,24400,-725,-2.89,24550.55,199,4856755,0.05,22041000000,220.41,0,0.0
0007N0,KR70007N0000,아이엠에셋 200,iM에셋 아이엠에셋 200증권상장지수투자신탁(주식),iM ASSET iM ASSET 200 ETF,아이엠에셋자산운용,2025-02-11,코스피 200,KRX,실물(패시브),국내,주식,비과세,0.05,50000,850000,110000,-2640,-2.34,110179.44,72,7873650,0.08,93589250000,935.89,0,0.0
491510,KR7491510004,파워 K-주주가치액티브,교보악사 파워 K-주주가치액티브증권상장지수투자신탁[주식],Kyobo Axa Power K-ShareHolder Value Active ETF,교보악사자산운용,2024-09-24,FnGuide K-주주가치 지수,FnGuide,실물(액티브),국내,주식,배당소득세(보유기간과세),0.405,50000,850000,18055,40,0.22,18154.52,158,2859210,0.03,15385000000,153.85,0,0.0
140950,KR7140950007,파워 코스피100,교보악사 파워 K100 증권 상장지수투자신탁(주식),Kyobo AXA POWER K100 ETF[EQUITY],교보악사자산운용,2011-05-03,코스피 100,KRX,실물(패시브),국내,주식,비과세,0.155,40000,560000,86080,-1910,-2.17,86252.37,436,37326695,0.37,48185200000,481.85,0,0.0
152870,KR7152870002,파워 200,교보악사 파워 K200 증권 상장지수투자신탁(주식),Kyobo AXA POWER K200 ETF,교보악사자산운용,2012-02-13,코스피 200,KRX,실물(패시브),국내,주식,비과세,0.145,50000,1400000,110440,-2375,-2.11,110609.52,697,76497245,0.76,154574000000,1545.74,0,0.0
192720,KR7192720001,파워 고배당저변동성,교보악사 파워 고배당저변동성 증권 상장지수투자신탁(주식),Kyobo Axa Power LVHD ETF,교보악사자산운용,2014-02-20,코스피 200 고배당지수,KRX,실물(패시브),국내,주식,비과세,0.23,30000,510000,59200,-320,-0.54,59182.46,1060,62245090,0.62,30192000000,301.92,0,0.0
498180,KR7498180009,파워 종합채권(AA-이상)액티브,교보악사 파워 종합채권(AA-이상)액티브증권상장지수투자신탁[채권],KyoboAXA Power Total Market Bond(AA- or higher) Active ETF,교보악사자산운용,2024-11-26,"KIS 한국종합채권지수(AA-이상, 총수익)",KIS자산평가,실물(액티브),국내,채권,배당소득세(보유기간과세),0.036,1000,1496000,92780,-340,-0.37,92799.06,0,0,0.0,138798880000,1387.99,0,0.0
486240,KR7486240005,DAISHIN AI반도체&인프라액티브,대신 DAISHIN AI반도체&인프라액티브증권상장지수투자신탁[주식],DAISHIN DAISHIN AI Semiconductor & Infrastructure Active ETF,대신자산운용,2024-06-18,FnGuide AI반도체&인프라 지수,FnGuide,실물(액티브),국내,주식,배당소득세(보유기간과세),0.36,100000,3100000,28645,-760,-2.58,28745.68,387,11001590,0.11,89078500000,890.78,0,0.0
434960,KR7434960001,DAISHIN K200,대신 DAISHIN K200증권상장지수투자신탁[주식],DAISHIN DAISHIN K200 ETF,대신자산운용,2022-06-28,코스피 200,KRX,실물(패시브),국내,주식,비과세,0.1,50000,600000,110390,-2320,-2.06,110425.45,1,110390,0.0,66234000000,662.34,0,0.0
0189Z0,KR70189Z0006,DAISHIN 금융&지주고배당,대신 DAISHIN 금융&지주고배당증권상장지수투자신탁[주식],DAISHIN DAISHIN Financial & Holdings High Dividend ETF,대신자산운용,2026-06-09,KRX-Akros 금융 & 지주 고배당 지수,KRX,실물(패시브),국내,주식,비과세,0.24,50000,1000000,10455,115,1.11,10528.81,1160,12150920,0.12,10495000000,104.95,0,0.0
0174J0,KR70174J0003,DAISHIN 오피스리츠플러스,대신 DAISHIN 오피스리츠플러스부동산상장지수투자신탁[재간접형],DAISHIN DAISHIN Office Reits Plus ETF,대신자산운용,2026-03-31,KRX 프라임 오피스 리츠 지수,KRX,실물(패시브),국내,부동산,비과세(분리과세부동산ETF),0.19,50000,600000,8700,90,1.05,8717.53,3539,30701420,0.31,5217000000,52.17,0,0.0
0053M0,KR70053M0004,더제이 중소형포커스액티브,더제이 더제이 중소형포커스액티브증권상장지수투자신탁[주식],THEJ THEJ mid-small Focus Active ETF,더제이자산운용,2025-07-22,코스피 200 중소형주지수,KRX,실물(액티브),국내,주식,배당소득세(보유기간과세),0.685,50000,450000,12920,65,0.51,12926.0,75,962535,0.01,5814000000,58.14,0,0.0
0220B0,KR70220B0005,DS 코스닥액티브,디에스 DS 코스닥액티브증권상장지수투자신탁(주식),DS DS KOSDAQ ACTIVE ETF,디에스자산운용,2026-07-14,코스닥,KRX,실물(액티브),국내,주식,배당소득세(보유기간과세),1.0,50000,4350000,10280,-230,-2.19,10298.98,211896,2181138970,21.81,44718000000,447.18,0,0.0
0232A0,KR70232A0002,MIDAS 머니마켓액티브,마이다스 MIDAS 머니마켓액티브증권상장지수투자신탁(채권),MIDAS MIDAS Money Market Active ETF,마이다스에셋,2026-09-01,KIS-Midas 머니마켓 지수(총수익),KIS자산평가,실물(액티브),국내,채권,배당소득세(보유기간과세),0.06,1000,1240000,100185,5,0.0,100202.14,2,200390,0.0,124229400000,1242.29,0,0.0
0214M0,KR70214M0000,MIDAS 바이오헬스케어액티브,마이다스 MIDAS 바이오헬스케어액티브증권상장지수투자신탁(주식),MIDAS MIDAS Bio Healthcare Active ETF,마이다스에셋,2026-07-28,KRX 헬스케어,KRX,실물(액티브),국내,주식,배당소득세(보유기간과세),0.62,50000,850000,9855,-105,-1.05,9861.08,392,3843440,0.04,8376750000,83.77,0,0.0
488290,KR7488290008,MIDAS 일본테크액티브,마이다스 MIDAS 일본테크액티브증권상장지수투자신탁(주식),MIDAS MIDAS Japan Tech Active ETF,마이다스에셋,2024-08-06,Solactive Japan Tech Top 30 지수(PR),Solactive,실물(액티브),해외,주식,배당소득세(보유기간과세),0.65,25000,350000,41630,-1445,-3.35,41905.44,937,38491410,0.38,14570500000,145.71,0,0.0
438740,KR7438740003,MIDAS 중소형액티브,마이다스 MIDAS 중소형액티브증권상장지수투자신탁(주식),MIDAS MIDAS Mid/Small-Cap Active ETF,마이다스에셋,2022-08-17,코스피 중형주,KRX,실물(액티브),국내,주식,배당소득세(보유기간과세),0.62,75000,225000,33905,-220,-0.64,33912.23,1,33905,0.0,7628625000,76.29,0,0.0
0191B0,KR70191B0000,MIDAS 코스닥액티브,마이다스 MIDAS 코스닥액티브증권상장지수투자신탁(주식),MIDAS MIDAS KOSDAQ Active ETF,마이다스에셋,2026-05-19,코스닥,KRX,실물(액티브),국내,주식,배당소득세(보유기간과세),0.62,25000,200000,29715,-955,-3.11,29719.55,197,5872395,0.06,5943000000,59.43,0,0.0
403790,KR7403790009,MIDAS 코스피액티브,마이다스 MIDAS 코스피액티브증권상장지수투자신탁(주식),MIDAS MIDAS KOSPI Active ETF,마이다스에셋,2021-10-13,코스피,KRX,실물(액티브),국내,주식,배당소득세(보유기간과세),0.29,75000,2925000,58070,-1210,-2.04,58250.5,212,12259715,0.12,169854750000,1698.55,0,0.0
0139F0,KR70139F0001,TIGER 12월자동연장금융채(AA-이상)액티브,미래에셋 TIGER 12월만기자동연장금융채(AA-이상)액티브증권상장지수투자신탁(채권),MIRAE ASSET TIGER DECEMBER MATURITY ROLLOVER FINANCIAL BOND ACTIVE ETF,미래에셋자산운용,2025-12-09,KIS 12월 만기 자동연장금융채(AA-이상) 총수익지수,KIS자산평가,실물(액티브),국내,채권,배당소득세(보유기간과세),0.1,1000,10578000,102210,10,0.01,102213.67,53,5417130,0.05,1081177380000,10811.77,0,0.0
310960,KR7310960000,TIGER 200TR,미래에셋 TIGER 200 Total Return증권상장지수투자신탁(주식),MIRAE ASSET TIGER 200 Total Return ETF,미래에셋자산운용,2018-11-20,코스피 200 TR,KRX,실물(패시브),국내,주식,배당소득세(보유기간과세),0.09,100000,5700000,63980,-1425,-2.18,64013.58,59157,3756315443,37.56,364315500000,3643.16,0,0.0
227550,KR7227550001,TIGER 200 산업재,미래에셋 TIGER 200 산업재 증권상장지수투자신탁(주식),MIRAE ASSET TIGER 200 INDUSTRIALS ETF,미래에셋자산운용,2015-09-23,코스피 200 산업재,KRX,실물(패시브),국내,주식,비과세,0.4,20000,640000,12320,0,0.0,12278.72,1704,20816820,0.21,7859200000,78.59,0,0.0
227560,KR7227560000,TIGER 200 생활소비재,미래에셋 TIGER 200 생활소비재 증권상장지수투자신탁(주식),MIRAE ASSET TIGER 200 CONSUMER STAPLES ETF,미래에셋자산운용,2015-09-23,코스피 200 생활소비재,KRX,실물(패시브),국내,주식,비과세,0.4,20000,360000,12635,140,1.12,12667.18,13962,172878725,1.73,4550400000,45.5,0,0.0
102110,KR7102110004,TIGER 200,미래에셋 TIGER 200 증권상장지수투자신탁(주식),MIRAE ASSET TIGER 200 ETF,미래에셋자산운용,2008-04-03,코스피 200,KRX,실물(패시브),국내,주식,비과세,0.05,50000,92350000,109735,-2415,-2.15,109846.32,13213303,1440834711414,14408.35,10138183000000,101381.83,0,0.0
243880,KR7243880002,TIGER 200IT레버리지,미래에셋 TIGER 200IT레버리지증권상장지수투자신탁(주식-파생형),MIRAE ASSET TIGER 200 IT LEVERAGE ETF,미래에셋자산운용,2016-05-13,코스피 200 정보기술,KRX,실물(패시브),국내,주식,배당소득세(보유기간과세),0.63,25000,1375000,330540,-21600,-6.13,331552.88,99446,32571169391,325.71,455283125000,4552.83,0,0.0
252000,KR7252000005,TIGER 200동일가중,미래에셋 TIGER 200동일가중증권상장지수투자신탁(주식),MIRAE ASSET TIGER 200 EW ETF,미래에셋자산운용,2016-09-20,코스피 200 동일가중지수,KRX,실물(패시브),국내,주식,비과세,0.21,50000,500000,19750,-90,-0.45,19796.37,5752,111662085,1.12,9875000000,98.75,0,0.0
267770,KR7267770006,TIGER 200선물레버리지,미래에셋 TIGER 200선물레버리지증권상장지수투자신탁(주식-파생형),MIRAE ASSET TIGER 200 FUTURES LEVERAGE ETF,미래에셋자산운용,2017-04-25,코스피 200 선물지수,KRX,실물(패시브),국내,주식,배당소득세(보유기간과세),0.022,100000,2400000,84060,-3780,-4.3,84393.22,71562,5953624002,59.54,202116000000,2021.16,0,0.0
252710,KR7252710009,TIGER 200선물인버스2X,미래에셋 TIGER 200선물인버스2X증권상장지수투자신탁(주식-파생형),MIRAE ASSET TIGER 200 Futures Inverse 2X ETF,미래에셋자산운용,2016-09-22,코스피 200 선물지수,KRX,실물(패시브),국내,주식,배당소득세(보유기간과세),0.022,100000,346600000,80,4,5.26,79.93,71356424,5762752052,57.63,27728000000,277.28,0,0.0
243890,KR7243890001,TIGER 200에너지화학레버리지,미래에셋 TIGER 200에너지화학레버리지증권상장지수투자신탁(주식-파생형),MIRAE ASSET TIGER 200 ENERGY& LEVERAGE ETF,미래에셋자산운용,2016-05-13,코스피 200 에너지/화학,KRX,실물(패시브),국내,주식,배당소득세(보유기간과세),0.69,25000,525000,8940,-480,-5.1,8872.35,17927,158513222,1.59,4646250000,46.46,0,0.0
315270,KR7315270009,TIGER 200커뮤니케이션서비스,미래에셋 TIGER 200커뮤니케이션서비스증권상장지수투자신탁(주식),MIRAE ASSET TIGER 200Communication Service ETF,미래에셋자산운용,2019-01-15,코스피 200 커뮤니케이션서비스,KRX,실물(패시브),국내,주식,비과세,0.4,20000,380000,19310,-30,-0.16,19372.62,4256,82039250,0.82,7337800000,73.38,0,0.0
166400,KR7166400002,TIGER 200커버드콜OTM,미래에셋 TIGER 200커버드콜OTM 증권상장지수투자신탁(주식-파생형),MIRAE ASSET TIGER 200 COVERED CALL OTM,미래에셋자산운용,2012-10-25,코스피 200 커버드콜 5% OTM,KRX,실물(패시브),국내,주식,배당소득세(보유기간과세),0.38,100000,500000,24550,-295,-1.19,24586.27,2255,55029567,0.55,12275000000,122.75,0,0.0
0104N0,KR70104N0002,TIGER 200타겟위클리커버드콜,미래에셋 TIGER 200타겟위클리커버드콜증권상장지수투자신탁(주식),MIRAE ASSET TIGER 200 TARGET WEEKLY COVERED CALL ETF,미래에셋자산운용,2025-09-23,코스피 200 타겟 7% 위클리 커버드콜 지수,KRX,실물(패시브),국내,주식,배당소득세(보유기간과세),0.25,100000,10300000,21250,-325,-1.51,21160.48,191800,4019275206,40.19,217948000000,2179.48,0,0.0
227540,KR7227540002,TIGER 200 헬스케어,미래에셋 TIGER 200헬스케어증권상장지수투자신탁(주식),MIRAE ASSET TIGER 200 HEALTH CARE ETF,미래에셋자산운용,2015-09-23,코스피 200 헬스케어,KRX,실물(패시브),국내,주식,비과세,0.4,20000,1660000,18570,-430,-2.26,18557.99,17752,329383500,3.29,30751500000,307.51,0,0.0
480260,KR7480260009,TIGER 27-04회사채(A+이상)액티브,미래에셋 TIGER 27-04회사채(A+이상)액티브증권상장지수투자신탁(채권),MIRAE ASSET TIGER 27-04 CORPORATE ACTIVE ETF,미래에셋자산운용,2024-04-23,KIS 회사채2704만기형 지수 (총수익 지수),KIS자산평가,실물(액티브),국내,채권,배당소득세(보유기간과세),0.1,2000,7390000,53845,-5,-0.01,53854.67,6230,335497313,3.35,397914550000,3979.15,0,0.0
0094K0,KR70094K0007,TIGER 28-04 회사채(A+이상)액티브,미래에셋 TIGER 28-04 회사채(A+이상)액티브증권상장지수투자신탁(채권),MIRAE ASSET TIGER 28-04 CORPORATE ACTIVE ETF,미래에셋자산운용,2025-08-26,KIS 회사채 2804만기형 지수(총수익),KIS자산평가,실물(액티브),국내,채권,배당소득세(보유기간과세),0.1,1000,3047000,99590,-130,-0.13,99591.76,26765,2664976470,26.65,303450730000,3034.51,0,0.0
364980,KR7364980003,TIGER 2차전지TOP10,미래에셋 TIGER 2차전지TOP10 증권상장지수투자신탁(주식),MIRAE ASSET TIGER KRX SECONDARY BATTERY K-NEW DEAL ETF,미래에셋자산운용,2020-10-07,KRX 2차전지 TOP 10 지수,KRX,실물(패시브),국내,주식,비과세,0.4,50000,68300000,10410,-295,-2.76,10426.79,1730668,18040733824,180.41,712369000000,7123.69,0,0.0
412570,KR7412570004,TIGER 2차전지TOP10레버리지,미래에셋 TIGER 2차전지TOP10레버리지 증권상장지수투자신탁(주식-파생형),MIRAE ASSET TIGER KRX SECONDARY BATTERY K-NEW DEAL LEVERAGE ETF,미래에셋자산운용,2021-12-15,KRX 2차전지 TOP 10 지수,KRX,실물(패시브),국내,주식,배당소득세(보유기간과세),0.29,50000,146550000,1253,-72,-5.43,1251.75,6691487,8419265312,84.19,183627150000,1836.27,0,0.0
462010,KR7462010000,TIGER 2차전지소재Fn,미래에셋 TIGER 2차전지소재Fn증권상장지수투자신탁(주식),MIRAE ASSET TIGER Secondary Battery Material ETF,미래에셋자산운용,2023-07-13,FnGuide 2차전지소재 (Price Return) 지수,FnGuide,실물(패시브),국내,주식,비과세,0.39,50000,108950000,4910,-160,-3.16,4918.44,1661022,8201706548,82.02,536034000000,5360.34,0,0.0
305540,KR7305540007,TIGER 2차전지테마,미래에셋 TIGER 2차전지테마증권상장지수투자신탁(주식),MIRAE ASSET TIGER SECONDARY CELL ETF,미래에셋자산운용,2018-09-12,WISE 2차전지 테마 지수,WiseFn,실물(패시브),국내,주식,비과세,0.44,50000,49950000,19135,-480,-2.45,19038.95,208086,3969243565,39.69,949799250000,9497.99,0,0.0
471760,KR7471760009,TIGER AI반도체핵심공정,미래에셋 TIGER AI반도체핵심공정증권상장지수투자신탁(주식),MIRAE ASSET TIGER AI Semiconductor Core Tech ETF,미래에셋자산운용,2023-11-21,iSelect AI반도체핵심공정지수,NH투자증권,실물(패시브),국내,주식,비과세,0.45,50000,9050000,14065,-410,-2.83,14065.77,270399,3797532269,37.98,127288250000,1272.88,0,0.0
365040,KR7365040005,TIGER AI코리아그로스액티브,미래에셋 TIGER AI코리아그로스액티브증권상장지수투자신탁(주식),MIRAE ASSET TIGER AI KOREA GROWTH ACTIVE ETF,미래에셋자산운용,2020-09-29,코스피,KRX,실물(액티브),국내,주식,배당소득세(보유기간과세),0.4,100000,2100000,36530,-870,-2.33,36525.61,3696,134453785,1.34,76723500000,767.24,0,0.0
364960,KR7364960005,TIGER BBIG,미래에셋 TIGER BBIG 증권상장지수투자신탁(주식),MIRAE ASSET TIGER KRX BBIG K-NEW DEAL ETF,미래에셋자산운용,2020-10-07,KRX BBIG 지수,KRX,실물(패시브),국내,주식,비과세,0.4,50000,11900000,6335,-90,-1.4,6324.87,6040,38046845,0.38,75029500000,750.29,0,0.0
412560,KR7412560005,TIGER BBIG레버리지,미래에셋 TIGER BBIG레버리지 증권상장지수투자신탁(주식-파생형),MIRAE ASSET TIGER KRX BBIG K-NEW DEAL LEVERAGE ETF,미래에셋자산운용,2021-12-15,KRX BBIG 지수,KRX,실물(패시브),국내,주식,배당소득세(보유기간과세),0.59,50000,650000,1639,-43,-2.56,1637.91,7972,12959071,0.13,1065350000,10.65,0,0.0
475630,KR7475630000,TIGER CD1년금리액티브(합성),미래에셋 TIGER CD1년금리액티브증권상장지수투자신탁(채권혼합-파생형)(합성),MIRAE ASSET TIGER SYNTH CD 1Y RATE ACTIVE ETF,미래에셋자산운용,2024-02-06,KIS CD 1Y 총수익지수,KIS자산평가,합성(액티브),국내,기타,배당소득세(보유기간과세),0.009,100,1215500,1077075,145,0.01,1077078.51,113623,122380129204,1223.8,1309178585000,13091.79,0,0.0
357870,KR7357870005,TIGER CD금리투자KIS(합성),미래에셋 TIGER CD금리투자KIS특별자산상장지수투자신탁(CD-파생형)(합성),MIRAE ASSET TIGER CD Rate Investment (SYNTH) ETF,미래에셋자산운용,2020-07-07,KIS CD Index(총수익),KIS자산평가,합성(패시브),국내,기타,배당소득세(보유기간과세),0.03,2000,61112000,58050,5,0.01,58047.62,176176,10226443172,102.26,3547246040000,35472.46,0,0.0
499660,KR7499660009,TIGER CD금리플러스액티브(합성),미래에셋 TIGER CD금리플러스액티브증권상장지수투자신탁(채권혼합-파생형)(합성),MIRAE ASSET TIGER SYNTH CD RATE PLUS ACTIVE ETF,미래에셋자산운용,2024-12-17,KIS CD+CPI연동금리 월분배 지수,KIS자산평가,합성(액티브),국내,기타,배당소득세(보유기간과세),0.009,100,473200,1001500,105,0.01,1001497.6,12284,12302395595,123.02,473907434000,4739.07,0,0.0
400970,KR7400970000,TIGER Fn메타버스,미래에셋 TIGER Fn메타버스증권상장지수투자신탁(주식),MIRAE ASSET TIGER Fn Metaverse ETF,미래에셋자산운용,2021-10-13,FnGuide 메타버스테마 지수,FnGuide,실물(패시브),국내,주식,비과세,0.45,50000,5000000,7275,-75,-1.02,7315.2,2772,20200625,0.2,36600000000,366.0,0,0.0
377990,KR7377990007,TIGER Fn신재생에너지,미래에셋 TIGER Fn신재생에너지증권상장지수투자신탁(주식),MIRAE ASSET TIGER Fn RENEWABLE ENERGY ETF,미래에셋자산운용,2021-03-05,FnGuide 신재생에너지 지수,FnGuide,실물(패시브),국내,주식,비과세,0.5,50000,4950000,24490,-190,-0.77,24557.16,97870,2383592479,23.84,121473000000,1214.73,0,0.0
417630,KR7417630001,TIGER KEDI혁신기업ESG30,미래에셋 TIGER KEDI혁신기업ESG30증권상장지수투자신탁(주식),MIRAE ASSET TIGER INNOVATOR ESG30 ETF,미래에셋자산운용,2022-02-08,KEDI 혁신기업ESG30 지수(시장가격 지수),한국경제신문,실물(패시브),국내,주식,비과세,0.5,50000,1050000,19500,-170,-0.86,19615.01,680,13112510,0.13,20532750000,205.33,0,0.0
292160,KR7292160009,TIGER KRX300,미래에셋 TIGER KRX300증권상장지수투자신탁(주식),MIRAE ASSET TIGER KRX300 ETF,미래에셋자산운용,2018-03-26,KRX 300,KRX,실물(패시브),국내,주식,비과세,0.07,100000,500000,48545,-1050,-2.12,48498.66,746,35890120,0.36,24272500000,242.72,0,0.0
0072R0,KR70072R0006,TIGER KRX금현물,미래에셋 TIGER KRX금현물특별자산상장지수투자신탁(금),Mirae Asset TIGER Gold Spot ETF,미래에셋자산운용,2025-06-24,KRX 금현물지수,KRX,실물(패시브),국내,원자재,배당소득세(보유기간과세),0.15,50000,93100000,12605,-160,-1.25,12629.31,829754,10400412908,104.0,1173525500000,11735.25,0,0.0
404540,KR7404540007,TIGER KRX기후변화솔루션,미래에셋 TIGER KRX기후변화솔루션증권상장지수투자신탁(주식),MIRAE ASSET TIGER KRX Climate Change Solutions ETF,미래에셋자산운용,2021-10-29,KRX 기후변화 솔루션지수,KRX,실물(패시브),국내,주식,비과세,0.09,50000,500000,24460,-420,-1.69,24563.75,5649,136505110,1.37,12250000000,122.5,0,0.0
300610,KR7300610003,TIGER K게임,미래에셋 TIGER K게임증권상장지수투자신탁(주식),MIRAE ASSET TIGER K-GAME ETF,미래에셋자산운용,2018-07-24,WISE K게임 테마 지수,WiseFn,실물(패시브),국내,주식,비과세,0.5,50000,2350000,5460,-5,-0.09,5447.05,17796,96184835,0.96,12748750000,127.49,0,0.0
138530,KR7138530001,TIGER LG그룹플러스,미래에셋 TIGER LG그룹+ 증권상장지수투자신탁(주식),MIRAE ASSET TIGER LG GROUP+ ETF,미래에셋자산운용,2011-03-10,MKF LG그룹+ FW,FnGuide,실물(패시브),국내,주식,비과세,0.15,20000,6540000,12365,-240,-1.9,12416.24,44738,551380569,5.51,81194100000,811.94,0,0.0
445910,KR7445910003,TIGER MKF배당귀족,미래에셋 TIGER MKF배당귀족증권상장지수투자신탁(주식),MIRAE ASSET TIGER MKF Dividend Aristocrats ETF,미래에셋자산운용,2022-10-18,MKF 배당귀족 지수(시장가격지수),FnGuide,실물(패시브),국내,주식,비과세,0.2,50000,900000,20790,110,0.53,20787.01,2544,52546825,0.53,18711000000,187.11,0,0.0
289260,KR7289260002,TIGER MSCI KOREA ESG리더스,미래에셋 TIGER MSCI KOREA ESG리더스증권상장지수투자신탁(주식),MIRAE ASSET TIGER MSCI KOREA ESG LEADERS ETF,미래에셋자산운용,2018-02-07,MSCI Korea Country ESG Leaders Capped Index,MSCI,실물(패시브),국내,주식,비과세,0.4,30000,600000,29455,-150,-0.51,29456.77,6901,201983555,2.02,17673000000,176.73,0,0.0
289250,KR7289250003,TIGER MSCI KOREA ESG유니버설,미래에셋 TIGER MSCI KOREA ESG유니버설증권상장지수투자신탁(주식),MIRAE ASSET TIGER MSCI KOREA ESG UNIVERSAL ETF,미래에셋자산운용,2018-02-07,MSCI Korea ESG Universal Index,MSCI,실물(패시브),국내,주식,비과세,0.4,30000,690000,35370,-585,-1.63,35386.23,644,22351640,0.22,24405300000,244.05,0,0.0
310970,KR7310970009,TIGER MSCI Korea TR,미래에셋 TIGER MSCI Korea Total Return증권상장지수투자신탁(주식),MIRAE ASSET TIGER MSCI Korea Total Return ETF,미래에셋자산운용,2018-11-20,MSCI Korea TR Index,MSCI,실물(패시브),국내,주식,배당소득세(보유기간과세),0.12,100000,92800000,48725,-1370,-2.73,48930.19,7921,385021639,3.85,4530496000000,45304.96,0,0.0
0000D0,KR70000D0009,TIGER 엔비디아미국채커버드콜밸런스(합성),미래에셋 TIGER NVDA-UST커버드콜증권상장지수투자신탁(채권혼합-파생재간접형)(합성),MIRAE ASSET TIGER SYNTH-NVIDIA US Treasury Covered Call Balanced ETF,미래에셋자산운용,2024-12-17,KEDI 엔비디아미국채30년타겟커버드콜혼합지수(TR),한국경제신문,합성(패시브),해외,혼합자산,배당소득세(보유기간과세),0.39,50000,6900000,8670,-50,-0.57,8679.5,27864,241146148,2.41,59823000000,598.23,0,0.0
143850,KR7143850006,TIGER 미국S&P500선물(H),미래에셋 TIGER S&P500선물 증권상장지수투자신탁(주식-파생형),MIRAE ASSET TIGER S&P500 FUTURES ETF,미래에셋자산운용,2011-07-18,S&P 500 Futures Index(ER),S&P,실물(패시브),해외,주식,배당소득세(보유기간과세),0.23,25000,1175000,76705,-335,-0.43,76705.46,1622,124227552,1.24,90110750000,901.11,0,0.0
269370,KR7269370003,TIGER S&P글로벌인프라(합성),미래에셋 TIGER S&P글로벌인프라증권상장지수투자신탁 (주식-파생형)(합성),MIRAEASSET TIGER SYNTH-S&P GLOBAL INFRASTRUCTURE ETF,미래에셋자산운용,2017-05-16,S&P Global Infrastructure Index,S&P,합성(패시브),해외,주식,배당소득세(보유기간과세),0.4,50000,700000,16285,-145,-0.88,16350.27,710,11570230,0.12,11399500000,114.0,0,0.0
0195S0,KR70195S0007,TIGER SK하이닉스단일종목레버리지,미래에셋 TIGER SK하이닉스단일종목레버리지증권상장지수투자신탁(주식-파생형),MIRAE ASSET TIGER SK Hynix Single Stock Leverage,미래에셋자산운용,2026-05-27,KRX SK하이닉스 지수,KRX,실물(패시브),국내,주식,배당소득세(보유기간과세),0.09,25000,159075000,9740,-410,-4.04,9681.83,8617825,81331398223,813.31,1535073750000,15350.74,0,0.0
453950,KR7453950008,TIGER TSMC파운드리밸류체인,미래에셋 TIGER TSMC파운드리밸류체인증권상장지수투자신탁(주식),Mirae Asset TIGER TSMC Foundry Value Chain ETF,미래에셋자산운용,2023-04-04,FactSet TSMC 파운드리 밸류체인 지수(시장가격지수),FACTSET,실물(패시브),해외,주식,배당소득세(보유기간과세),0.49,50000,1950000,31625,-375,-1.17,31242.3,6711,211881920,2.12,61668750000,616.69,0,0.0
364990,KR7364990002,TIGER 게임TOP10,미래에셋 TIGER 게임TOP10 증권상장지수투자신탁(주식),MIRAE ASSET KRX TIGER GAME K-NEW DEAL ETF,미래에셋자산운용,2020-10-07,KRX 게임 TOP 10 지수,KRX,실물(패시브),국내,주식,비과세,0.4,50000,4350000,4530,-5,-0.11,4528.11,16871,75891528,0.76,19727250000,197.27,0,0.0
139280,KR7139280002,TIGER 경기방어,미래에셋 TIGER 경기방어 증권상장지수투자신탁(주식),MIRAE ASSET TIGER CONSUMER STAPLES ETF,미래에셋자산운용,2011-04-06,코스피 200 경기방어소비재,KRX,실물(패시브),국내,주식,비과세,0.4,20000,3200000,12315,-120,-0.97,12353.06,1610,19811625,0.2,39504000000,395.04,0,0.0
237440,KR7237440003,TIGER 경기방어채권혼합,미래에셋 TIGER 경기방어혼합 증권상장지수투자신탁(채권혼합),MIRAE ASSET TIGER CONSUMER GOODS BALANCED ETF,미래에셋자산운용,2016-01-27,경기방어소비재 채권혼합 지수,KRX,실물(패시브),국내,혼합자산,배당소득세(보유기간과세),0.18,100000,1000000,10180,-45,-0.44,10183.58,2561,26064534,0.26,10180000000,101.8,0,0.0
319640,KR7319640009,TIGER 골드선물(H),미래에셋 TIGER 골드선물특별자산상장지수투자신탁(금-파생형)(H),MIRAE ASSET TIGER GOLD FUTURES ETF(H),미래에셋자산운용,2019-04-09,S&P GSCI Gold Index(TR),S&P,실물(패시브),해외,원자재,배당소득세(보유기간과세),0.39,50000,4450000,25580,-395,-1.52,25598.1,11197,284125143,2.84,113808750000,1138.09,0,0.0
0190Y0,KR70190Y0004,TIGER 구글밸류체인,미래에셋 TIGER 구글밸류체인증권상장지수투자신탁(주식),MIRAE ASSET TIGER GOOGLE VALUE CHAIN ETF,미래에셋자산운용,2026-05-12,Akros Google Value Chain 지수 (Price Return),Akros,실물(패시브),해외,주식,배당소득세(보유기간과세),0.45,50000,8100000,8235,-45,-0.54,8227.07,53246,437682443,4.38,66825000000,668.25,0,0.0
160580,KR7160580007,TIGER 구리실물,미래에셋 TIGER 구리실물 특별자산상장지수투자신탁(금속),MIRAE ASSET TIGER PHYSICAL COPPER ETF,미래에셋자산운용,2012-12-17,S&P GSCI Cash Copper Index,S&P,실물(패시브),해외,원자재,배당소득세(보유기간과세),0.83,25000,9575000,15925,-405,-2.48,15921.46,75109,1188622967,11.89,152529750000,1525.3,0,0.0
114820,KR7114820004,TIGER 국채3년,미래에셋 TIGER 국채3 증권상장지수투자신탁(채권),MIRAE ASSET TIGER KTB3 ETF,미래에셋자산운용,2009-08-27,KTB INDEX(시장가격),KRX,실물(패시브),국내,채권,배당소득세(보유기간과세),0.15,1000,1178000,104740,-280,-0.27,104821.13,12016,1258225935,12.58,123383720000,1233.84,0,0.0
464310,KR7464310002,TIGER 글로벌AI&로보틱스 INDXX,미래에셋 TIGER 글로벌AI&로보틱스INDXX증권상장지수투자신탁(주식),MIRAE ASSET TIGER Global Artificial Intelligence & Robotics INDXX ETF,미래에셋자산운용,2023-08-17,Indxx Global Robotics & Artificial Intelligence Thematic Index(PR),Indxx,실물(패시브),해외,주식,배당소득세(보유기간과세),0.49,50000,7800000,13050,-85,-0.65,13054.33,22772,295594709,2.96,101790000000,1017.9,0,0.0
418670,KR7418670006,TIGER 글로벌AI사이버보안,미래에셋 TIGER 글로벌AI사이버보안증권상장지수투자신탁(주식),MIRAE ASSET TIGER GLOBAL AI CYBERSECURITY ETF,미래에셋자산운용,2022-02-22,Indxx Cybersecurity 지수 (PR),Indxx,실물(패시브),해외,주식,배당소득세(보유기간과세),0.49,40000,2880000,16695,25,0.15,16570.28,66735,1109558863,11.1,48067200000,480.67,0,0.0
466950,KR7466950003,TIGER 글로벌AI액티브,미래에셋 TIGER 글로벌AI액티브증권상장지수투자신탁(주식),MIRAE ASSET TIGER GLOBAL AI ACTIVE ETF,미래에셋자산운용,2023-10-11,Indxx Artificial Intelligence and Big Data 지수(PR),Indxx,실물(액티브),해외,주식,배당소득세(보유기간과세),0.79,10000,18720000,29120,-545,-1.84,29029.47,86356,2498238584,24.98,545126400000,5451.26,0,0.0
440340,KR7440340008,TIGER 글로벌멀티에셋TIF액티브,미래에셋 TIGER 글로벌멀티에셋TIF액티브증권상장지수투자신탁(채권혼합),MIRAE ASSET TIGER Global Multi Asset TIF Active ETF,미래에셋자산운용,2022-08-30,INDXX 멀티에셋인컴 지수(시장가격 지수),Indxx,실물(액티브),해외,혼합자산,배당소득세(보유기간과세),0.55,50000,2250000,11490,-80,-0.69,11562.25,9996,115467410,1.15,25875000000,258.75,0,0.0
476690,KR7476690003,TIGER 글로벌비만치료제TOP2Plus,미래에셋 TIGER 글로벌비만치료제TOP2 Plus INDXX증권상장지수투자신탁(주식),MIRAE ASSET TIGER GLOBAL OBESITY TREATMENT TOP 2 PLUS ETF,미래에셋자산운용,2024-02-29,Indxx Global Obesity Treatment Top 2 Plus 지수 (시장가격),Indxx,실물(패시브),해외,주식,배당소득세(보유기간과세),0.45,50000,3000000,9930,0,0.0,9921.59,4947,49059125,0.49,29700000000,297.0,0,0.0
480310,KR7480310002,TIGER 글로벌온디바이스AI,미래에셋 TIGER 글로벌온디바이스AI증권상장지수투자신탁(주식),MIRAE ASSET TIGER GLOBAL ON DEVICE AI ETF,미래에셋자산운용,2024-04-16,Mirae Asset Global On-Device AI 지수 (PR),Mirae Asset Global Indices,실물(패시브),해외,주식,배당소득세(보유기간과세),0.49,50000,2650000,19315,-240,-1.23,19279.98,29358,564349467,5.64,51118500000,511.19,0,0.0
387270,KR7387270002,TIGER 글로벌이노베이션액티브,미래에셋 TIGER 글로벌이노베이션액티브증권상장지수투자신탁(주식-재간접형),MIRAE ASSET TIGER GLOBAL INNOVATION ACTIVE ETF,미래에셋자산운용,2021-05-25,NASDAQ 100,NASDAQ,실물(액티브),해외,주식,배당소득세(보유기간과세),0.55,10000,1160000,24420,-330,-1.33,24318.19,384,9335486,0.09,28333000000,283.33,0,0.0
371450,KR7371450008,TIGER 글로벌클라우드컴퓨팅INDXX,미래에셋 TIGER 글로벌클라우드컴퓨팅INDXX증권상장지수투자신탁(주식-파생형),MIRAE ASSET TIGER GLOBAL CLOUD COMPUTING INDXX ETF,미래에셋자산운용,2020-12-08,Indxx Global Cloud Computing Index(PR),Indxx,실물(패시브),해외,주식,배당소득세(보유기간과세),0.49,40000,1560000,12895,-65,-0.5,12898.56,9852,127048125,1.27,20163000000,201.63,0,0.0
248270,KR7248270001,TIGER S&P글로벌헬스케어(합성),미래에셋 TIGER 글로벌헬스케어 증권상장지수투자신탁(주식-파생형)(합성),MIRAE ASSET TIGER SYNTH-GLOBAL HEALTHCARE ETF,미래에셋자산운용,2016-07-01,S&P Global 1200 Health Care Index,S&P,합성(패시브),해외,주식,배당소득세(보유기간과세),0.4,20000,1160000,25005,-25,-0.1,25116.56,1680,42125130,0.42,29040600000,290.41,0,0.0
464930,KR7464930007,TIGER 글로벌혁신블루칩TOP10,미래에셋 TIGER 글로벌혁신블루칩TOP10증권상장지수투자신탁(주식),MIRAE ASSET TIGER Global Innovative Bluechip Top 10 ETF,미래에셋자산운용,2023-08-29,Mirae Asset Global Innovative Bluechip Top 10 Index(PR),Mirae Asset Global Indices,실물(패시브),해외,주식,배당소득세(보유기간과세),0.48,50000,5200000,19805,-45,-0.23,19863.07,13648,269792515,2.7,102986000000,1029.86,0,0.0
139320,KR7139320006,TIGER 금은선물(H),미래에셋 TIGER 금은선물 특별자산상장지수투자신탁(금속-파생형),MIRAE ASSET TIGER PRECIOUS METAL FUTURES ETF,미래에셋자산운용,2011-04-08,S&P GSCI Precious Metals Index(TR),S&P,실물(패시브),해외,원자재,배당소득세(보유기간과세),0.69,50000,2250000,18085,-340,-1.85,18113.0,8039,144377823,1.44,40747500000,407.48,0,0.0
0168K0,KR70168K0008,TIGER 기술이전바이오액티브,미래에셋 TIGER 기술이전바이오액티브증권상장지수투자신탁(주식),MIRAE ASSET TIGER TECHNOLOGY TRANSFER BIOTECHNOLOGY ACTIVE ETF,미래에셋자산운용,2026-03-17,KRX 기술이전 바이오 지수,KRX,실물(액티브),국내,주식,배당소득세(보유기간과세),0.5,10000,21250000,5710,-100,-1.72,5737.86,831426,4732232100,47.32,121550000000,1215.5,0,0.0
137610,KR7137610002,TIGER 농산물선물Enhanced(H),미래에셋 TIGER 농산물선물 특별자산상장지수투자신탁(농산물-파생형),MIRAE ASSET TIGER AGRI FUTURES ETF,미래에셋자산운용,2011-01-11,S&P GSCI Agriculture Enhanced Index(ER),S&P,실물(패시브),해외,원자재,배당소득세(보유기간과세),0.69,100000,2300000,5970,45,0.76,5964.16,19470,116398346,1.16,13742500000,137.43,0,0.0
272580,KR7272580002,TIGER 단기채권액티브,미래에셋 TIGER 단기채권액티브증권상장지수투자신탁(채권),MIRAE ASSET TIGER MONEY MARKET ACTIVE ETF,미래에셋자산운용,2017-06-29,KIS MSB 6M PLUS 지수,KIS자산평가,실물(액티브),국내,채권,배당소득세(보유기간과세),0.06,2000,13310000,57145,5,0.01,57143.95,11904,680242609,6.8,760599950000,7606.0,0,0.0
157450,KR7157450008,TIGER 단기통안채,미래에셋 TIGER 단기통안채증권상장지수투자신탁(채권),MIRAE ASSET TIGER MONEY MARKET ETF,미래에셋자산운용,2012-05-16,KIS MSB 6M(총수익),KIS자산평가,실물(패시브),국내,채권,배당소득세(보유기간과세),0.07,1000,11485000,112625,10,0.01,112627.91,3253,366380982,3.66,1293498125000,12934.98,0,0.0
105010,KR7105010003,TIGER 라틴35,미래에셋 TIGER 라틴 증권상장지수투자신탁(주식),MIRAE ASSET TIGER LATIN ETF,미래에셋자산운용,2008-08-27,BNY Latin America 35 ADR,BNY Mellon,실물(패시브),해외,주식,배당소득세(해외주식투자전용ETF),0.49,100000,1400000,6425,80,1.26,6414.46,13733,87864006,0.88,8918000000,89.18,0,0.0
123320,KR7123320004,TIGER 레버리지,미래에셋 TIGER 레버리지 증권상장지수투자신탁(주식-파생형),MIRAE ASSET TIGER LEVERAGE ETF,미래에셋자산운용,2010-04-09,코스피 200,KRX,실물(패시브),국내,주식,배당소득세(보유기간과세),0.022,100000,2400000,111010,-4905,-4.23,111080.91,140256,15335448815,153.35,266544000000,2665.44,0,0.0
0086B0,KR70086B0008,TIGER 리츠부동산인프라TOP10액티브,미래에셋 TIGER 리츠부동산인프라TOP10액티브부동산상장지수투자신탁(재간접형),MIRAE ASSET TIGER REITS REAL ESTATE INFRASTRUCTURE TOP 10 ACTIVE ETF,미래에셋자산운용,2025-07-29,KEDI 리츠부동산인프라TOP10지수 (Price Return),한국경제신문,실물(액티브),국내,부동산,배당소득세(분리과세부동산ETF),0.06,50000,4900000,9435,10,0.11,9465.91,6271,59182233,0.59,46354000000,463.54,0,0.0
341850,KR7341850006,TIGER 리츠부동산인프라채권,미래에셋 TIGER 리츠부동산인프라채권부동산상장지수투자신탁(재간접형),MIRAE ASSET TIGER REITS REAL ESTATE INFRA BOND ETF,미래에셋자산운용,2020-05-22,KIS 리츠부동산인프라채권PR 지수,KIS자산평가,실물(패시브),국내,혼합자산,배당소득세(분리과세부동산ETF),0.22,50000,2000000,4580,20,0.44,4559.44,9759,44270630,0.44,9160000000,91.6,0,0.0
329200,KR7329200000,TIGER 리츠부동산인프라,미래에셋 TIGER 리츠부동산인프라혼합자산상장지수투자신탁(재간접형),MIRAE ASSET TIGER REITS REAL ESTATE INFRA ETF,미래에셋자산운용,2019-07-19,FnGuide 리츠부동산인프라,FnGuide,실물(패시브),국내,부동산,비과세,0.08,50000,383150000,4040,5,0.12,4038.42,1444930,5831971249,58.32,1546776550000,15467.77,0,0.0
0086C0,KR70086C0007,TIGER 리츠부동산인프라10채권혼합액티브,미래에셋 TIGER 리츠인프라10채권액티브증권상장지수투자신탁(채권혼합-재간접형),MIRAE ASSET TIGER REITS REAL ESTATE INFRASTRUCTURE 10 BALANCED ACTIVE ETF,미래에셋자산운용,2025-07-29,KEDI 리츠부동산인프라TOP10채권혼합지수 (Price Return),한국경제신문,실물(액티브),국내,혼합자산,배당소득세(보유기간과세),0.15,50000,1750000,9810,5,0.05,9795.07,9025,88166407,0.88,17088750000,170.89,0,0.0
0043B0,KR70043B0000,TIGER 머니마켓액티브,미래에셋 TIGER 머니마켓액티브증권상장지수투자신탁(채권),MIRAE ASSET TIGER MONEY MARKET ACTIVE ETF,미래에셋자산운용,2025-04-22,KIS-미래에셋 MMF지수,KIS자산평가,실물(액티브),국내,채권,배당소득세(보유기간과세),0.04,1000,37234000,103635,10,0.01,103637.69,94327,9775368324,97.75,3858745590000,38587.46,0,0.0
147970,KR7147970008,TIGER 모멘텀,미래에셋 TIGER 모멘텀 증권상장지수투자신탁(주식),MIRAE ASSET TIGER MOMENTUM ETF,미래에셋자산운용,2011-10-26,FnGuide 모멘텀 지수,FnGuide,실물(패시브),국내,주식,비과세,0.23,20000,460000,81365,445,0.55,81094.23,1223,98481833,0.98,37220900000,372.21,0,0.0
458250,KR7458250008,TIGER 미국30년국채스트립액티브(합성 H),미래에셋 TIGER 미국30년국채스트립액티브증권상장지수투자신탁(채권-파생형)(합성 H),MIRAE ASSET TIGER US T-BOND 30Y STRIPS SYNTH ACTIVE ETF(H),미래에셋자산운용,2023-05-31,ICE BofA Long US Treasury Principal STRIPS Index,"ICE Data Indices, LLC",합성(액티브),해외,채권,배당소득세(보유기간과세),0.15,2000,11050000,33790,-465,-1.36,33792.56,77542,2609367508,26.09,373103250000,3731.03,0,0.0
0142D0,KR70142D0008,TIGER 미국AI데이터센터TOP4Plus,미래에셋 TIGER 미국AI데이터센터TOP4Plus증권상장지수투자신탁(주식),MIRAE ASSET TIGER US AI Data Center TOP4Plus ETF,미래에셋자산운용,2025-12-09,Akros U.S. AI Data Center TOP4 Plus 지수(PR),Akros,실물(패시브),해외,주식,배당소득세(보유기간과세),0.49,50000,9350000,10575,-215,-1.99,10386.17,178059,1872228263,18.72,99343750000,993.44,0,0.0
491830,KR7491830006,TIGER 미국AI반도체팹리스,미래에셋 TIGER 미국AI반도체팹리스증권상장지수투자신탁(주식),MIRAE ASSET TIGER US AI SEMICONDUCTOR FABLESS ETF,미래에셋자산운용,2024-09-24,Mirae Asset US AI Fabless 지수(PR),Mirae Asset Global Indices,실물(패시브),해외,주식,배당소득세(보유기간과세),0.49,50000,1700000,20970,-270,-1.27,20876.97,7687,160186630,1.6,35649000000,356.49,0,0.0
490090,KR7490090008,TIGER 미국AI빅테크10,미래에셋 TIGER 미국AI빅테크10증권상장지수투자신탁(주식),MIRAE ASSET TIGER US AI BIG TECH 10 ETF,미래에셋자산운용,2024-08-27,KEDI 미국AI빅테크10 지수(PR),한국경제신문,실물(패시브),해외,주식,배당소득세(보유기간과세),0.3,50000,13350000,15445,65,0.42,15433.29,455373,7023879088,70.24,206190750000,2061.91,0,0.0
493810,KR7493810006,TIGER 미국AI빅테크10타겟데일리커버드콜,미래에셋 TIGER 미국AI빅테크10타겟데일리커버드콜증권상장지수투자신탁(주식),MIRAE ASSET TIGER US AI BIG TECH 10 TARGET DAILY COVERED CALL ETF,미래에셋자산운용,2024-10-15,KEDI 미국AI빅테크10+15%데일리프리미엄 지수(TR),한국경제신문,실물(패시브),해외,주식,배당소득세(보유기간과세),0.25,50000,21200000,11090,45,0.41,11080.72,156563,1733356162,17.33,235214000000,2352.14,0,0.0
0102A0,KR70102A0009,TIGER 미국AI소프트웨어TOP4Plus,미래에셋 TIGER 미국AI소프트웨어TOP4Plus증권상장지수투자신탁(주식),MIRAE ASSET TIGER US AI SOFTWARE TOP4 PLUS ETF,미래에셋자산운용,2025-09-09,Akros U.S. AI Software TOP4 Plus 지수 (Price Return),Akros,실물(패시브),해외,주식,배당소득세(보유기간과세),0.49,50000,8100000,8440,-5,-0.06,8330.84,226433,1898636844,18.99,68323500000,683.24,0,0.0
0123G0,KR70123G0008,TIGER 미국AI전력SMR,미래에셋 TIGER 미국AI전력SMR증권상장지수투자신탁(주식),MIRAE ASSET TIGER US AI Electricity SMR ETF,미래에셋자산운용,2025-11-04,Akros U.S. AI Electricity SMR Index 지수(PR),Akros,실물(패시브),해외,주식,배당소득세(보유기간과세),0.49,50000,20250000,6395,-160,-2.44,6308.52,148193,939347081,9.39,129397500000,1293.97,0,0.0
488500,KR7488500000,TIGER 미국S&P500동일가중,미래에셋 TIGER 미국S&P500동일가중증권상장지수투자신탁(주식),MIRAE ASSET TIGER S&P 500 EQUAL WEIGHT ETF,미래에셋자산운용,2024-07-23,S&P 500 Equal Weight Index(PR),S&P,실물(패시브),해외,주식,배당소득세(보유기간과세),0.2,50000,9050000,12105,-25,-0.21,12069.7,30295,366348160,3.66,109550250000,1095.5,0,0.0
0238P0,KR70238P0009,TIGER 미국S&P500미국채혼합50,미래에셋 TIGER 미국S&P500미국채혼합50증권상장지수투자신탁(채권혼합),MIRAE ASSET TIGER S&P500 and U.S. SHORT-TERM TREASURY 50&50 BLEND ETF,미래에셋자산운용,2026-09-08,S&P 500 and Short-Term Treasury 50/50 Blend Index,S&P,실물(패시브),해외,혼합자산,배당소득세(보유기간과세),0.15,10000,5000000,9970,55,0.55,9920.47,155229,1544401013,15.44,49800000000,498.0,0,0.0
429000,KR7429000003,TIGER 미국S&P500배당귀족,미래에셋 TIGER 미국S&P500배당귀족증권상장지수투자신탁(주식),MIRAE ASSET TIGER S&P500 DIVIDEND ARISTOCRATS ETF,미래에셋자산운용,2022-05-17,S&P 500 Dividend Aristocrats 지수 (Price Return),S&P,실물(패시브),해외,주식,배당소득세(보유기간과세),0.25,50000,14300000,12745,-40,-0.31,12731.1,49858,635333896,6.35,182682500000,1826.83,0,0.0
360750,KR7360750004,TIGER 미국S&P500,미래에셋 TIGER 미국S&P500증권상장지수투자신탁(주식),MIRAE ASSET TIGER S&P500 ETF,미래에셋자산운용,2020-08-07,S&P 500,S&P,실물(패시브),해외,주식,배당소득세(보유기간과세),0.006,50000,791100000,25440,15,0.06,25334.19,40376070,1025086283066,10250.86,20125584000000,201255.84,0,0.0
448290,KR7448290007,TIGER 미국S&P500(H),미래에셋 TIGER 미국S&P500증권상장지수투자신탁(주식-파생형)(H),MIRAE ASSET TIGER S&P500 ETF(H),미래에셋자산운용,2022-11-25,S&P 500,S&P,실물(패시브),해외,주식,배당소득세(보유기간과세),0.07,50000,26000000,17635,-65,-0.37,17553.99,94830,1666681343,16.67,458510000000,4585.1,0,0.0
418660,KR7418660007,TIGER 미국나스닥100레버리지(합성),미래에셋 TIGER 미국나스닥100레버리지증권상장지수투자신탁(주식혼합-파생형)(합성),MIRAE ASSET TIGER SYNTH-NASDAQ 100 LEVERAGE ETF,미래에셋자산운용,2022-02-22,NASDAQ 100,NASDAQ,합성(패시브),해외,주식,배당소득세(보유기간과세),0.25,50000,17200000,37305,-290,-0.77,37038.81,193363,7164066711,71.64,641302000000,6413.02,0,0.0
133690,KR7133690008,TIGER 미국나스닥100,미래에셋 TIGER 미국나스닥100증권상장지수투자신탁(주식),MIRAE ASSET TIGER NASDAQ100 ETF,미래에셋자산운용,2010-10-18,NASDAQ 100,NASDAQ,실물(패시브),해외,주식,배당소득세(해외주식투자전용ETF),0.7,10000,65170000,174005,-535,-0.31,173378.61,3450645,598878596317,5988.79,11340557550000,113405.58,0,0.0
448300,KR7448300004,TIGER 미국나스닥100(H),미래에셋 TIGER 미국나스닥100증권상장지수투자신탁(주식-파생형)(H),MIRAE ASSET TIGER NASDAQ 100 ETF(H),미래에셋자산운용,2022-11-25,NASDAQ 100,NASDAQ,실물(패시브),해외,주식,배당소득세(보유기간과세),0.006,50000,18250000,22680,-180,-0.79,22595.52,67284,1519498313,15.19,413910000000,4139.1,0,0.0
435420,KR7435420005,TIGER 미국나스닥100채권혼합50,미래에셋 TIGER 미국나스닥100채권혼합50증권상장지수투자신탁(채권혼합),MIRAE ASSET TIGER NASDAQ100 BALANCED 50 ETF,미래에셋자산운용,2022-07-06,FnGuide 나스닥100채권혼합50 지수(총수익 지수),FnGuide,실물(패시브),국내&해외,혼합자산,배당소득세(보유기간과세),0.25,50000,35950000,13785,-40,-0.29,13734.02,79774,1098575846,10.99,495211250000,4952.11,0,0.0
441680,KR7441680006,TIGER 미국나스닥100커버드콜(합성),미래에셋 TIGER 미국나스닥100커버드콜증권상장지수투자신탁(주식-파생형)(합성),MIRAE ASSET TIGER SYNTH-Nasdaq100 Covered Call ETF,미래에셋자산운용,2022-09-22,Cboe Nasdaq-100 BuyWrite V2 지수 (Total Return),NASDAQ,합성(패시브),해외,주식,배당소득세(보유기간과세),0.37,50000,26300000,10455,50,0.48,10476.16,42028,439016880,4.39,274177500000,2741.78,0,0.0
429010,KR7429010002,TIGER 미국나스닥넥스트100,미래에셋 TIGER 미국나스닥넥스트100증권상장지수투자신탁(주식),MIRAE ASSET TIGER NASDAQ NEXT 100 ETF,미래에셋자산운용,2022-05-17,Nasdaq Next Generation 100 지수 (Price Return),NASDAQ,실물(패시브),해외,주식,배당소득세(보유기간과세),0.49,50000,500000,18600,-90,-0.48,18480.55,143,2666395,0.03,9300000000,93.0,0,0.0
245340,KR7245340005,TIGER 미국다우존스30,미래에셋 TIGER 미국다우존스30 증권상장지수투자신탁(주식-파생형),MIRAE ASSET TIGER DOW JONES 30 ETF,미래에셋자산운용,2016-07-01,Dow Jones Industrial Average,S&P,실물(패시브),해외,주식,배당소득세(해외주식투자전용ETF),0.35,20000,4080000,34275,-5,-0.01,34149.68,3966,135729594,1.36,139740000000,1397.4,0,0.0
456610,KR7456610005,TIGER 미국달러SOFR금리액티브(합성),미래에셋 TIGER 미국달러SOFR금리액티브특별자산상장지수투자신탁(금리-파생형)(합성),MIRAE ASSET TIGER USD SYNTH-SOFR ACTIVE ETF,미래에셋자산운용,2023-05-09,Solactive SOFR Daily Total Return Index,Solactive,합성(액티브),해외,기타,배당소득세(보유기간과세),0.05,2000,11872000,58500,285,0.49,58520.21,14512,849715180,8.5,694512000000,6945.12,0,0.0
329750,KR7329750004,TIGER 미국달러단기채권액티브,미래에셋 TIGER 미국달러단기채권액티브증권상장지수투자신탁(채권-파생형),MIRAE ASSET TIGER USD MONEY MARKET ACTIVE ETF,미래에셋자산운용,2019-07-24,KIS U.S. TREASURY BOND 0-1Y 지수(총수익),KIS자산평가,실물(액티브),해외,채권,배당소득세(보유기간과세),0.3,10000,53040000,12730,65,0.51,12723.59,354427,4516350393,45.16,675199200000,6751.99,0,0.0
261110,KR7261110001,TIGER 미국달러선물레버리지,미래에셋 TIGER 미국달러선물레버리지특별자산상장지수투자신탁(달러-파생형),MIRAE ASSET TIGER USD Futures Leverage ETF,미래에셋자산운용,2016-12-27,미국달러선물지수,KRX,실물(패시브),국내,통화,배당소득세(보유기간과세),0.05,100000,500000,15170,170,1.13,15175.31,5304,80510015,0.81,7585000000,75.85,0,0.0
261120,KR7261120000,TIGER 미국달러선물인버스2X,미래에셋 TIGER 미국달러선물인버스2X특별자산상장지수투자신탁(달러-파생형),MIRAE ASSET TIGER USD Futures Inverse2X ETF,미래에셋자산운용,2016-12-27,미국달러선물지수,KRX,실물(패시브),국내,통화,배당소득세(보유기간과세),0.05,100000,6200000,5575,-55,-0.98,5586.58,11212,62515055,0.63,34534000000,345.34,0,0.0
494840,KR7494840002,TIGER 미국방산TOP10,미래에셋 TIGER 미국방산TOP10증권상장지수투자신탁(주식),MIRAE ASSET TIGER US DEFENSE TOP 10 ETF,미래에셋자산운용,2024-10-29,Mirae Asset US Defense Top 10 Index(PR),Mirae Asset Global Indices,실물(패시브),해외,주식,배당소득세(보유기간과세),0.45,50000,3300000,12040,85,0.71,11998.06,12817,153976847,1.54,39765000000,397.65,0,0.0
458730,KR7458730009,TIGER 미국배당다우존스,미래에셋 TIGER 미국배당다우존스증권상장지수투자신탁(주식),MIRAE ASSET TIGER U.S. Dividend Equity ETF,미래에셋자산운용,2023-06-20,Dow Jones U.S. Dividend 100 Price Return Index,S&P,실물(패시브),해외,주식,배당소득세(보유기간과세),0.01,50000,290750000,14500,55,0.38,14444.65,1513267,21914540994,219.15,4212967500000,42129.68,0,0.0
0008S0,KR70008S0004,TIGER 미국배당다우존스타겟데일리커버드콜,미래에셋 TIGER 미국배당다우존스타겟데일리커버드콜증권상장지수투자신탁(주식),MIRAE ASSET TIGER US Dividend Dow Jones Target Daily Covered Call ETF,미래에셋자산운용,2025-01-21,Dow Jones U.S. Dividend 100 10% Daily Premium Covered Call 지수,S&P,실물(패시브),해외,주식,배당소득세(보유기간과세),0.25,50000,31250000,9635,45,0.47,9604.75,256055,2464840541,24.65,301093750000,3010.94,0,0.0
0015K0,KR70015K0003,TIGER 미국소비트렌드액티브,미래에셋 TIGER 미국소비트렌드액티브증권상장지수투자신탁(주식),Mirae Asset TIGER US Consumer Trend Active ETF,미래에셋자산운용,2025-02-18,Mirae Asset US Consumer Trend 지수 (PR),Mirae Asset Global Indices,실물(액티브),해외,주식,배당소득세(보유기간과세),0.79,10000,700000,6720,-25,-0.37,6723.3,14,94330,0.0,4704000000,47.04,0,0.0
0183J0,KR70183J0002,TIGER 미국우주테크,미래에셋 TIGER 미국우주테크증권상장지수투자신탁(주식),MIRAE ASSET TIGER US SPACE TECH ETF,미래에셋자산운용,2026-04-14,Akros U.S. Space Tech 지수(PR),Akros,실물(패시브),해외,주식,배당소득세(보유기간과세),0.49,50000,148000000,7335,25,0.34,7293.92,1388029,10114608984,101.15,1084396000000,10843.96,0,0.0
305080,KR7305080004,TIGER 미국채10년선물,미래에셋 TIGER 미국채10년선물증권상장지수투자신탁(채권-파생형),MIRAE ASSET TIGER 10Y U.S. TREASURY NOTE FUTURES ETF,미래에셋자산운용,2018-08-30,S&P 10-Year U.S. Treasury Note Futures(ER),S&P,실물(패시브),해외,채권,배당소득세(보유기간과세),0.25,100000,17900000,11785,-25,-0.21,11784.45,58074,684391684,6.84,210951500000,2109.51,0,0.0
0046A0,KR70046A0008,TIGER 미국초단기(3개월이하)국채,미래에셋 TIGER 미국초단기(3개월이하)국채증권상장지수투자신탁(채권-재간접형),MIRAE ASSET U.S ULTRA-SHORT TERM (UNDER 3 MONTHS) TREASURY BOND ETF,미래에셋자산운용,2025-04-29,ICE 0-3 Month US Treasury Securities 지수,"ICE Data Indices, LLC",실물(패시브),해외,채권,배당소득세(보유기간과세),0.09,10000,38750000,9310,55,0.59,9307.63,392493,3653883718,36.54,360646250000,3606.46,0,0.0
465670,KR7465670008,TIGER 미국캐시카우100,미래에셋 TIGER 미국캐시카우100증권상장지수투자신탁(주식),MIRAE ASSET TIGER U.S. Cash Cow 100 ETF,미래에셋자산운용,2023-09-19,Global X U.S. Cash Flow Kings 100 Index(PR),Mirae Asset Global Indices,실물(패시브),해외,주식,배당소득세(보유기간과세),0.25,50000,1350000,16065,-10,-0.06,16067.21,11862,190408580,1.9,21687750000,216.88,0,0.0
0223R0,KR70223R0004,TIGER 미국테크NYSE100액티브,미래에셋 TIGER 미국테크NYSE100액티브증권상장지수투자신탁(주식),MIRAE ASSET TIGER U.S. TECH NYSE100 ACTIVE ETF,미래에셋자산운용,2026-07-21,NYSE 100 지수(Price Return),"ICE Data Indices, LLC",실물(액티브),해외,주식,배당소득세(보유기간과세),0.79,10000,3030000,8935,-100,-1.11,8897.03,43314,384464409,3.84,27088200000,270.88,0,0.0
381170,KR7381170000,TIGER 미국테크TOP10 INDXX,미래에셋 TIGER 미국테크TOP10 INDXX증권상장지수투자신탁(주식),MIRAE ASSET TIGER US Tech TOP10 INDXX ETF,미래에셋자산운용,2021-04-09,Indxx US Tech Top 10 Index,Indxx,실물(패시브),해외,주식,배당소득세(보유기간과세),0.49,50000,123600000,30045,75,0.25,30029.47,1852493,55574413776,555.74,3713562000000,37135.62,0,0.0
472160,KR7472160001,TIGER 미국테크TOP10 INDXX(H),미래에셋 TIGER 미국테크TOP10 INDXX증권상장지수투자신탁(주식)(H),MIRAE ASSET TIGER US Tech Top10 INDXX ETF(H),미래에셋자산운용,2023-12-05,Indxx US Tech Top 10 Index,Indxx,실물(패시브),해외,주식,배당소득세(보유기간과세),0.49,50000,12000000,18770,-40,-0.21,18751.67,154468,2890878710,28.91,225300000000,2253.0,0,0.0
472170,KR7472170000,TIGER 미국테크TOP10채권혼합,미래에셋 TIGER 미국테크TOP10채권혼합증권상장지수투자신탁(채권혼합),MIRAE ASSET TIGER US Tech Top10 Balanced ETF,미래에셋자산운용,2023-12-05,FnGuide 미국테크TOP10 채권혼합지수,FnGuide,실물(패시브),국내&해외,혼합자산,배당소득세(보유기간과세),0.25,50000,24200000,13700,20,0.15,13673.47,112650,1540289364,15.4,331419000000,3314.19,0,0.0
458260,KR7458260007,TIGER 미국투자등급회사채액티브(H),미래에셋 TIGER 미국투자등급회사채액티브증권상장지수투자신탁(채권)(H),MIRAE ASSET TIGER US INVESTMENT GRADE CORPORATE BOND ACTIVE ETF(H),미래에셋자산운용,2023-05-31,iBoxx USD Liquid Investment Grade Index(Price Return),S&P,실물(액티브),해외,채권,배당소득세(보유기간과세),0.14,2000,4800000,45690,-325,-0.71,45646.97,5948,271499940,2.71,219288000000,2192.88,0,0.0
497570,KR7497570002,TIGER 미국필라델피아AI반도체나스닥,미래에셋 TIGER 미국필라델피아AI반도체나스닥증권상장지수투자신탁(주식),MIRAE ASSET TIGER PHLX US AI Semiconductor ETF,미래에셋자산운용,2024-11-26,PHLX US AI Semiconductor 지수 (PR),NASDAQ,실물(패시브),해외,주식,배당소득세(보유기간과세),0.49,50000,50500000,20790,-265,-1.26,20716.95,560705,11608453479,116.08,1050147500000,10501.48,0,0.0
381180,KR7381180009,TIGER 미국필라델피아반도체나스닥,미래에셋 TIGER 미국필라델피아반도체나스닥증권상장지수투자신탁(주식),MIRAE ASSET TIGER US PHLX Semiconductor Sector Nasdaq ETF,미래에셋자산운용,2021-04-09,PHLX Semiconductor Sector Index,NASDAQ,실물(패시브),해외,주식,배당소득세(보유기간과세),0.49,50000,136250000,40820,-570,-1.38,40650.38,914116,37095501043,370.96,5561043750000,55610.44,0,0.0
228810,KR7228810008,TIGER 미디어컨텐츠,미래에셋 TIGER 미디어컨텐츠 증권상장지수투자신탁(주식),MIRAE ASSET TIGER MEDIA CONTENTS ETF,미래에셋자산운용,2015-10-07,WISE 미디어컨텐츠 지수,WiseFn,실물(패시브),국내,주식,비과세,0.44,30000,24300000,3095,20,0.65,3105.6,109610,338925720,3.39,75208500000,752.09,0,0.0
364970,KR7364970004,TIGER 바이오TOP10,미래에셋 TIGER 바이오TOP10 증권상장지수투자신탁(주식),MIRAE ASSET TIGER KRX BIO K-NEW DEAL ETF,미래에셋자산운용,2020-10-07,KRX 바이오 TOP 10 지수,KRX,실물(패시브),국내,주식,비과세,0.4,50000,36800000,6830,-135,-1.94,6826.93,485564,3310712768,33.11,250792000000,2507.92,0,0.0
091230,KR7091230003,TIGER 반도체,미래에셋 TIGER 반도체 증권상장지수투자신탁(주식),MIRAE ASSET TIGER SEMICON ETF,미래에셋자산운용,2006-06-27,KRX 반도체,KRX,실물(패시브),국내,주식,비과세,0.46,20000,9880000,136815,-8185,-5.64,136654.24,256851,35169083343,351.69,1346792200000,13467.92,0,0.0
488080,KR7488080003,TIGER 반도체TOP10레버리지,미래에셋 TIGER 반도체TOP10레버리지증권상장지수투자신탁(주식-파생형),MIRAE ASSET TIGER Semiconductor TOP 10 Leverage ETF,미래에셋자산운용,2024-07-23,FnGuide 반도체TOP10 지수,FnGuide,실물(패시브),국내,주식,배당소득세(보유기간과세),0.49,50000,16850000,34810,-3195,-8.41,34932.93,5239672,181902167712,1819.02,586548500000,5865.48,0,0.0
396500,KR7396500001,TIGER 반도체TOP10,미래에셋 TIGER 반도체TOP10증권상장지수투자신탁(주식),MIRAE ASSET TIGER Semiconductor TOP 10 ETF,미래에셋자산운용,2021-08-10,FnGuide 반도체TOP10 지수,FnGuide,실물(패시브),국내,주식,비과세,0.45,50000,266350000,36595,-1625,-4.25,36723.97,9439585,345117730539,3451.18,9761727500000,97617.27,0,0.0
0177R0,KR70177R0000,TIGER 반도체TOP10커버드콜액티브,미래에셋 TIGER 반도체TOP10커버드콜액티브증권상장지수투자신탁(주식-파생형),MIRAE ASSET TIGER SEMICONDUCTOR TOP10 COVERED CALL ACTIVE ETF,미래에셋자산운용,2026-04-21,FnGuide 반도체 TOP10 Capped 지수(Price Return),FnGuide,실물(액티브),국내,주식,배당소득세(보유기간과세),0.45,100000,71500000,11445,-370,-3.13,11405.92,2664015,30177207415,301.77,815457500000,8154.57,0,0.0
138520,KR7138520002,TIGER 삼성그룹,미래에셋 TIGER 삼성그룹 증권상장지수투자신탁(주식),MIRAE ASSET TIGER SAMSUNG GROUP ETF,미래에셋자산운용,2011-03-07,MKF SAMs FW,FnGuide,실물(패시브),국내,주식,비과세,0.113,20000,4040000,36745,-585,-1.57,36592.28,17904,650360745,6.5,147480200000,1474.8,0,0.0
0233J0,KR70233J0002,TIGER 삼성전자SK하이닉스미국채혼합50,미래에셋 TIGER 삼성전자SK하이닉스미국채혼합50증권상장지수투자신탁(채권혼합),MIRAE ASSET TIGER Samsung Electronics SK Hynix US Bond Balanced 50 ETF,미래에셋자산운용,2026-08-25,KRX 삼성전자 SK하이닉스 미국채 혼합지수,KRX,실물(패시브),국내&해외,혼합자산,배당소득세(보유기간과세),0.15,10000,20000000,10435,-110,-1.04,10463.39,167257,1731300673,17.31,208500000000,2085.0,0,0.0
0195R0,KR70195R0008,TIGER 삼성전자단일종목레버리지,미래에셋 TIGER 삼성전자단일종목레버리지증권상장지수투자신탁(주식-파생형),MIRAE ASSET TIGER Samsung Electronics Single Stock Leverage,미래에셋자산운용,2026-05-27,KRX 삼성전자 지수,KRX,실물(패시브),국내,주식,배당소득세(보유기간과세),0.09,25000,91400000,10625,-665,-5.89,10599.27,4080224,42725424590,427.25,965184000000,9651.84,0,0.0
157490,KR7157490004,TIGER 소프트웨어,미래에셋 TIGER 소프트웨어 증권상장지수투자신탁(주식),MIRAE ASSET TIGER SOFTWARE ETF,미래에셋자산운용,2012-05-16,FnGuide 소프트웨어 지수,FnGuide,실물(패시브),국내,주식,비과세,0.4,20000,9300000,8125,-65,-0.79,8121.21,47181,380127442,3.8,75330000000,753.3,0,0.0
228800,KR7228800009,TIGER 여행레저,미래에셋 TIGER 여행레저 증권상장지수투자신탁(주식),MIRAE ASSET TIGER TOUR LEISURE ETF,미래에셋자산운용,2015-10-07,WISE 여행레저 지수,WiseFn,실물(패시브),국내,주식,비과세,0.5,30000,25800000,2660,-15,-0.56,2681.84,76150,203183918,2.03,69015000000,690.15,0,0.0
227570,KR7227570009,TIGER 우량가치,미래에셋 TIGER 우량가치 증권상장지수투자신탁(주식),MIRAE ASSET TIGER QUALITY VALUE ETF,미래에셋자산운용,2015-09-23,FnGuide 퀄리티밸류 지수,FnGuide,실물(패시브),국내,주식,비과세,0.35,30000,360000,21590,380,1.79,21457.93,5544,118546402,1.19,7725600000,77.26,0,0.0
261140,KR7261140008,TIGER 우선주,미래에셋 TIGER 우선주증권상장지수투자신탁(주식),MIRAE ASSET TIGER PREFERRED STOCK ETF,미래에셋자산운용,2017-01-06,코스피 우선주 지수,KRX,실물(패시브),국내,주식,비과세,0.29,20000,1280000,24390,-580,-2.32,24290.9,6962,169086439,1.69,31116800000,311.17,0,0.0
130680,KR7130680002,TIGER 원유선물Enhanced(H),미래에셋 TIGER 원유선물 특별자산상장지수투자신탁(원유-파생형),MIRAE ASSET TIGER WTI FUTURES ETF,미래에셋자산운용,2010-08-02,S&P GSCI Crude Oil Enhanced Index ER,S&P,실물(패시브),해외,원자재,배당소득세(보유기간과세),0.69,50000,2150000,8260,445,5.69,8262.81,62301,521687028,5.22,17780500000,177.81,0,0.0
245350,KR7245350004,TIGER 유로스탁스배당30,미래에셋 TIGER 유로스탁스배당30 증권상장지수투자신탁(주식-파생형),MIRAE ASSET TIGER EURO STOXX DIVIDEND 30 ETF,미래에셋자산운용,2016-07-01,Euro STOXX Select Dividend 30,STOXX,실물(패시브),해외,주식,배당소득세(해외주식투자전용ETF),0.35,50000,1600000,18935,0,0.0,18984.77,3036,57608977,0.58,30200000000,302.0,0,0.0
0189B0,KR70189B0004,TIGER 은액티브,미래에셋 TIGER 은액티브특별자산상장지수투자신탁(은-재간접형),MIRAE ASSET TIGER Silver Active ETF,미래에셋자산운용,2026-04-28,ICE Silver Spot 지수 (시장가격),"ICE Data Indices, LLC",실물(액티브),해외,원자재,배당소득세(보유기간과세),0.3,50000,5100000,7840,-360,-4.39,7805.92,61971,480898320,4.81,40035000000,400.35,0,0.0
091220,KR7091220004,TIGER 은행,미래에셋 TIGER 은행 증권상장지수투자신탁(주식),MIRAE ASSET TIGER BANKS ETF,미래에셋자산운용,2006-06-27,KRX 은행,KRX,실물(패시브),국내,주식,비과세,0.46,20000,1160000,17510,310,1.8,17502.44,66220,1147816547,11.48,20290720000,202.91,0,0.0
466940,KR7466940004,TIGER 은행고배당플러스TOP10,미래에셋 TIGER 은행고배당플러스TOP10증권상장지수투자신탁(주식),MIRAE ASSET TIGER Bank High Dividend Plus TOP 10 Fn ETF,미래에셋자산운용,2023-10-17,FnGuide 은행고배당플러스TOP10 지수(시장가격 지수),FnGuide,실물(패시브),국내,주식,비과세,0.3,50000,31250000,27390,530,1.97,27503.74,544522,14863574259,148.64,858750000000,8587.5,0,0.0
307510,KR7307510008,TIGER 의료기기,미래에셋 TIGER 의료기기증권상장지수투자신탁(주식),MIRAE ASSET TIGER HEALTHCARE EQUIP ETF,미래에셋자산운용,2018-11-08,FnGuide 의료기기 지수,FnGuide,실물(패시브),국내,주식,비과세,0.5,50000,500000,11945,-25,-0.21,11984.03,731,8671757,0.09,5972500000,59.73,0,0.0
453870,KR7453870008,TIGER 인도니프티50,미래에셋 TIGER 인도니프티50증권상장지수투자신탁(주식-파생형),MIRAE ASSET TIGER INDIA NIFTY 50 ETF,미래에셋자산운용,2023-04-14,Nifty 50 Index,NSE(NSE Indices Limited),실물(패시브),해외,주식,배당소득세(보유기간과세),0.19,50000,24950000,10810,0,0.0,10801.81,62497,673823786,6.74,269584750000,2695.85,0,0.0
236350,KR7236350005,TIGER 인도니프티50레버리지(합성),미래에셋 TIGER 인도레버리지증권상장지수투자신탁(주식혼합-파생형)(합성),MIRAE ASSET TIGER SYNTH-INDIA LEVERAGE ETF,미래에셋자산운용,2016-05-13,Nifty 50 Index,NSE(NSE Indices Limited),합성(패시브),해외,주식,배당소득세(보유기간과세),0.58,20000,620000,24100,-200,-0.82,24158.97,8558,206578379,2.07,14880000000,148.8,0,0.0
479730,KR7479730004,TIGER 인도빌리언컨슈머,미래에셋 TIGER 인도빌리언컨슈머증권상장지수투자신탁(주식),MIRAE ASSET TIGER INDIA BILLION CONSUMER ETF,미래에셋자산운용,2024-05-14,Mirae Asset India Billion Consumer 지수(PR),Mirae Asset Global Indices,실물(패시브),해외,주식,배당소득세(보유기간과세),0.49,50000,5900000,9465,-5,-0.05,9460.28,6760,63886186,0.64,55843500000,558.43,0,0.0
123310,KR7123310005,TIGER 인버스,미래에셋 TIGER 인버스 증권상장지수투자신탁(주식-파생형),MIRAE ASSET TIGER INVERSE ETF,미래에셋자산운용,2010-03-29,코스피 200 선물지수,KRX,실물(패시브),국내,주식,배당소득세(보유기간과세),0.022,100000,44000000,1113,25,2.3,1114.4,2667079,2990192901,29.9,49016000000,490.16,0,0.0
365000,KR7365000009,TIGER 인터넷TOP10,미래에셋 TIGER 인터넷TOP10 증권상장지수투자신탁(주식),MIRAE ASSET TIGER KRX INTERNET K-NEW DEAL ETF,미래에셋자산운용,2020-10-07,KRX 인터넷 TOP 10 지수,KRX,실물(패시브),국내,주식,비과세,0.4,50000,10100000,3485,-85,-2.38,3493.73,31033,107780550,1.08,35249000000,352.49,0,0.0
241180,KR7241180009,TIGER 일본니케이225,미래에셋 TIGER 일본니케이225증권상장지수투자신탁(주식-파생형),MIRAE ASSET TIGER NIKKEI225 ETF,미래에셋자산운용,2016-03-31,Nikkei 225,Nikkei,실물(패시브),해외,주식,배당소득세(해외주식투자전용ETF),0.29,20000,11400000,33660,-590,-1.72,33689.66,20034,669431220,6.69,383667000000,3836.67,0,0.0
465660,KR7465660009,TIGER 일본반도체FACTSET,미래에셋 TIGER 일본반도체FACTSET증권상장지수투자신탁(주식),MIRAE ASSET TIGER Japan Semiconductor FACTSET ETF,미래에셋자산운용,2023-09-19,FactSet Japan Semiconductor Index(PR),FACTSET,실물(패시브),해외,주식,배당소득세(보유기간과세),0.49,50000,1350000,22610,-1350,-5.63,22987.13,26281,601243817,6.01,30537000000,305.37,0,0.0
292560,KR7292560000,TIGER 일본엔선물,미래에셋 TIGER 일본엔선물특별자산상장지수투자신탁(엔-파생형),MIRAE ASSET TIGER JPYKRW FUTURES ETF,미래에셋자산운용,2018-04-17,엔선물지수,KRX,실물(패시브),국내,통화,배당소득세(보유기간과세),0.21,100000,6000000,8070,-10,-0.12,8079.01,56794,458035932,4.58,48420000000,484.2,0,0.0
0025N0,KR70025N0008,TIGER TDF2045 적격,미래에셋 TIGER 적격TDF2045증권상장지수투자신탁(주식혼합),MIRAE ASSET TIGER TDF2045 Qualifying ETF,미래에셋자산운용,2025-03-25,S&P Korea Target Date 2045 Global Index,S&P,실물(패시브),국내&해외,혼합자산,배당소득세(보유기간과세),0.19,50000,65450000,11710,5,0.04,11680.5,196053,2290786980,22.91,766223150000,7662.23,0,0.0
494670,KR7494670003,TIGER 조선TOP10,미래에셋 TIGER 조선TOP10증권상장지수투자신탁(주식),MIRAE ASSET TIGER Shipbuilding TOP10 ETF,미래에셋자산운용,2024-10-22,iSelect 조선TOP10 Index(PR),NH투자증권,실물(패시브),국내,주식,비과세,0.35,50000,25650000,22695,535,2.41,22729.09,646818,14576265171,145.76,582639750000,5826.4,0,0.0
150460,KR7150460004,TIGER 중국소비테마,미래에셋 TIGER 중국소비테마 증권상장지수투자신탁(주식),MIRAE ASSET TIGER CHINA CONSUMER ETF,미래에셋자산운용,2011-12-16,FnGuide 중국내수테마 지수,FnGuide,실물(패시브),국내,주식,비과세,0.5,30000,7440000,7565,45,0.6,7568.6,6605,49578615,0.5,56283600000,562.84,0,0.0
0192Z0,KR70192Z0001,TIGER 중기종합채권(A-이상)액티브,미래에셋 TIGER 중기종합채권(A-이상)액티브증권상장지수투자신탁(채권),MIRAE ASSET TIGER MID TERM AGGREGATE BOND ACTIVE (A- OR HIGHER) ETF ETF,미래에셋자산운용,2026-05-19,NICE 중기종합채권(A-이상)(총수익지수),NICE피앤아이,실물(액티브),국내,채권,배당소득세(보유기간과세),0.06,1000,1920000,100830,-125,-0.12,100818.31,2000,201660000,2.02,193593600000,1935.94,0,0.0
302190,KR7302190004,TIGER 중장기국채,미래에셋 TIGER 중장기국채증권상장지수투자신탁(채권-파생형),MIRAE ASSET TIGER KTB 3-10 ETF,미래에셋자산운용,2018-07-20,KIS 국채 3-10년 지수(시장가격지수),KIS자산평가,실물(패시브),국내,채권,배당소득세(보유기간과세),0.13,20000,3880000,49700,-210,-0.42,49722.04,4228,210025885,2.1,192836000000,1928.36,0,0.0
157500,KR7157500000,TIGER 증권,미래에셋 TIGER 증권 증권상장지수투자신탁(주식),MIRAE ASSET TIGER SECURITIES ETF,미래에셋자산운용,2012-05-16,FnGuide 증권 지수,FnGuide,실물(패시브),국내,주식,비과세,0.4,20000,17940000,12400,-120,-0.96,12393.74,334179,4121101405,41.21,222276600000,2222.77,0,0.0
307520,KR7307520007,TIGER 지주회사,미래에셋 TIGER 지주회사증권상장지수투자신탁(주식),MIRAE ASSET TIGER HOLDINGS COMPANY ETF,미래에셋자산운용,2018-11-08,FnGuide 지주회사 지수,FnGuide,실물(패시브),국내,주식,비과세,0.5,50000,12400000,22655,-340,-1.48,22729.4,277218,6248976251,62.49,281666000000,2816.66,0,0.0
117690,KR7117690008,TIGER 차이나항셍30,미래에셋 TIGER 차이나 증권상장지수투자신탁(주식),MIRAE ASSET TIGER CHINA ETF,미래에셋자산운용,2009-10-21,Hang Seng China (Hong Kong-listed) 30 Index,HangSeng,실물(패시브),해외,주식,배당소득세(해외주식투자전용ETF),0.4,50000,500000,18610,160,0.87,18721.49,723,13455150,0.13,9305000000,93.05,0,0.0
0067Y0,KR70067Y0004,TIGER 차이나AI소프트웨어,미래에셋 TIGER 차이나AI소프트웨어증권상장지수투자신탁(주식),MIRAE ASSET TIGER CHINA AI SOFTWARE ETF,미래에셋자산운용,2025-06-17,"Mirae Asset China AI Software 지수 (Price Return, HKD)",Mirae Asset Global Indices,실물(패시브),해외,주식,배당소득세(보유기간과세),0.49,50000,950000,9565,-105,-1.09,9584.68,5734,55091069,0.55,9058250000,90.58,0,0.0
245360,KR7245360003,TIGER 차이나HSCEI,미래에셋 TIGER 차이나HSCEI증권상장지수투자신탁(주식-파생형),MIRAE ASSET TIGER CHINA H-SHARE ETF,미래에셋자산운용,2016-06-16,Hang Seng China H,HangSeng,실물(패시브),해외,주식,배당소득세(해외주식투자전용ETF),0.29,50000,2100000,11775,60,0.51,11751.76,5808,68212542,0.68,24685500000,246.85,0,0.0
414780,KR7414780007,TIGER 차이나과창판STAR50(합성),미래에셋 TIGER 차이나과창판STAR50증권상장지수투자신탁(주식-파생형)(합성),MIRAE ASSET TIGER SYNTH-CHINA STAR50 ETF,미래에셋자산운용,2022-01-13,STAR 50 Index(Price Return),CSI,합성(패시브),해외,주식,배당소득세(보유기간과세),0.09,50000,13700000,12605,-115,-0.9,12785.61,75497,948466271,9.48,173579000000,1735.79,0,0.0
0067V0,KR70067V0007,TIGER 차이나글로벌리더스TOP3+,미래에셋 TIGER 차이나글로벌리더스TOP3+증권상장지수투자신탁(주식),MIRAE ASSET TIGER CHINA GLOBAL LEADERS TOP3 PLUS ETF,미래에셋자산운용,2025-06-17,"Solactive-KEDI 차이나글로벌리더스TOP3플러스 지수 (Price Return, CNH)",Solactive,실물(패시브),해외,주식,배당소득세(보유기간과세),0.49,50000,2200000,9130,-20,-0.22,9206.95,4350,39264967,0.39,20075000000,200.75,0,0.0
371470,KR7371470006,TIGER 차이나바이오테크SOLACTIVE,미래에셋 TIGER 차이나바이오테크SOLACTIVE증권상장지수투자신탁(주식-파생형),MIRAE ASSET TIGER CHINA BIOTECH SOLACTIVE ETF,미래에셋자산운용,2020-12-08,Solactive China Biotech Index(PR),Solactive,실물(패시브),해외,주식,배당소득세(보유기간과세),0.49,40000,5280000,7890,-105,-1.31,7932.11,8949,70544468,0.71,41632800000,416.33,0,0.0
396520,KR7396520009,TIGER 차이나반도체FACTSET,미래에셋 TIGER 차이나반도체FACTSET증권상장지수투자신탁(주식-파생형),MIRAE ASSET TIGER CHINA SEMICONDUCTOR FACTSET ETF,미래에셋자산운용,2021-08-10,FactSet China Semiconductor 지수(PR),FACTSET,실물(패시브),해외,주식,배당소득세(보유기간과세),0.49,40000,41200000,12450,-140,-1.11,12479.68,460368,5674838969,56.75,511910000000,5119.1,0,0.0
371460,KR7371460007,TIGER 차이나전기차SOLACTIVE,미래에셋 TIGER 차이나전기차SOLACTIVE증권상장지수투자신탁(주식-파생형),MIRAE ASSET TIGER CHINA ELECTRIC VEHICLE SOLACTIVE ETF,미래에셋자산운용,2020-12-08,Solactive China Electric Vehicle and Battery Index(PR),Solactive,실물(패시브),해외,주식,배당소득세(보유기간과세),0.49,40000,72040000,9210,-130,-1.39,9265.45,164549,1517668741,15.18,666730200000,6667.3,0,0.0
456680,KR7456680008,TIGER 차이나전기차레버리지(합성),미래에셋 TIGER 차이나전기차레버리지증권상장지수투자신탁(주식혼합-파생형)(합성),MIRAE ASSET TIGER SYNTH-China EV LEVERAGE ETF,미래에셋자산운용,2023-05-09,Solactive China Electric Vehicle and Battery Index(PR),Solactive,합성(패시브),해외,주식,배당소득세(보유기간과세),0.58,10000,4080000,5115,-75,-1.45,5140.3,6209,31491665,0.31,20808000000,208.08,0,0.0
0133E0,KR70133E0008,TIGER 차이나증권,미래에셋 TIGER 차이나증권증권상장지수투자신탁(주식),MIRAE ASSET TIGER CHINA SECURITIES ETF,미래에셋자산운용,2026-02-03,Solactive China Securities Index (Price Return),Solactive,실물(패시브),해외,주식,배당소득세(보유기간과세),0.49,50000,1050000,8220,-200,-2.38,8283.15,7924,66050885,0.66,8631000000,86.31,0,0.0
396510,KR7396510000,TIGER 차이나클린에너지SOLACTIVE,미래에셋 TIGER 차이나클린에너지SOLACTIVE증권상장지수투자신탁(주식-파생형),MIRAE ASSET TIGER CHINA CLEAN ENERGY SOLACTIVE ETF,미래에셋자산운용,2021-08-10,Solactive China Clean Energy 지수(PR),Solactive,실물(패시브),해외,주식,배당소득세(보유기간과세),0.49,40000,1800000,6650,-30,-0.45,6743.0,6356,42561415,0.43,11961000000,119.61,0,0.0
0047A0,KR70047A0007,TIGER 차이나테크TOP10,미래에셋 TIGER 차이나테크TOP10증권상장지수투자신탁(주식),MIRAE ASSET TIGER CHINA TECH TOP10 ETF,미래에셋자산운용,2025-05-13,Mirae Asset China Tech Top 10 지수 (Price Return),Mirae Asset Global Indices,실물(패시브),해외,주식,배당소득세(보유기간과세),0.49,50000,15100000,12235,150,1.24,12179.73,127765,1532799572,15.33,184069000000,1840.69,0,0.0
438320,KR7438320004,TIGER 차이나항셍테크레버리지(합성 H),미래에셋 TIGER 차이나항셍테크레버리지증권상장지수투자신탁(주식혼합-파생)(합성 H),MIRAE ASSET TIGER SYNTH-China HSTECH LEVERAGE ETF(H),미래에셋자산운용,2022-08-23,Hang Seng TECH Index,HangSeng,합성(패시브),해외,주식,배당소득세(보유기간과세),0.58,10000,4320000,4635,30,0.65,4644.1,28467,129297291,1.29,19915200000,199.15,0,0.0
371160,KR7371160003,TIGER 차이나항셍테크,미래에셋 TIGER 차이나항셍테크증권상장지수투자신탁(주식),MIRAE ASSET TIGER China Hang Seng TECH ETF,미래에셋자산운용,2020-12-16,Hang Seng TECH Index,HangSeng,실물(패시브),해외,주식,배당소득세(보유기간과세),0.09,50000,82050000,6380,65,1.03,6374.43,399030,2519873712,25.2,523068750000,5230.69,0,0.0
0053L0,KR70053L0005,TIGER 차이나휴머노이드로봇,미래에셋 TIGER 차이나휴머노이드로봇증권상장지수투자신탁(주식),MIRAE ASSET TIGER CHINA HUMANOID ROBOT ETF,미래에셋자산운용,2025-05-27,Mirae Asset China Humanoid Robot 지수(PR),Mirae Asset Global Indices,실물(패시브),해외,주식,배당소득세(보유기간과세),0.49,50000,26700000,8890,-105,-1.17,8906.21,508296,4518944827,45.19,238164000000,2381.64,0,0.0
0117V0,KR70117V0007,TIGER 코리아AI전력기기TOP3플러스,미래에셋 TIGER 코리아AI전력기기TOP3플러스증권상장지수투자신탁(주식),Mirae Asset TIGER Korea AI Electrical Power Equipment TOP3 Plus ETF,미래에셋자산운용,2025-10-21,KEDI 코리아AI전력기기TOP3플러스 지수,한국경제신문,실물(패시브),국내,주식,비과세,0.4,50000,53500000,19020,-180,-0.94,18997.37,963873,18027447653,180.27,1015965000000,10159.65,0,0.0
292150,KR7292150000,TIGER 코리아TOP10,미래에셋 TIGER 코리아TOP10증권상장지수투자신탁(주식),MIRAE ASSET TIGER KOREA TOP10 ETF,미래에셋자산운용,2018-03-30,FnGuide TOP10 지수,FnGuide,실물(패시브),국내,주식,비과세,0.15,50000,50850000,38835,-675,-1.71,38784.25,387007,14854533045,148.55,1968912000000,19689.12,0,0.0
0104P0,KR70104P0000,TIGER 코리아배당다우존스위클리커버드콜,미래에셋 TIGER 코리아배당다우존스위클리커버드콜증권상장지수투자신탁(주식-파생형),MIRAE ASSET TIGER KOREA DIVIDEND DOW JONES WEEKLY COVERED CALL ETF,미래에셋자산운용,2025-09-23,KRX 다우존스 코리아 배당 30 타겟 7% 위클리 커버드콜 지수,KRX,실물(패시브),국내,주식,배당소득세(보유기간과세),0.25,100000,1700000,11210,145,1.31,11205.5,21219,236833731,2.37,19057000000,190.57,0,0.0
0052D0,KR70052D0006,TIGER 코리아배당다우존스,미래에셋 TIGER 코리아배당다우존스증권상장지수투자신탁(주식),MIRAE ASSET TIGER KOREA DIVIDEND DOW JONES ETF,미래에셋자산운용,2025-05-20,Dow Jones Korea Dividend 30 지수 (Price Return),S&P,실물(패시브),국내,주식,비과세,0.25,50000,21850000,15735,185,1.19,15784.78,122227,1921963265,19.22,343809750000,3438.1,0,0.0
496080,KR7496080003,TIGER 코리아밸류업,미래에셋 TIGER 코리아밸류업증권상장지수투자신탁(주식),MIRAE ASSET TIGER KOREA VALUE-UP ETF,미래에셋자산운용,2024-11-04,코리아 밸류업 지수,KRX,실물(패시브),국내,주식,비과세,0.008,50000,15800000,32545,-340,-1.03,32531.15,52492,1687321289,16.87,513105000000,5131.05,0,0.0
0091P0,KR70091P0005,TIGER 코리아원자력,미래에셋 TIGER 코리아원자력증권상장지수투자신탁(주식),MIRAE ASSET TIGER KOREA NUCLEAR ENERGY ETF,미래에셋자산운용,2025-08-19,iSelect 코리아 원자력 지수 (Price Return),NH투자증권,실물(패시브),국내,주식,비과세,0.5,50000,35150000,19280,225,1.18,19289.5,3707292,70773257577,707.73,677692000000,6776.92,0,0.0
0148J0,KR70148J0006,TIGER 코리아휴머노이드로봇산업,미래에셋 TIGER 코리아휴머노이드로봇산업증권상장지수투자신탁(주식),MIRAE ASSET TIGER KOREA HUMANOID ROBOT INDUSTRY ETF,미래에셋자산운용,2026-01-06,KEDI 코리아 휴머노이드로봇산업 지수 (PR),한국경제신문,실물(패시브),국내,주식,비과세,0.5,50000,67250000,9515,-85,-0.89,9517.52,2280220,21517295116,215.17,639211250000,6392.11,0,0.0
233160,KR7233160001,TIGER 코스닥150 레버리지,미래에셋 TIGER 코스닥150 레버리지증권상장지수투자신탁(주식-파생형),MIRAE ASSET TIGER KOSDAQ150 LEVERAGE ETF,미래에셋자산운용,2015-12-17,코스닥 150,KRX,실물(패시브),국내,주식,배당소득세(보유기간과세),0.32,50000,21800000,7455,-510,-6.4,7454.0,2039127,15240064710,152.4,162083000000,1620.83,0,0.0
232080,KR7232080002,TIGER 코스닥150,미래에셋 TIGER 코스닥150 증권상장지수투자신탁(주식),MIRAE ASSET TIGER KOSDAQ150 ETF,미래에셋자산운용,2015-11-12,코스닥 150,KRX,실물(패시브),국내,주식,비과세,0.19,20000,95500000,14120,-480,-3.29,14182.18,17957782,253560585561,2535.61,1348460000000,13484.6,0,0.0
261060,KR7261060008,TIGER 코스닥150IT,미래에셋 TIGER 코스닥150IT증권상장지수투자신탁(주식),MIRAE ASSET TIGER KOSDAQ150IT ETF,미래에셋자산운용,2016-12-15,코스닥 150 정보기술,KRX,실물(패시브),국내,주식,비과세,0.4,20000,1160000,24375,-875,-3.47,24361.49,31913,780043829,7.8,28257600000,282.58,0,0.0
261070,KR7261070007,TIGER 코스닥150바이오테크,미래에셋 TIGER 코스닥150바이오테크증권상장지수투자신탁(주식),MIRAE ASSET TIGER KOSDAQ150BIOTECH ETF,미래에셋자산운용,2016-12-15,코스닥 150 헬스케어,KRX,실물(패시브),국내,주식,비과세,0.4,20000,4620000,11465,-265,-2.26,11491.1,94456,1078505532,10.79,52922100000,529.22,0,0.0
250780,KR7250780004,TIGER 코스닥150선물인버스,미래에셋 TIGER 코스닥150인버스증권상장지수투자신탁(주식-파생형),MIRAE ASSET TIGER KOSDAQ150 INVERSE ETF,미래에셋자산운용,2016-08-10,F-코스닥150 지수,KRX,실물(패시브),국내,주식,배당소득세(보유기간과세),0.32,50000,2850000,2470,85,3.56,2457.41,492109,1210337290,12.1,7011000000,70.11,0,0.0
461580,KR7461580003,TIGER 코스닥글로벌,미래에셋 TIGER 코스닥글로벌증권상장지수투자신탁(주식),MIRAE ASSET TIGER KOSDAQ GLOBAL ETF,미래에셋자산운용,2023-06-29,코스닥 글로벌 지수,KRX,실물(패시브),국내,주식,비과세,0.15,50000,650000,15725,-295,-1.84,15654.89,5096,79984935,0.8,10166000000,101.66,0,0.0
0204S0,KR70204S0006,TIGER 코스닥액티브,미래에셋 TIGER 코스닥액티브증권상장지수투자신탁(주식),MIRAE ASSET TIGER KOSDAQ ACTIVE ETF,미래에셋자산운용,2026-06-02,코스닥,KRX,실물(액티브),국내,주식,배당소득세(보유기간과세),0.5,10000,4470000,6925,-110,-1.56,6915.3,145048,1001758779,10.02,30820650000,308.21,0,0.0
277640,KR7277640009,TIGER 코스피대형주,미래에셋 TIGER 코스피대형주증권상장지수투자신탁(주식),MIRAE ASSET TIGER KOSPI LARGECAP ETF,미래에셋자산운용,2017-08-31,코스피 대형주,KRX,실물(패시브),국내,주식,비과세,0.24,50000,1700000,37970,-635,-1.64,37837.38,9820,368426983,3.68,64175000000,641.75,0,0.0
277650,KR7277650008,TIGER 코스피중형주,미래에셋 TIGER 코스피중형주증권상장지수투자신탁(주식),MIRAE ASSET TIGER KOSPI MIDCAP ETF,미래에셋자산운용,2017-08-31,코스피 중형주,KRX,실물(패시브),국내,주식,비과세,0.24,50000,200000,21400,-15,-0.07,21390.8,57,1218930,0.01,4280000000,42.8,0,0.0
277630,KR7277630000,TIGER 코스피,미래에셋 TIGER 코스피증권상장지수투자신탁(주식),MIRAE ASSET TIGER KOSPI ETF,미래에셋자산운용,2017-08-31,코스피,KRX,실물(패시브),국내,주식,비과세,0.12,50000,8350000,72090,-1290,-1.76,72075.33,14183,1016178850,10.16,602243750000,6022.44,0,0.0
376410,KR7376410007,TIGER 탄소효율그린뉴딜,미래에셋 TIGER 탄소효율그린뉴딜증권상장지수투자신탁(주식),MIRAE ASSET TIGER CARBON EFFICIENT GREEN NEWDEAL ETF,미래에셋자산운용,2021-02-05,KRX/S&P 탄소효율 그린뉴딜지수,KRX,실물(패시브),국내,주식,비과세,0.09,100000,900000,24645,-415,-1.66,24633.09,300,7347030,0.07,22180500000,221.81,0,0.0
447770,KR7447770009,TIGER 테슬라채권혼합Fn,미래에셋 TIGER 테슬라채권혼합Fn증권상장지수투자신탁(채권혼합),MIRAE ASSET TIGER TESLA Balanced ETF,미래에셋자산운용,2022-11-29,FnGuide 테슬라채권혼합 지수,FnGuide,실물(패시브),국내&해외,혼합자산,배당소득세(보유기간과세),0.25,50000,31800000,13725,-40,-0.29,13721.99,129806,1780728157,17.81,436455000000,4364.55,0,0.0
0060H0,KR70060H0002,TIGER 토탈월드스탁액티브,미래에셋 TIGER 토탈월드스탁액티브증권상장지수투자신탁(주식),MIRAE ASSET TIGER TOTAL WORLD STOCK ACTIVE ETF,미래에셋자산운용,2025-06-24,FTSE Global All Cap Index(PR),FTSE,실물(액티브),해외,주식,배당소득세(보유기간과세),0.25,100000,31300000,12300,-45,-0.36,12261.96,65314,801236246,8.01,384677000000,3846.77,0,0.0
387280,KR7387280001,TIGER 퓨처모빌리티액티브,미래에셋 TIGER 퓨처모빌리티액티브증권상장지수투자신탁(주식),MIRAE ASSET TIGER FUTURE MOBILITY ACTIVE ETF,미래에셋자산운용,2021-05-25,FnGuide 퓨처모빌리티 지수,FnGuide,실물(액티브),국내,주식,배당소득세(보유기간과세),0.77,10000,1270000,11720,-140,-1.18,11745.8,2195,25788082,0.26,14890750000,148.91,0,0.0
449690,KR7449690007,TIGER 한중반도체(합성),미래에셋 TIGER 한중반도체증권상장지수투자신탁(주식-파생형)(합성),MIRAE ASSET TIGER SYNTH KOREA-CHINA SEMICONDUCTOR ETF,미래에셋자산운용,2022-12-22,KRX CSI 한·중 반도체지수,KRX,합성(패시브),국내&해외,주식,배당소득세(보유기간과세),0.35,10000,750000,46430,-1965,-4.06,46686.9,2345,110533375,1.11,34822500000,348.23,0,0.0
449680,KR7449680008,TIGER 한중전기차(합성),미래에셋 TIGER 한중전기차증권상장지수투자신탁(주식-파생형)(합성),MIRAE ASSET TIGER SYNTH KOREA-CHINA EV ETF,미래에셋자산운용,2022-12-22,KRX CSI 한·중 전기차지수,KRX,합성(패시브),국내&해외,주식,배당소득세(보유기간과세),0.35,10000,850000,10125,-255,-2.46,10135.49,1629,16668535,0.17,8555250000,85.55,0,0.0
143860,KR7143860005,TIGER 헬스케어,미래에셋 TIGER 헬스케어 증권상장지수투자신탁(주식),MIRAE ASSET TIGER HEALTH CARE ETF,미래에셋자산운용,2011-07-18,KRX 헬스케어,KRX,실물(패시브),국내,주식,비과세,0.4,20000,4000000,35400,-705,-1.95,35508.44,12928,457865720,4.58,141620000000,1416.2,0,0.0
138540,KR7138540000,TIGER 현대차그룹플러스,미래에셋 TIGER 현대차그룹+ 증권상장지수투자신탁(주식),MIRAE ASSET TIGER HYUNDAI MOTOR GROUP+ ETF,미래에셋자산운용,2011-03-10,MKF 현대차그룹+ FW,FnGuide,실물(패시브),국내,주식,비과세,0.15,20000,13060000,50850,-60,-0.12,50924.36,78459,3965196188,39.65,664101000000,6641.01,0,0.0
228790,KR7228790002,TIGER 화장품,미래에셋 TIGER 화장품 증권상장지수투자신탁(주식),MIRAE ASSET TIGER COSMETICS ETF,미래에셋자산운용,2015-10-07,WISE 화장품 지수,WiseFn,실물(패시브),국내,주식,비과세,0.5,30000,59820000,4290,40,0.94,4288.76,7681527,32695859676,326.96,256029600000,2560.3,0,0.0
394670,KR7394670004,TIGER 글로벌리튬&2차전지SOLACTIVE(합성),미래에셋 TIGER글로벌리튬&2차전지SOLACTIVE증권상장지수투자신탁(주식-파생형)(합성),MIRAE ASSET TIGER SYNTH-GLOBAL LITHIUM & BATTERY TECH SOLACTIVE ETF,미래에셋자산운용,2021-07-20,Solactive Global Lithium 지수(PR),Solactive,합성(패시브),해외,주식,배당소득세(보유기간과세),0.49,40000,14600000,10620,-235,-2.16,10677.18,10786,113497245,1.13,155052000000,1550.52,0,0.0
394660,KR7394660005,TIGER 글로벌자율주행&전기차SOLACTIVE,미래에셋 TIGER글로벌자율주행&전기차SOLACTIVE증권상장지수투자신탁(주식-파생형),MIRAE ASSET TIGER GLOBAL AUTONOMOUS & ELECTRIC VEHICLES SOLACTIVE ETF,미래에셋자산운용,2021-07-20,Solactive Autonomous & Electric Vehicles 지수(PR),Solactive,실물(패시브),해외,주식,배당소득세(보유기간과세),0.49,40000,6560000,15075,-95,-0.63,15176.17,6278,94293830,0.94,98924800000,989.25,0,0.0
276000,KR7276000007,TIGER 글로벌자원생산기업(합성 H),미래에셋 TIGER모닝스타글로벌자원생산기업증권상장지수투자신탁(주식-파생형)(합성H),MIRAE ASSET TIGER SYNTH-MORNINGSTAR GLOBAL UPSTREAM NATURAL RESOURCES ETF(H),미래에셋자산운용,2017-08-01,MorningStar Global Upstream Resources Index(PR),MorningStar,합성(패시브),해외,주식,배당소득세(보유기간과세),0.4,50000,850000,21455,-335,-1.54,21458.06,4720,101241104,1.01,18258000000,182.58,0,0.0
449170,KR7449170000,TIGER KOFR금리액티브(합성),미래에셋TIGER KOFR금리액티브증권상장지수투자신탁(채권혼합-파생형)(합성),MIRAE ASSET TIGER SYNTH-KOFR ACTIVE ETF,미래에셋자산운용,2022-11-30,KOFR 지수,한국예탁결제원,합성(액티브),국내,기타,배당소득세(보유기간과세),0.03,1000,21498000,111855,15,0.01,111850.93,65064,7277556582,72.78,2404594296000,24045.94,0,0.0
458750,KR7458750007,TIGER 미국배당다우존스타겟커버드콜1호,미래에셋TIGER 미국배당다우존스타겟커버드콜1호증권상장지수투자신탁(주식-파생형),MIRAE ASSET TIGER US DIVIDEND TARGET COVERED CALL I,미래에셋자산운용,2023-06-20,DowJones U.S. Dividend 100 3% Premium Covered Call 지수 (TR),S&P,실물(패시브),해외,주식,배당소득세(보유기간과세),0.39,50000,5200000,12590,50,0.4,12544.48,10782,135749275,1.36,65442000000,654.42,0,0.0
471780,KR7471780007,TIGER 코리아테크액티브,미래에셋TIGER 코리아테크액티브증권상장지수투자신탁(주식),MIRAE ASSET TIGER Korea Tech Active ETF,미래에셋자산운용,2023-11-28,KRX 정보기술,KRX,실물(액티브),국내,주식,배당소득세(보유기간과세),0.77,10000,7700000,36485,-910,-2.43,36431.46,81872,2970312995,29.7,280087500000,2800.88,0,0.0
139260,KR7139260004,TIGER 200 IT,미래에셋TIGER200IT증권상장지수투자신탁(주식),MIRAE ASSET TIGER 200 IT ETF,미래에셋자산운용,2011-04-06,코스피 200 정보기술,KRX,실물(패시브),국내,주식,비과세,0.4,20000,19580000,138435,-3595,-2.53,137972.9,143192,19619300873,196.19,2696361800000,26963.62,0,0.0
139220,KR7139220008,TIGER 200 건설,미래에셋TIGER200건설증권상장지수투자신탁(주식),MIRAE ASSET TIGER 200 CONSTRUCTIONS ETF,미래에셋자산운용,2011-04-06,코스피 200 건설,KRX,실물(패시브),국내,주식,비과세,0.4,20000,17120000,8380,30,0.36,8397.65,402806,3343166239,33.43,143465600000,1434.66,0,0.0
139290,KR7139290001,TIGER 200 경기소비재,미래에셋TIGER200경기소비재증권상장지수투자신탁(주식),MIRAE ASSET TIGER 200 CONSUMER DISCRETIONARY ETF,미래에셋자산운용,2011-04-06,코스피 200 경기소비재,KRX,실물(패시브),국내,주식,비과세,0.4,20000,280000,24625,-105,-0.42,24692.29,479,11714435,0.12,6895000000,68.95,0,0.0
139270,KR7139270003,TIGER 200 금융,미래에셋TIGER200금융증권상장지수투자신탁(주식),MIRAE ASSET TIGER 200 FINANCIALS ETF,미래에셋자산운용,2011-04-06,코스피 200 금융,KRX,실물(패시브),국내,주식,비과세,0.4,20000,1860000,17445,275,1.6,17488.54,22816,396590355,3.97,32457000000,324.57,0,0.0
139250,KR7139250005,TIGER 200 에너지화학,미래에셋TIGER200에너지화학증권상장지수투자신탁(주식),MIRAE ASSET TIGER 200 ENERGY & CHEMICALS ETF,미래에셋자산운용,2011-04-06,코스피 200 에너지/화학,KRX,실물(패시브),국내,주식,비과세,0.34,20000,1540000,18240,-635,-3.36,18295.35,40555,741159369,7.41,28112700000,281.13,0,0.0
139230,KR7139230007,TIGER 200 중공업,미래에셋TIGER200중공업증권상장지수투자신탁(주식),MIRAE ASSET TIGER 200 HEAVY INDUSTRY ETF,미래에셋자산운용,2011-04-06,코스피 200 중공업,KRX,실물(패시브),국내,주식,비과세,0.34,20000,19540000,13540,115,0.86,13544.69,106259,1420066134,14.2,264473900000,2644.74,0,0.0
139240,KR7139240006,TIGER 200 철강소재,미래에셋TIGER200철강소재증권상장지수투자신탁(주식),MIRAE ASSET TIGER 200 STEELS & MATERIALS ETF,미래에셋자산운용,2011-04-06,코스피 200 철강/소재,KRX,실물(패시브),국내,주식,비과세,0.34,20000,900000,11180,-220,-1.93,11175.71,6334,70759035,0.71,10062000000,100.62,0,0.0
289480,KR7289480006,TIGER 200커버드콜,미래에셋TIGER200커버드콜증권상장지수투자신탁(주식-파생형),MIRAE ASSET TIGER 200 COVERED CALL,미래에셋자산운용,2018-02-09,코스피 200 커버드콜 ATM 지수,KRX,실물(패시브),국내,주식,배당소득세(보유기간과세),0.38,100000,2300000,12935,-150,-1.15,12951.42,38011,488131082,4.88,29739000000,297.39,0,0.0
228820,KR7228820007,TIGER KTOP30,미래에셋TIGERKTOP30증권상장지수투자신탁(주식),MIRAE ASSET TIGER KTOP30 ETF,미래에셋자산운용,2015-10-14,KTOP 30,KRX,실물(패시브),국내,주식,비과세,0.21,50000,1000000,18905,-370,-1.92,18840.2,1718,32199295,0.32,18845000000,188.45,0,0.0
463250,KR7463250001,TIGER K방산&우주,미래에셋TIGERK방산&우주증권상장지수투자신탁(주식),MIRAE ASSET TIGER K-DEFENSE INDUSTRY&SPACE ETF,미래에셋자산운용,2023-07-25,iSelect K방산&우주,NH투자증권,실물(패시브),국내,주식,비과세,0.45,50000,15050000,33315,-235,-0.7,33226.19,183114,6046933544,60.47,500262000000,5002.62,0,0.0
225060,KR7225060003,TIGER 이머징마켓MSCI레버리지(합성 H),미래에셋TIGERMSCIEM레버리지증권상장지수투자신탁(주식혼합-파생형)(합성 H),MIRAE ASSET TIGER SYNTH-MSCI EM LEVERAGE ETF(H),미래에셋자산운용,2015-07-29,MSCI EM Index,MSCI,합성(패시브),해외,주식,배당소득세(보유기간과세),0.58,20000,1060000,16615,-525,-3.06,16646.97,468,7810045,0.08,17611900000,176.12,0,0.0
182480,KR7182480004,TIGER 미국MSCI리츠(합성 H),미래에셋TIGERMSCIUS리츠부동산상장지수투자신탁(파생형)(합성 H),MIRAE ASSET TIGER SYNTH-MSCI US REIT ETF(H),미래에셋자산운용,2013-10-10,MSCI US REIT Index,MSCI,합성(패시브),해외,부동산,배당소득세(분리과세부동산ETF),0.24,50000,9150000,13230,-15,-0.11,13405.77,20643,273843587,2.74,121054500000,1210.55,0,0.0
225040,KR7225040005,TIGER 미국S&P500레버리지(합성 H),미래에셋TIGERS&P500레버리지증권상장지수투자신탁(주식혼합-파생형)(합성 H),MIRAE ASSET TIGER SYNTH-S&P500 LEVERAGE ETF(H),미래에셋자산운용,2015-07-29,S&P 500,S&P,합성(패시브),해외,주식,배당소득세(보유기간과세),0.27,20000,840000,66520,-655,-0.98,65963.48,7686,509249144,5.09,55885200000,558.85,0,0.0
225030,KR7225030006,TIGER 미국S&P500선물인버스(H),미래에셋TIGERS&P500인버스선물증권상장지수투자신탁(주식-파생형)(H),MIRAE ASSET TIGER S&P500 INVERSE ETF(H),미래에셋자산운용,2015-07-29,S&P 500 Futures Total Return Index,S&P,실물(패시브),해외,주식,배당소득세(보유기간과세),0.59,50000,1650000,2275,15,0.66,2273.24,11478,26146943,0.26,3762000000,37.62,0,0.0
451530,KR7451530000,TIGER 국고채30년스트립액티브,미래에셋TIGER국고채30년스트립액티브증권상장지수투자신탁(채권),MIRAE ASSET TIGER TREASURY 30YR STRIPS BOND ACTIVE ETF,미래에셋자산운용,2023-02-01,KIS STRIP 30Y Index(총수익지수),KIS자산평가,실물(액티브),국내,채권,배당소득세(보유기간과세),0.15,2000,4120000,33825,-380,-1.11,33759.48,16295,547053270,5.47,139441400000,1394.41,0,0.0
491010,KR7491010005,TIGER 글로벌AI전력인프라액티브,미래에셋TIGER글로벌AI전력인프라액티브증권상장지수투자신탁(주식),MIRAE ASSET TIGER GLOBAL AI POWER INFRA ACTIVE ETF,미래에셋자산운용,2024-09-10,Mirae Asset AI Infrastructure 지수(PR),Mirae Asset Global Indices,실물(액티브),해외,주식,배당소득세(보유기간과세),0.49,10000,25370000,24170,-455,-1.85,23940.16,55224,1325751319,13.26,612939200000,6129.39,0,0.0
412770,KR7412770000,TIGER 글로벌AI플랫폼액티브,미래에셋TIGER글로벌AI플랫폼액티브증권상장지수투자신탁(주식),MIRAE ASSET TIGER GLOBAL AI PLATFORM ACTIVE ETF,미래에셋자산운용,2021-12-22,Indxx Global Metaverse Index (Price Return),Indxx,실물(액티브),해외,주식,배당소득세(보유기간과세),0.79,10000,5850000,11835,-85,-0.71,12001.75,5210,61652510,0.62,69147000000,691.47,0,0.0
203780,KR7203780002,TIGER 미국나스닥바이오,미래에셋TIGER나스닥바이오증권상장지수투자신탁(주식),MIRAE ASSET TIGER NASDAQ BIO ETF,미래에셋자산운용,2014-08-27,NASDAQ Biotechnology 지수(시장가격지수),NASDAQ,실물(패시브),해외,주식,배당소득세(해외주식투자전용ETF),0.3,20000,3000000,33745,-440,-1.29,33766.82,21633,729500744,7.3,101250000000,1012.5,0,0.0
182490,KR7182490003,TIGER 단기선진하이일드(합성 H),미래에셋TIGER단기선진국하이일드증권상장지수투자신탁(채권-파생형)(합성 H),MIRAE ASSET TIGER SYNTH-IBOXX SHORT TERM HIGH YIELD ETF(H),미래에셋자산운용,2014-03-24,iBoxx USD Liquid High Yield 0-5 year Index,Markit,합성(패시브),해외,채권,배당소득세(보유기간과세),0.24,50000,600000,13835,-45,-0.32,13789.03,22,304370,0.0,8301000000,83.01,0,0.0
174350,KR7174350009,TIGER 로우볼,미래에셋TIGER로우볼증권상장지수투자신탁(주식),MIRAE ASSET TIGER LOW VOLATILITY ETF,미래에셋자산운용,2013-06-20,FnGuide Low Vol 지수,FnGuide,실물(패시브),국내,주식,비과세,0.4,20000,420000,21200,200,0.95,21197.55,6673,138721165,1.39,8904000000,89.04,0,0.0
275980,KR7275980001,TIGER 글로벌4차산업혁신기술(합성 H),미래에셋TIGER모닝스타글로벌4차산업혁신기술증권상장지수투자신탁(주식-파생형)합성H,MIRAE ASSET TIGER SYNTH-MORNINGSTAR GLOBAL EXPONENTIAL TECHNOLOGY ETF(H),미래에셋자산운용,2017-08-01,Morningstar Exponential Technologies Equal Weighted Select PR USD,MorningStar,합성(패시브),해외,주식,배당소득세(보유기간과세),0.4,20000,2540000,23210,-290,-1.23,23124.74,1194,27548704,0.28,58953400000,589.53,0,0.0
476550,KR7476550009,TIGER 미국30년국채커버드콜액티브(H),미래에셋TIGER미국30년국채커버드콜액티브증권상장지수투자신탁(채권-재간접형)(H),MIRAE ASSET TIGER 30Y US TREASURY BOND COVERED CALL ACTIVE(H),미래에셋자산운용,2024-02-27,KEDI 미국채30년 위클리 커버드콜30 지수(Total Return),한국경제신문,실물(액티브),해외,채권,배당소득세(보유기간과세),0.39,50000,113850000,6675,-65,-0.96,6675.75,1014325,6766900945,67.67,759948750000,7599.49,0,0.0
482730,KR7482730009,TIGER 미국S&P500타겟데일리커버드콜,미래에셋TIGER미국S&P500타겟데일리커버드콜증권상장지수투자신탁(주식),MIRAE ASSET TIGER US S&P500 TARGET DAILY COVERED CALL,미래에셋자산운용,2024-05-21,S&P500 10% Daily Premium Covered Call Index(TR),S&P,실물(패시브),해외,주식,배당소득세(보유기간과세),0.25,50000,56550000,11415,15,0.13,11360.76,305558,3480123564,34.8,645518250000,6455.18,0,0.0
486290,KR7486290000,TIGER 미국나스닥100타겟데일리커버드콜,미래에셋TIGER미국나스닥100타겟데일리커버드콜증권상장지수투자신탁(주식),MIRAE ASSET TIGER US NASDAQ100 TARGET DAILY COVERED CALL,미래에셋자산운용,2024-06-25,NASDAQ 100 Daily Covered Call Target Premium 15% 지수(TR),NASDAQ,실물(패시브),해외,주식,배당소득세(보유기간과세),0.25,50000,237900000,10145,-10,-0.1,10097.3,2824868,28597716798,285.98,2413495500000,24134.96,0,0.0
458760,KR7458760006,TIGER 미국배당다우존스타겟커버드콜2호,미래에셋TIGER미국배당다우존스타켓커버드콜2호증권상장지수투자신탁(주식-파생형),MIRAE ASSET TIGER US DIVIDEND TARGET COVERED CALL II,미래에셋자산운용,2023-06-20,DowJones U.S. Dividend 100 7% Premium Covered Call 지수 (TR),S&P,실물(패시브),해외,주식,배당소득세(보유기간과세),0.39,50000,64300000,10610,45,0.43,10582.85,159970,1697102462,16.97,682544500000,6825.44,0,0.0
474220,KR7474220001,TIGER 미국테크TOP10타겟커버드콜,미래에셋TIGER미국테크TOP10타겟커버드콜증권상장지수투자신탁(주식-파생형),MIRAE ASSET TIGER US TECH TOP10 TARGET COVERED CALL,미래에셋자산운용,2024-01-16,Bloomberg U.S. Tech Top10+10% Premium Covered Call Index,Bloomberg,실물(패시브),해외,주식,배당소득세(보유기간과세),0.5,50000,28100000,14570,75,0.52,14546.09,68273,992583494,9.93,409417000000,4094.17,0,0.0
211560,KR7211560008,TIGER 배당성장,미래에셋TIGER배당성장증권상장지수투자신탁(주식),MIRAE ASSET TIGER DIVIDEND GROWTH ETF,미래에셋자산운용,2014-12-17,코스피 배당성장 50,KRX,실물(패시브),국내,주식,비과세,0.115,30000,2010000,35925,110,0.31,35725.24,1817,64813453,0.65,71676600000,716.77,0,0.0
472150,KR7472150002,TIGER 배당커버드콜액티브,미래에셋TIGER배당커버드콜액티브증권상장지수투자신탁(주식),MIRAE ASSET TIGER DIVIDEND COVERED CALL ACTIVE,미래에셋자산운용,2023-12-12,코스피 200 커버드콜 5% OTM,KRX,실물(액티브),국내,주식,배당소득세(보유기간과세),0.5,10000,121360000,20565,-380,-1.81,20545.14,2786008,56744340462,567.44,2490914000000,24909.14,0,0.0
438330,KR7438330003,TIGER 우량회사채액티브,미래에셋TIGER우량회사채액티브증권상장지수투자신탁(채권),MIRAE ASSET TIGER HIGH QUALITY CORPORATE BOND ACTIVE ETF,미래에셋자산운용,2022-08-23,KIS 투자등급회사채 지수(총수익),KIS자산평가,실물(액티브),국내,채권,배당소득세(보유기간과세),0.1,1000,4547000,115310,-255,-0.22,115409.64,8041,926786600,9.27,524314570000,5243.15,0,0.0
217770,KR7217770007,TIGER 원유선물인버스(H),미래에셋TIGER원유인버스선물특별자산상장지수투자신탁(원유-파생형)(H),MIRAE ASSET TIGER WTI INVERSE ETF(H),미래에셋자산운용,2015-04-29,S&P GSCI Crude Oil Index ER,S&P,실물(패시브),해외,원자재,배당소득세(보유기간과세),0.69,50000,22200000,1062,-59,-5.26,1052.22,3630224,3796048146,37.96,23509800000,235.1,0,0.0
225050,KR7225050004,TIGER 유로스탁스레버리지(합성 H),미래에셋TIGER유로스탁스50레버리지증권상장지수투자신탁(주식혼합-파생형)(합성 H),MIRAE ASSET TIGER SYNTH-EURO STOXX 50 LEVERAGE ETF(H),미래에셋자산운용,2015-07-29,EURO STOXX 50 Index,STOXX,합성(패시브),해외,주식,배당소득세(보유기간과세),0.58,50000,450000,15825,-170,-1.06,15812.66,11845,187334465,1.87,7121250000,71.21,0,0.0
195930,KR7195930003,TIGER 유로스탁스50(합성 H),미래에셋TIGER유로스탁스50증권상장지수투자신탁(주식-파생형)(합성 H),MIRAE ASSET TIGER SYNTH-EURO STOXX 50 ETF(H),미래에셋자산운용,2014-04-30,EURO STOXX 50 Index,STOXX,합성(패시브),해외,주식,배당소득세(보유기간과세),0.24,50000,1600000,23020,-250,-1.07,23068.68,10897,250216985,2.5,36832000000,368.32,0,0.0
195920,KR7195920004,TIGER 일본TOPIX(합성 H),미래에셋TIGER일본증권상장지수투자신탁(주식-파생형)(합성 H),MIRAE ASSET TIGER SYNTH-JAPAN ETF(H),미래에셋자산운용,2014-04-30,TOPIX,TSE(Tokyo Stock Exchange),합성(패시브),해외,주식,배당소득세(보유기간과세),0.24,20000,500000,34755,60,0.17,34726.48,121,4166509,0.04,17328500000,173.28,0,0.0
451540,KR7451540009,TIGER 종합채권(AA-이상)액티브,미래에셋TIGER종합채권(AA-이상)액티브증권상장지수투자신탁(채권),MIRAE ASSET TIGER AGGREGATE BOND ACTIVE ETF,미래에셋자산운용,2023-02-01,KIS 종합채권 AA-이상 총수익 지수(Total return Index),KIS자산평가,실물(액티브),국내,채권,배당소득세(보유기간과세),0.03,2000,19560000,52555,-160,-0.3,52515.1,640,33587932,0.34,1027975800000,10279.76,0,0.0
204480,KR7204480008,TIGER 차이나CSI300레버리지(합성),미래에셋TIGER차이나CSI300레버리지증권상장지수투자신탁(주식혼합-파생재간접형)합성,MIRAE ASSET TIGER SYNTH-CHINA A LEVERAGE,미래에셋자산운용,2014-09-01,CSI 300 Index,CSI,합성(패시브),해외,주식,배당소득세(보유기간과세),0.58,20000,3720000,22225,-70,-0.31,22502.19,6262,138854616,1.39,82677000000,826.77,0,0.0
217780,KR7217780006,TIGER 차이나CSI300인버스(합성),미래에셋TIGER차이나CSI300인버스증권상장지수투자신탁(채권혼합-파생형)(합성),MIRAE ASSET TIGER SYNTH-CHINA A INVERSE ETF,미래에셋자산운용,2015-06-10,CSI 300 Index,CSI,합성(패시브),해외,주식,배당소득세(보유기간과세),0.58,50000,1550000,5710,15,0.26,5727.67,354,2028880,0.02,8835000000,88.35,0,0.0
192090,KR7192090009,TIGER 차이나CSI300,미래에셋TIGER차이나CSI300증권상장지수투자신탁(주식-파생형),MIRAE ASSET TIGER CHINA A300 ETF,미래에셋자산운용,2014-02-17,CSI 300 Index,CSI,실물(패시브),해외,주식,배당소득세(해외주식투자전용ETF),0.63,50000,10350000,11865,-30,-0.25,11917.6,23798,281672237,2.82,123009750000,1230.1,0,0.0
210780,KR7210780003,TIGER 코스피고배당,미래에셋TIGER코스피고배당증권상장지수투자신탁(주식),MIRAE ASSET TIGER KOSPI HIGH DIVIDEND ETF,미래에셋자산운용,2014-12-05,코스피 고배당 50,KRX,실물(패시브),국내,주식,비과세,0.24,30000,3300000,23750,115,0.49,23799.52,11781,279163087,2.79,78375000000,783.75,0,0.0
423920,KR7423920008,TIGER 미국필라델피아반도체레버리지(합성),미래에셋TIGER필라델피아반도체레버리지증권상장지수투자신탁(주식혼합-파생형)(합성),MIRAE ASSET TIGER SYNTH-US PHLX Semiconductor Sector LEVERAGE ETF,미래에셋자산운용,2022-04-19,PHLX Semiconductor Sector Index,NASDAQ,합성(패시브),해외,주식,배당소득세(보유기간과세),0.58,10000,7040000,75645,-2185,-2.81,75002.65,43761,3274270487,32.74,532470400000,5324.7,0,0.0
0098Z0,KR70098Z0006,FOCUS 200,브이아이 FOCUS 200 증권상장지수투자신탁[주식],VI FOCUS 200 ETF,브이아이자산운용,2025-09-23,코스피 200,KRX,실물(패시브),국내,주식,비과세,0.05,50000,750000,94075,-1660,-1.73,93699.87,14,1302340,0.01,70556250000,705.56,0,0.0
0176P0,KR70176P0003,FOCUS AI반도체위클리고정커버드콜,브이아이 FOCUS AI반도체위클리고정커버드콜증권상장지수투자신탁[주식-파생형],VI FOCUS AI Semiconductor Weekly Fixed Covered Call ETF,브이아이자산운용,2026-04-07,AI 반도체 위클리 고정 30% 커버드콜 지수,KRX,실물(패시브),국내,주식,배당소득세(보유기간과세),0.3,50000,550000,12895,-425,-3.19,12934.85,2516,32552034,0.33,7111500000,71.11,0,0.0
448570,KR7448570002,FOCUS AI코리아액티브,브이아이 FOCUS AI코리아액티브증권상장지수투자신탁[주식],VI FOCUS AI KOREA Active ETF,브이아이자산운용,2022-11-15,코스피,KRX,실물(액티브),국내,주식,배당소득세(보유기간과세),0.455,50000,1350000,30155,-485,-1.58,30198.86,21,629435,0.01,40709250000,407.09,0,0.0
0073X0,KR70073X0007,FOCUS 알리바바미국채커버드콜혼합,브이아이 FOCUS BABA-UST커버드콜혼합증권상장지수투자신탁[채권혼합-파생재간접형],VI FOCUS Alibaba U.S. Treasury Covered Call Balanced ETF,브이아이자산운용,2025-07-01,KEDI 알리바바미국채커버드콜혼합지수(TR),한국경제신문,실물(패시브),해외,혼합자산,배당소득세(보유기간과세),0.36,50000,550000,8490,-60,-0.7,8541.94,176,1496714,0.01,4675000000,46.75,0,0.0
285690,KR7285690004,FOCUS ESG리더스,브이아이 FOCUS ESG Leaders150증권상장지수투자신탁[주식],VI FOCUS ESG Leaders150 ETF,브이아이자산운용,2017-12-13,KRX ESG Leaders 150,KRX,실물(패시브),국내,주식,비과세,0.1,50000,350000,21860,-160,-0.73,21858.94,2,43590,0.0,7651000000,76.51,0,0.0
0226D0,KR70226D0007,FOCUS 금융반도체지주채권혼합50액티브,브이아이 FOCUS 금융반도체지주채권혼합50액티브증권상장지수투자신탁[채권혼합],VI FOCUS Financial Semiconductor Holding Bond Balanced 50 Active ETF,브이아이자산운용,2026-08-11,KAP 금융반도체지주채권혼합50지수,한국자산평가(KAP),실물(액티브),국내,혼합자산,배당소득세(보유기간과세),0.4,50000,800000,10185,-70,-0.68,10183.55,2323,23547440,0.24,8148000000,81.48,0,0.0
278530,KR7278530001,KODEX 200TR,삼성 KODEX 200 Total Return증권상장지수투자신탁[주식],Samsung KODEX 200 Total Return ETF,삼성자산운용,2017-11-21,코스피 200 TR,KRX,실물(패시브),국내,주식,배당소득세(보유기간과세),0.05,150000,194400000,39640,-900,-2.22,39710.26,687328,27102017917,271.02,7710876000000,77108.76,0,0.0
226980,KR7226980001,KODEX 200 중소형,삼성 KODEX 200 중소형 증권상장지수투자신탁(주식),Samsung KODEX 200 Mid-Small ETF,삼성자산운용,2015-09-01,코스피 200 중소형주지수,KRX,실물(패시브),국내,주식,비과세,0.3,100000,900000,23240,0,0.0,23349.3,35448,824751659,8.25,20952000000,209.52,0,0.0
337160,KR7337160006,KODEX 200ESG,삼성 KODEX 200ESG증권상장지수투자신탁[주식],SAMSUNG KODEX 200ESG ETF,삼성자산운용,2019-11-14,코스피 200 ESG 지수,KRX,실물(패시브),국내,주식,비과세,0.09,100000,3400000,48250,-1170,-2.37,48207.55,7909,379539370,3.8,163914000000,1639.14,0,0.0
363580,KR7363580002,KODEX 200IT TR,삼성 KODEX 200IT Total Return증권상장지수투자신탁[주식],SAMSUNG KODEX 200IT Total Return ETF,삼성자산운용,2020-09-25,코스피200 정보기술 TR,KRX,실물(패시브),국내,주식,배당소득세(보유기간과세),0.15,100000,4200000,55885,-1375,-2.4,55899.08,71637,3971655467,39.72,234402000000,2344.02,0,0.0
337150,KR7337150007,KODEX 200exTOP,삼성 KODEX 200exTOP증권상장지수투자신탁[주식],SAMSUNG KODEX 200exTOP ETF,삼성자산운용,2019-11-14,코스피 200 초대형제외 지수,KRX,실물(패시브),국내,주식,비과세,0.3,100000,600000,25440,-270,-1.05,25482.87,14,356210,0.0,15294000000,152.94,0,0.0
223190,KR7223190000,KODEX 200가치저변동,삼성 KODEX 200가치저변동증권상장지수투자신탁[주식],Samsung KODEX 200 Intrinsic Value ETF,삼성자산운용,2015-06-26,코스피 200 가치저변동성,KRX,실물(패시브),국내,주식,비과세,0.3,100000,1000000,28010,-370,-1.3,28089.88,4168,116457585,1.16,28085000000,280.85,0,0.0
237350,KR7237350004,KODEX 코스피100,삼성 KODEX 200대형증권상장지수투자신탁(주식),SAMSUNG KODEX 200 Large ETF,삼성자산운용,2016-01-27,코스피 100,KRX,실물(패시브),국내,주식,비과세,0.15,50000,11100000,87135,-2410,-2.69,87614.62,121064,10519586031,105.2,971083500000,9710.83,0,0.0
252650,KR7252650007,KODEX 200동일가중,삼성 KODEX 200동일가중증권상장지수투자신탁[주식],Samsung KODEX 200 Equalweight ETF,삼성자산운용,2016-09-20,코스피 200 동일가중지수,KRX,실물(패시브),국내,주식,비과세,0.25,100000,700000,18875,-50,-0.26,18867.04,981,18423795,0.18,13212500000,132.12,0,0.0
360140,KR7360140008,KODEX 200롱코스닥150숏선물,삼성 KODEX 200롱코스닥150숏선물증권상장지수투자신탁[주식-파생형],SAMSUNG KODEX 200LONGKOSDAQ150SHORT Futures ETF,삼성자산운용,2020-08-21,코스피200 롱 100% 코스닥150 숏 100% 선물지수,KRX,실물(패시브),국내,주식,배당소득세(보유기간과세),0.64,100000,2200000,22945,210,0.92,22957.75,21596,492590868,4.93,50479000000,504.79,0,0.0
284430,KR7284430006,KODEX 200미국채혼합50,삼성 KODEX 200미국채혼합50증권상장지수투자신탁[채권혼합-파생형],Samsung KODEX 200 US Treasury notes Balanced 50 ETF,삼성자산운용,2017-11-30,코스피 200 미국채 혼합지수,KRX,실물(패시브),국내&해외,혼합자산,배당소득세(보유기간과세),0.35,80000,96960000,20595,-265,-1.27,20634.7,405641,8330600802,83.31,1996891200000,19968.91,0,0.0
252670,KR7252670005,KODEX 200선물인버스2X,삼성 KODEX 200선물인버스2X증권상장지수투자신탁(주식-파생형),SAMSUNG KODEX 200 Futures Inverse 2X ETF,삼성자산운용,2016-09-22,코스피 200 선물지수,KRX,실물(패시브),국내,주식,배당소득세(보유기간과세),0.64,100000,10145400000,73,2,2.82,73.1,5201004608,384345319068,3843.45,750759600000,7507.6,0,0.0
494890,KR7494890007,KODEX 200액티브,삼성 KODEX 200액티브증권상장지수투자신탁[주식-파생형],SAMSUNG KODEX 200 Active ETF,삼성자산운용,2024-10-29,코스피 200,KRX,실물(액티브),국내,주식,배당소득세(보유기간과세),0.15,100000,34000000,31570,-725,-2.24,31605.55,380509,11903802803,119.04,1073380000000,10733.8,0,0.0
0219E0,KR70219E0005,KODEX 200커버드콜액티브,삼성 KODEX 200커버드콜액티브증권상장지수투자신탁[주식-파생형],SAMSUNG KODEX 200 Covered Call Active ETF,삼성자산운용,2026-07-14,코스피 200 커버드콜 5% OTM,KRX,실물(액티브),국내,주식,배당소득세(보유기간과세),0.5,100000,88300000,8455,-175,-2.03,8450.39,3581652,30032789683,300.33,745693500000,7456.94,0,0.0
498400,KR7498400001,KODEX 200타겟위클리커버드콜,삼성 KODEX 200타겟위클리커버드콜증권상장지수투자신탁[주식-파생형],SAMSUNG KODEX 200 Target Weekly Covered Call ETF,삼성자산운용,2024-12-03,코스피 200 타겟 15% 위클리 커버드콜 지수,KRX,실물(패시브),국내,주식,배당소득세(보유기간과세),0.39,100000,289500000,20760,-410,-1.94,20738.66,10880436,224098239792,2240.98,6010020000000,60100.2,0,0.0
0117L0,KR70117L0009,KODEX 26-12 금융채(AA-이상)액티브,삼성 KODEX 26-12 금융채(AA-이상)액티브증권상장지수투자신탁[채권],SAMSUNG KODEX 26-12 Financial Bond(AA-) Active ETF,삼성자산운용,2025-10-28,KAP 26-12 금융채 총수익 지수(AA-이상),한국자산평가(KAP),실물(액티브),국내,채권,배당소득세(보유기간과세),0.09,10000,85640000,10170,5,0.05,10164.48,6782,68946200,0.69,870530600000,8705.31,0,0.0
473290,KR7473290005,KODEX 26-12 회사채(AA-이상)액티브,삼성 KODEX 26-12 회사채(AA-이상)액티브증권상장지수투자신탁[채권],SAMSUNG KODEX 26-12 Corporate Bond(AA-) Active ETF,삼성자산운용,2023-12-12,KAP 26-12 회사채 총수익 지수(AA-이상),한국자산평가(KAP),실물(액티브),국내,채권,배당소득세(보유기간과세),0.09,10000,36460000,10885,-10,-0.09,10892.77,82152,894798656,8.95,397049400000,3970.49,0,0.0
0007F0,KR70007F0000,KODEX 27-12 회사채(AA-이상)액티브,삼성 KODEX 27-12 회사채(AA-이상)액티브증권상장지수투자신탁[채권],SAMSUNG KODEX 27-12 Corporate Bond(AA-) Active ETF,삼성자산운용,2025-01-14,KAP 27-12 회사채 총수익 지수(AA-이상),한국자산평가(KAP),실물(액티브),국내,채권,배당소득세(보유기간과세),0.09,10000,64680000,10190,0,0.0,10198.46,52695,537186285,5.37,659089200000,6590.89,0,0.0
0119H0,KR70119H0003,KODEX 28-12 회사채(AA-이상)액티브,삼성 KODEX 28-12 회사채(AA-이상)액티브증권상장지수투자신탁[채권],SAMSUNG KODEX 28-12 Corporate Bond(AA-) Active ETF,삼성자산운용,2025-11-04,KAP 28-12 회사채 총수익 지수(AA- 이상),한국자산평가(KAP),실물(액티브),국내,채권,배당소득세(보유기간과세),0.09,10000,27200000,9935,0,0.0,9932.95,17693,175768465,1.76,270232000000,2702.32,0,0.0
462330,KR7462330002,KODEX 2차전지산업레버리지,삼성 KODEX 2차전지산업레버리지증권상장지수투자신탁[주식-파생형],SAMSUNG KODEX Secondary Battery Industry Leverage ETF,삼성자산운용,2023-07-04,FnGuide 2차전지 산업 지수,FnGuide,실물(패시브),국내,주식,배당소득세(보유기간과세),0.49,100000,710800000,1067,-57,-5.07,1064.55,54297274,58000630360,580.01,756291200000,7562.91,0,0.0
305720,KR7305720005,KODEX 2차전지산업,삼성 KODEX 2차전지산업증권상장지수투자신탁[주식],Samsung KODEX Secondary Battery Industry ETF,삼성자산운용,2018-09-12,FnGuide 2차전지 산업 지수,FnGuide,실물(패시브),국내,주식,비과세,0.45,100000,117400000,14895,-470,-3.06,14932.03,2597108,38820551445,388.21,1751608000000,17516.08,0,0.0
461950,KR7461950008,KODEX 2차전지핵심소재10,삼성 KODEX 2차전지핵심소재10증권상장지수투자신탁[주식],SAMSUNG KODEX Secondary Battery Core Materials 10 Fn ETF,삼성자산운용,2023-07-04,FnGuide 2차전지핵심소재10 지수,FnGuide,실물(패시브),국내,주식,비과세,0.39,50000,36050000,5025,-140,-2.71,5029.29,612072,3087256751,30.87,181151250000,1811.51,0,0.0
457690,KR7457690006,KODEX 33-06 국고채액티브,삼성 KODEX 33-06 국고채액티브증권상장지수투자신탁[채권],SAMSUNG KODEX 33-06 Treasury Bond Active ETF,삼성자산운용,2023-05-31,KAP 33-06 국고채 총수익 지수,한국자산평가(KAP),실물(액티브),국내,채권,배당소득세(보유기간과세),0.15,10000,1620000,10395,-35,-0.34,10387.1,44231,459613915,4.6,16839900000,168.4,0,0.0
271060,KR7271060006,KODEX 3대농산물선물(H),삼성 KODEX 3대농산물선물특별자산상장지수투자신탁[농산물-파생형](H),Samsung KODEX Grains Futures ETF(H),삼성자산운용,2017-06-13,S&P GSCI Grains Select Index ER,S&P,실물(패시브),해외,원자재,배당소득세(보유기간과세),0.55,30000,3180000,9080,75,0.83,9108.38,20394,186445253,1.86,28858500000,288.58,0,0.0
457700,KR7457700003,KODEX 53-09 국고채액티브,삼성 KODEX 53-09 국고채액티브증권상장지수투자신탁[채권],SAMSUNG KODEX 53-09 Treasury Bond Active ETF,삼성자산운용,2023-05-31,KAP 53-09 국고채 총수익 지수,한국자산평가(KAP),실물(액티브),국내,채권,배당소득세(보유기간과세),0.15,10000,1320000,8955,-95,-1.05,8945.59,2459,21947755,0.22,11820600000,118.21,0,0.0
395160,KR7395160005,KODEX AI반도체TOP2플러스,삼성 KODEX AI반도체TOP2플러스증권상장지수투자신탁[주식],SAMSUNG KODEX AI Semiconductor TOP2 Plus ETF,삼성자산운용,2021-07-30,FnGuide AI반도체 TOP2+ 지수,FnGuide,실물(패시브),국내,주식,비과세,0.45,100000,100000000,40130,-1285,-3.1,40176.35,2684902,106994485910,1069.94,4013000000000,40130.0,0,0.0
471990,KR7471990002,KODEX AI반도체핵심장비,삼성 KODEX AI반도체핵심장비증권상장지수투자신탁[주식],SAMSUNG KODEX AI Semiconductor Core Equipment ETF,삼성자산운용,2023-11-21,iSelect AI 반도체핵심장비 지수,NH투자증권,실물(패시브),국내,주식,비과세,0.39,50000,16250000,25280,-1155,-4.37,25285.11,1016922,25804891278,258.05,410881250000,4108.81,0,0.0
487240,KR7487240004,KODEX AI전력핵심설비,삼성 KODEX AI전력핵심설비증권상장지수투자신탁[주식],SAMSUNG KODEX AI Electric Power Core Facilities ETF,삼성자산운용,2024-07-09,iSelect AI 전력핵심설비 지수(Price Return),NH투자증권,실물(패시브),국내,주식,비과세,0.39,100000,87400000,36505,-275,-0.75,36461.16,1932394,69446268098,694.46,3186604000000,31866.04,0,0.0
481050,KR7481050003,KODEX CD1년금리플러스액티브(합성),삼성 KODEX CD1년금리플러스액티브증권상장지수투자신탁[채권혼합-파생형](합성),SAMSUNG KODEX 1Y CD Rate Plus Active ETF(SYNTH),삼성자산운용,2024-04-23,KAP 1년은행 CD+추가금리 지수(총수익지수),한국자산평가(KAP),합성(액티브),국내,기타,배당소득세(보유기간과세),0.05,100,2458400,1022755,105,0.01,1022772.12,35437,36243288578,362.43,2514328600000,25143.29,0,0.0
459580,KR7459580007,KODEX CD금리액티브(합성),삼성 KODEX CD금리액티브증권상장지수투자신탁[채권혼합-파생형](합성),SAMSUNG KODEX CD Rate Active ETF(SYNTH),삼성자산운용,2023-06-08,KAP 양도성예금증서(CD)금리지수(총수익지수),한국자산평가(KAP),합성(액티브),국내,기타,배당소득세(보유기간과세),0.02,100,6402900,1074580,90,0.01,1074844.37,710417,763398039360,7633.98,6880409073300,68804.09,0,0.0
439860,KR7439860008,KODEX ESG종합채권(A-이상)액티브,삼성 KODEX ESG종합채권(A-이상)액티브증권상장지수투자신탁[채권],SAMSUNG KODEX ESG Korea Total Bond Market(A-) Active ETF,삼성자산운용,2022-08-23,"KAP ESG 종합채권지수(A- 이상, 총수익)",한국자산평가(KAP),실물(액티브),국내,채권,배당소득세(보유기간과세),0.07,1000,3251000,113450,-175,-0.15,113537.53,5,567210,0.01,368825950000,3688.26,0,0.0
266370,KR7266370006,KODEX IT,삼성 KODEX IT증권상장지수투자신탁(주식),Samsung KODEX IT ETF,삼성자산운용,2017-03-28,KRX 정보기술,KRX,실물(패시브),국내,주식,비과세,0.45,100000,1600000,68460,-2340,-3.31,68523.07,33821,2310436400,23.1,109536000000,1095.36,0,0.0
101280,KR7101280006,KODEX 일본TOPIX100,삼성 KODEX Japan 증권상장지수투자신탁[주식],SAMSUNG KODEX Japan ETF,삼성자산운용,2008-02-20,TOPIX100,TSE(Tokyo Stock Exchange),실물(패시브),해외,주식,배당소득세(해외주식투자전용ETF),0.19,20000,1720000,30160,-30,-0.1,30076.04,3679,110176595,1.1,51918200000,519.18,0,0.0
368680,KR7368680005,KODEX K-뉴딜디지털플러스,삼성 KODEX K-뉴딜디지털플러스증권상장지수투자신탁[주식],SAMSUNG KODEX Fn K-NewDeal Digital Plus ETF,삼성자산운용,2020-11-10,FnGuide K-뉴딜 디지털 플러스 지수,FnGuide,실물(패시브),국내,주식,비과세,0.09,100000,900000,7770,-145,-1.83,7811.55,9,69970,0.0,7029000000,70.29,0,0.0
423160,KR7423160001,KODEX KOFR금리액티브(합성),삼성 KODEX KOFR금리액티브특별자산상장지수투자신탁[금리-파생형](합성),SAMSUNG KODEX KOFR Active ETF(SYNTH),삼성자산운용,2022-04-26,KOFR 지수,한국예탁결제원,합성(액티브),국내,기타,배당소득세(보유기간과세),0.05,1000,33415000,110775,35,0.03,110762.67,167712,18578528457,185.79,3701613455000,37016.13,0,0.0
306950,KR7306950007,KODEX KRX300레버리지,삼성 KODEX KRX300레버리지증권상장지수투자신탁[주식-파생형],Samsung KODEX KRX300 Leverage ETF,삼성자산운용,2018-10-16,KRX 300,KRX,실물(패시브),국내,주식,배당소득세(보유기간과세),0.64,100000,800000,77645,-3385,-4.18,77581.98,663,50826380,0.51,62116000000,621.16,0,0.0
292190,KR7292190006,KODEX KRX300,삼성 KODEX KRX300증권상장지수투자신탁[주식형],Samsung KODEX KRX300 ETF,삼성자산운용,2018-03-26,KRX 300,KRX,실물(패시브),국내,주식,비과세,0.05,100000,1500000,48205,-1130,-2.29,48312.7,17756,855165600,8.55,72307500000,723.08,0,0.0
229720,KR7229720008,KODEX KTOP30,삼성 KODEX KTOP30 증권상장지수투자신탁[주식],SAMSUNG KODEX KTOP30 ETF,삼성자산운용,2015-10-14,KTOP 30,KRX,실물(패시브),국내,주식,비과세,0.25,100000,500000,37360,-275,-0.73,37336.73,1175,43678165,0.44,18672500000,186.72,0,0.0
266360,KR7266360007,KODEX K콘텐츠,삼성 KODEX K콘텐츠증권상장지수투자신탁[주식],SAMSUNG KODEX K-Content ETF,삼성자산운용,2017-03-28,KRX K콘텐츠,KRX,실물(패시브),국내,주식,비과세,0.45,100000,3200000,9570,-70,-0.73,9599.91,13725,131324200,1.31,30656000000,306.56,0,0.0
289040,KR7289040008,KODEX MSCI KOREA ESG유니버설,삼성 KODEX MSCI ESG유니버설증권상장지수투자신탁[주식형],Samsung KODEX MSCI Korea ESG Universal ETF,삼성자산운용,2018-02-07,MSCI Korea ESG Universal Capped Index,MSCI,실물(패시브),국내,주식,비과세,0.3,100000,600000,33800,-760,-2.2,33803.1,7,235580,0.0,20280000000,202.8,0,0.0
156080,KR7156080004,KODEX MSCI Korea,삼성 KODEX MSCI KOREA 증권상장지수투자신탁[주식],SAMSUNG KODEX MSCI KOREA ETF[EQUITY],삼성자산운용,2012-04-30,MSCI Korea Index,MSCI,실물(패시브),국내,주식,비과세,0.09,100000,600000,52055,-1395,-2.61,52095.07,1500,77863785,0.78,31233000000,312.33,0,0.0
278540,KR7278540000,KODEX MSCI Korea TR,삼성 KODEX MSCI Korea Total Return증권상장지수투자신탁[주식],Samsung KODEX MSCI Korea Total Return ETF,삼성자산운용,2017-11-09,MSCI Korea TR Index,MSCI,실물(패시브),국내,주식,배당소득세(보유기간과세),0.09,100000,61200000,39000,-930,-2.33,38962.75,23911,924815240,9.25,2383128000000,23831.28,0,0.0
251350,KR7251350005,KODEX MSCI선진국,삼성 KODEX MSCI선진국증권상장지수투자신탁[주식],Samsung KODEX MSCI World ETF,삼성자산운용,2016-08-17,MSCI World,MSCI,실물(패시브),해외,주식,배당소득세(해외주식투자전용ETF),0.3,50000,12800000,37750,-155,-0.41,37669.1,18934,715039859,7.15,484992000000,4849.92,0,0.0
269420,KR7269420006,KODEX S&P글로벌인프라(합성),삼성 KODEX S&P글로벌인프라증권상장지수투자신탁[주식-파생형](합성),SAMSUNG KODEX S&P Global Infrastructure ETF-SYNTH,삼성자산운용,2017-05-16,S&P Global Infrastructure Index,S&P,합성(패시브),해외,주식,배당소득세(보유기간과세),0.26,1000,1032000,21320,-60,-0.28,21241.67,3317,70529855,0.71,22002240000,220.02,0,0.0
291890,KR7291890002,KODEX MSCI EM선물(H),삼성 KODEX SGX MSCI EM 선물증권상장지수투자신탁[주식-파생형](H),Samsung KODEX SGX MSCI EM Futures ETF(H),삼성자산운용,2018-03-23,iEdge Emerging Markets Futures Index(ER),SGX(Singapore Exchange),실물(패시브),해외,주식,배당소득세(보유기간과세),0.45,50000,500000,12350,-210,-1.67,12315.47,5996,74026625,0.74,6175000000,61.75,0,0.0
0193T0,KR70193T0008,KODEX SK하이닉스단일종목레버리지,삼성 KODEX SK하이닉스단일종목레버리지증권상장지수투자신탁[주식-파생형],SAMSUNG KODEX SK Hynix Single Stock Leverage,삼성자산운용,2026-05-27,KRX SK하이닉스 지수,KRX,실물(패시브),국내,주식,배당소득세(보유기간과세),0.29,25000,221275000,11400,-510,-4.28,11395.85,17032663,188425752642,1884.26,2514790375000,25147.9,0,0.0
329650,KR7329650006,KODEX TRF3070,삼성 KODEX TRF3070증권상장지수투자신탁[채권혼합],SAMSUNG KODEX TRF3070 ETF,삼성자산운용,2019-07-04,FnGuide TRF 3070 지수,FnGuide,실물(패시브),국내&해외,혼합자산,배당소득세(보유기간과세),0.24,100000,16500000,13900,0,0.0,13926.41,17121,237932725,2.38,229267500000,2292.68,0,0.0
329660,KR7329660005,KODEX TRF5050,삼성 KODEX TRF5050증권상장지수투자신탁[주식혼합-재간접],SAMSUNG KODEX TRF5050 ETF,삼성자산운용,2019-07-04,FnGuide TRF 5050 지수,FnGuide,실물(패시브),국내&해외,혼합자산,배당소득세(보유기간과세),0.17,100000,4700000,17520,-5,-0.03,17554.26,6730,117690510,1.18,82344000000,823.44,0,0.0
329670,KR7329670004,KODEX TRF7030,삼성 KODEX TRF7030증권상장지수투자신탁[주식혼합-재간접],SAMSUNG KODEX TRF7030 ETF,삼성자산운용,2019-07-04,FnGuide TRF 7030 지수,FnGuide,실물(패시브),국내&해외,혼합자산,배당소득세(보유기간과세),0.1,100000,4000000,21460,-45,-0.21,21497.05,7885,169022350,1.69,85700000000,857.0,0,0.0
395170,KR7395170004,KODEX Top10동일가중,삼성 KODEX Top10동일가중증권상장지수투자신탁[주식],SAMSUNG KODEX Fn Top10 Equal Weight ETF,삼성자산운용,2021-07-30,FnGuide TOP10 동일가중 지수,FnGuide,실물(패시브),국내,주식,비과세,0.15,100000,2000000,15560,-125,-0.8,15552.72,2928,45200900,0.45,31120000000,311.2,0,0.0
315930,KR7315930008,KODEX Top5PlusTR,삼성 KODEX Top5Plus Total Return증권상장지수투자신탁[주식형],Samsung KODEX Top5Plus Total Return ETF,삼성자산운용,2019-01-22,FnGuide TOP 5 Plus Total Return 지수,FnGuide,실물(패시브),국내,주식,배당소득세(보유기간과세),0.15,100000,12000000,81045,-1125,-1.37,81164.8,9591,770596225,7.71,972060000000,9720.6,0,0.0
271050,KR7271050007,KODEX WTI원유선물인버스(H),삼성 KODEX WTI원유선물인버스특별자산상장지수투자신탁(원유-파생형)(H),Samsung KODEX WTI Crude Oil Futures Inverse ETF(H),삼성자산운용,2017-06-13,S&P GSCI Crude Oil Index ER,S&P,실물(패시브),해외,원자재,배당소득세(보유기간과세),0.35,25000,93325000,1684,-86,-4.86,1663.19,19761395,32632809116,326.33,156786000000,1567.86,0,0.0
261220,KR7261220008,KODEX WTI원유선물(H),삼성 KODEX WTI원유선물특별자산상장지수투자신탁[원유-파생형](H),SAMSUNG KODEX WTI Oil Futures ETF(H),삼성자산운용,2016-12-27,S&P GSCI Crude Oil Index ER,S&P,실물(패시브),해외,원자재,배당소득세(보유기간과세),0.35,25000,2000000,28315,1480,5.52,28353.07,342871,9874316313,98.74,56660000000,566.6,0,0.0
468380,KR7468380001,KODEX iShares미국하이일드액티브,삼성 KODEX iShares미국하이일드액티브증권상장지수투자신탁[채권-재간접형],SAMSUNG KODEX iShares US HY Active ETF,삼성자산운용,2023-10-19,ICE BofAML US HY Constrained Index(Total Return),"ICE Data Indices, LLC",실물(액티브),해외,채권,배당소득세(보유기간과세),0.15,10000,8340000,10555,-5,-0.05,10552.26,18602,196402444,1.96,88028700000,880.29,0,0.0
275290,KR7275290005,KODEX 가치주,삼성 KODEX 가치주증권상장지수투자신탁[주식형],SAMSUNG KODEX MSCI Enhanced Value ETF,삼성자산운용,2017-07-11,MSCI Korea IMI Enhanced Value Capped,MSCI,실물(패시브),국내,주식,비과세,0.3,100000,900000,34995,-725,-2.03,34989.62,618,21442045,0.21,31419000000,314.19,0,0.0
300950,KR7300950003,KODEX 게임산업,삼성 KODEX 게임산업증권상장지수투자신탁[주식],Samsung KODEX Game Industry ETF,삼성자산운용,2018-07-24,FnGuide 게임 산업 지수,FnGuide,실물(패시브),국내,주식,비과세,0.45,100000,4200000,5380,-20,-0.37,5391.58,11672,62509157,0.63,22596000000,225.96,0,0.0
266390,KR7266390004,KODEX 경기소비재,삼성 KODEX 경기소비재증권상장지수투자신탁[주식형],Samsung KODEX Consumer Discretionary ETF,삼성자산운용,2017-03-28,KRX 경기소비재,KRX,실물(패시브),국내,주식,비과세,0.45,100000,600000,14860,-25,-0.17,14883.85,841,12500095,0.13,8916000000,89.16,0,0.0
279530,KR7279530000,KODEX 고배당주,삼성 KODEX 고배당주증권상장지수투자신탁[주식],Samsung KODEX High Dividend ETF,삼성자산운용,2017-10-17,FnGuide 고배당 Plus 지수,FnGuide,실물(패시브),국내,주식,비과세,0.3,100000,19800000,17855,190,1.08,17861.31,146030,2590577749,25.91,352341000000,3523.41,0,0.0
280940,KR7280940008,KODEX 골드선물인버스(H),삼성 KODEX 골드선물인버스특별자산상장지수투자신탁[금-파생형](H),Samsung KODEX Gold Inverse Futures ETF(H),삼성자산운용,2017-11-09,S&P GSCI GOLD Index Excess Return,S&P,실물(패시브),해외,원자재,배당소득세(보유기간과세),0.45,50000,800000,3450,65,1.92,3445.03,4767,16484444,0.16,2764000000,27.64,0,0.0
132030,KR7132030008,KODEX 골드선물(H),삼성 KODEX 골드선물특별자산상장지수투자신탁(금-파생형)(H),SAMSUNG KODEX GOLD FUTURES SPECIAL ASSET ETF,삼성자산운용,2010-10-01,S&P GSCI Gold Index(TR),S&P,실물(패시브),해외,원자재,배당소득세(보유기간과세),0.68,100000,15100000,24380,-380,-1.53,24408.16,91396,2213592731,22.14,368515500000,3685.16,0,0.0
138910,KR7138910005,KODEX 구리선물(H),삼성 KODEX 구리선물특별자산상장지수투자신탁(구리-파생형)(H),SAMSUNG KODEX COPPER FUTURES SPECIAL ASSET ETF,삼성자산운용,2011-03-15,S&P GSCI North American Copper Index(TR),S&P,실물(패시브),해외,원자재,배당소득세(보유기간과세),0.68,100000,3200000,9920,-435,-4.2,9921.49,72716,715981196,7.16,31712000000,317.12,0,0.0
471230,KR7471230003,KODEX 국고채10년액티브,삼성 KODEX 국고채10년액티브증권상장지수투자신탁[채권],SAMSUNG KODEX 10-Years Treasury Bond Active ETF,삼성자산운용,2023-11-14,KAP 국고채 10년 지수(TR),한국자산평가(KAP),실물(액티브),국내,채권,배당소득세(보유기간과세),0.015,1000,4443000,102515,-655,-0.63,102468.48,23635,2420521333,24.21,455340855000,4553.41,0,0.0
439870,KR7439870007,KODEX 국고채30년액티브,삼성 KODEX 국고채30년액티브증권상장지수투자신탁[채권],SAMSUNG KODEX 30-Years Treasury Bond Active ETF,삼성자산운용,2022-08-23,KAP 국고채 30년 총수익 지수,한국자산평가(KAP),실물(액티브),국내,채권,배당소득세(보유기간과세),0.05,1000,3456000,85660,-825,-0.95,85408.21,7182,612042735,6.12,296040960000,2960.41,0,0.0
114260,KR7114260003,KODEX 국고채3년,삼성 KODEX 국고채권 증권상장지수투자신탁[채권],SAMSUNG KODEX TREASURY BOND ETF,삼성자산운용,2009-07-29,MKF 국고채지수(총수익),FnGuide,실물(패시브),국내,채권,배당소득세(보유기간과세),0.15,2000,7968000,61585,-170,-0.28,61615.64,17531,1079336315,10.79,490709280000,4907.09,0,0.0
292770,KR7292770005,KODEX 국채선물3년인버스,삼성 KODEX 국채선물3년인버스증권상장지수투자신탁[채권-파생형],Samsung KODEX 3Y F-KTB INVERSE ETF,삼성자산운용,2018-04-13,국채선물지수,KRX,실물(패시브),국내,채권,배당소득세(보유기간과세),0.07,6000,1074000,58060,170,0.29,58058.48,10,580600,0.01,62356440000,623.56,0,0.0
276990,KR7276990009,KODEX 글로벌로봇(합성),삼성 KODEX 글로벌로봇증권상장지수투자신탁(주식-파생형)(합성),SAMSUNG KODEX Global Robotics & Automation ETF-SYNTH,삼성자산운용,2017-08-17,ROBO Global Robotics & Automation UCITS Price Return Index,ROBO Global,합성(패시브),국내&해외,주식,배당소득세(보유기간과세),0.3,1000,1770000,24290,-205,-0.84,24239.66,2554,61963985,0.62,42993300000,429.93,0,0.0
476070,KR7476070008,KODEX 글로벌비만치료제TOP2 Plus,삼성 KODEX 글로벌비만치료제TOP2 Plus증권상장지수투자신탁[주식],SAMSUNG KODEX Global Obesity Treatment TOP2 Plus ETF,삼성자산운용,2024-02-14,iSelect 글로벌 비만치료제TOP2 Plus 지수(PR),NH투자증권,실물(패시브),해외,주식,배당소득세(보유기간과세),0.45,50000,2650000,10420,-55,-0.53,10442.77,3370,35148670,0.35,27613000000,276.13,0,0.0
0064K0,KR70064K0003,KODEX 금액티브,삼성 KODEX 금액티브특별자산상장지수투자신탁[금-파생재간접형],SAMSUNG KODEX Global Gold Active ETF,삼성자산운용,2025-06-17,Bloomberg Gold Spot NY 4pm USD Index,Bloomberg,실물(액티브),해외,원자재,배당소득세(보유기간과세),0.3,10000,13150000,12290,-130,-1.05,12290.66,102324,1249425327,12.49,161679250000,1616.79,0,0.0
0089D0,KR70089D0003,KODEX 금융고배당TOP10,삼성 KODEX 금융고배당TOP10증권상장지수투자신탁[주식],SAMSUNG KODEX Financials High Dividend TOP 10 ETF,삼성자산운용,2025-08-12,코스피 200 금융 고배당 TOP 10 지수,KRX,실물(패시브),국내,주식,비과세,0.3,100000,16900000,13815,355,2.64,13777.19,299616,4096569754,40.97,232713000000,2327.13,0,0.0
498410,KR7498410000,KODEX 금융고배당TOP10타겟위클리커버드콜,삼성 KODEX 금융고배당TOP10타겟위클리커버드콜증권상장지수투자신탁[주식-파생형],SAMSUNG KODEX Financials High Dividend TOP 10 Weekly Target Covered Call ETF,삼성자산운용,2024-12-17,코스피 200 금융 고배당 TOP 10 타겟 15%분배 위클리 커버드콜 지수,KRX,실물(패시브),국내,주식,배당소득세(보유기간과세),0.39,100000,70900000,12030,265,2.25,12056.54,1893878,22626485503,226.26,852218000000,8522.18,0,0.0
0162M0,KR70162M0002,KODEX 금융채1~2년(AA-이상)PLUS액티브,삼성 KODEX 금융채1~2년(AA-이상)PLUS액티브증권상장지수투자신탁[채권],SAMSUNG KODEX Financial Bond 1-2Y(AA-) PLUS Active ETF,삼성자산운용,2026-02-26,KAP 금융채 1-2년 총수익 지수,한국자산평가(KAP),실물(액티브),국내,채권,배당소득세(보유기간과세),0.09,10000,42200000,10070,-10,-0.1,10075.51,671,6749395,0.07,424954000000,4249.54,0,0.0
102960,KR7102960002,KODEX 기계장비,삼성 KODEX 기계장비증권상장지수투자신탁[주식],SAMSUNG KODEX MACHINARY & EQUIPMENT ETF,삼성자산운용,2008-05-29,KRX 기계장비,KRX,실물(패시브),국내,주식,비과세,0.45,20000,1060000,13905,-165,-1.17,13984.49,14641,203492236,2.03,14787000000,147.87,0,0.0
404260,KR7404260002,KODEX 기후변화솔루션,삼성 KODEX 기후변화솔루션증권상장지수투자신탁[주식],SAMSUNG KODEX KRX Climate Change Solutions ETF,삼성자산운용,2021-10-29,KRX 기후변화 솔루션지수,KRX,실물(패시브),국내,주식,비과세,0.09,100000,800000,24550,-140,-0.57,24569.99,566,13871330,0.14,19640000000,196.4,0,0.0
273140,KR7273140004,KODEX 단기변동금리부채권액티브,삼성 KODEX 단기변동금리부채권액티브증권상장지수투자신탁[채권],"Samsung KODEX Active Korea FRN(Bank 1Y, AAA) ETF",삼성자산운용,2017-06-29,KAP 단기변동금리부은행채권지수,한국자산평가(KAP),실물(액티브),국내,채권,배당소득세(보유기간과세),0.15,1000,2441000,114800,0,0.0,114816.08,2884,331125030,3.31,280226800000,2802.27,0,0.0
487950,KR7487950008,KODEX 대만테크고배당다우존스,삼성 KODEX 대만테크고배당다우존스증권상장지수투자신탁[주식],SAMSUNG KODEX Taiwan Technology High Dividend Dow Jones ETF,삼성자산운용,2024-07-23,Dow Jones Taiwan Technology Dividend 30 Index(TWD)(PR),S&P,실물(패시브),해외,주식,배당소득세(보유기간과세),0.45,50000,1450000,12755,-40,-0.31,12646.34,6845,86807390,0.87,18487500000,184.88,0,0.0
445290,KR7445290000,KODEX 로봇액티브,삼성 KODEX 로봇액티브증권상장지수투자신탁[주식],SAMSUNG KODEX Robot Active ETF,삼성자산운용,2022-11-15,iSelect K-로봇테마 지수,NH투자증권,실물(액티브),국내,주식,배당소득세(보유기간과세),0.5,50000,34800000,31120,-345,-1.1,31056.23,163771,5051330898,50.51,1080018000000,10800.18,0,0.0
488770,KR7488770009,KODEX 머니마켓액티브,삼성 KODEX 머니마켓액티브증권상장지수투자신탁[채권],SAMSUNG KODEX Money Market Active ETF,삼성자산운용,2024-08-06,KAP MMF 지수(TR),한국자산평가(KAP),실물(액티브),국내,채권,배당소득세(보유기간과세),0.05,1000,77415000,105505,25,0.02,105498.69,450087,47485207168,474.85,8167669575000,81676.7,0,0.0
337120,KR7337120000,KODEX 멀티팩터,삼성 KODEX 멀티팩터증권상장지수투자신탁[주식],SAMSUNG KODEX Fn Multi Factor ETF,삼성자산운용,2019-11-14,FnGuide 멀티팩터 지수,FnGuide,실물(패시브),국내,주식,비과세,0.3,100000,600000,34675,-820,-2.31,34728.09,20,689975,0.01,20805000000,208.05,0,0.0
401470,KR7401470000,KODEX 메타버스액티브,삼성 KODEX 메타버스액티브증권상장지수투자신탁[주식],SAMSUNG KODEX Metaverse Active ETF,삼성자산운용,2021-10-13,FnGuide K-메타버스 지수,FnGuide,실물(액티브),국내,주식,배당소득세(보유기간과세),0.5,50000,5850000,9450,-40,-0.42,9491.43,5229,49551762,0.5,55399500000,554.0,0,0.0
244620,KR7244620001,KODEX 모멘텀Plus,삼성 KODEX 모멘텀PLUS증권상장지수투자신탁[주식],Samsung KODEX Momentum PLUS ETF,삼성자산운용,2016-05-13,FnGuide 모멘텀 Plus 지수,FnGuide,실물(패시브),국내,주식,비과세,0.3,100000,700000,20210,-400,-1.94,20207.3,262,5291865,0.05,14147000000,141.47,0,0.0
275280,KR7275280006,KODEX 모멘텀주,삼성 KODEX 모멘텀주증권상장지수투자신탁[주식형],SAMSUNG KODEX MSCI Momentum ETF,삼성자산운용,2017-07-11,MSCI Korea IMI Momentum Capped,MSCI,실물(패시브),국내,주식,비과세,0.3,100000,900000,43195,-770,-1.75,43012.99,2093,89526610,0.9,38659500000,386.6,0,0.0
308620,KR7308620004,KODEX 미국10년국채선물,삼성 KODEX 미국10년국채선물증권상장지수투자신탁[채권-파생형],Samsung KODEX T-note Futures ETF,삼성자산운용,2018-10-19,S&P 10-Year U.S. Treasury Note Futures KRW(ER),S&P,실물(패시브),해외,채권,배당소득세(보유기간과세),0.09,100000,8200000,11070,-25,-0.23,11070.66,30376,336415959,3.36,90815000000,908.15,0,0.0
0091C0,KR70091C0000,KODEX 미국10년국채액티브(H),삼성 KODEX 미국10년국채액티브증권상장지수투자신탁[채권-재간접형](H),SAMSUNG KODEX US Treasury 10 Years Bond Active ETF(H),삼성자산운용,2025-08-19,KAP 미국 국채 10년 지수(총수익),한국자산평가(KAP),실물(액티브),해외,채권,배당소득세(보유기간과세),0.15,10000,19910000,9440,-75,-0.79,9429.3,94816,894263792,8.94,187950400000,1879.5,0,0.0
484790,KR7484790001,KODEX 미국30년국채액티브(H),삼성 KODEX 미국30년국채액티브증권상장지수투자신탁[채권-재간접형](H),SAMSUNG KODEX US Treasury 20+ Year Bond Active ETF(H),삼성자산운용,2024-06-18,KEDI-KAP 미국 국채 20+ 지수(TR),한국경제신문,실물(액티브),해외,채권,배당소득세(보유기간과세),0.015,10000,72350000,8115,-85,-1.04,8100.61,308251,2495925496,24.96,587120250000,5871.2,0,0.0
304670,KR7304670003,KODEX 미국30년국채울트라선물인버스(H),삼성 KODEX 미국30년국채울트라선물인버스증권상장지수투자신탁[채권-파생형](H),Samsung KODEX Ultra T-bond Futures Inverse(H) ETF,삼성자산운용,2018-09-12,S&P Ultra T-Bond Futures Index(ER),S&P,실물(패시브),해외,채권,배당소득세(보유기간과세),0.3,100000,600000,12560,130,1.05,12576.2,1152,14517185,0.15,7536000000,75.36,0,0.0
304660,KR7304660004,KODEX 미국30년국채울트라선물(H),삼성 KODEX 미국30년국채울트라선물증권상장지수투자신탁[채권-파생형](H),Samsung KODEX Ultra T-bond Futures(H) ETF,삼성자산운용,2018-09-12,S&P Ultra T-Bond Futures Index(ER),S&P,실물(패시브),해외,채권,배당소득세(보유기간과세),0.3,100000,18000000,7140,-90,-1.24,7145.29,19019,135481260,1.35,128430000000,1284.3,0,0.0
481060,KR7481060002,KODEX 미국30년국채타겟커버드콜(합성 H),삼성 KODEX 미국30년국채타겟커버드콜증권상장지수투자신탁[채권-파생형](합성 H),SAMSUNG KODEX US Treasury Bond 30Y Target Covered Call ETF(SYNTH H),삼성자산운용,2024-04-30,Bloomberg U.S.Treasury 20+ Year(TLT)+ 12% Premium Covered Call index(TR),Bloomberg,합성(패시브),해외,채권,배당소득세(보유기간과세),0.25,50000,102050000,7330,-80,-1.08,7361.58,698085,5122273612,51.22,749047000000,7490.47,0,0.0
0173Y0,KR70173Y0005,KODEX 미국AI광통신네트워크,삼성 KODEX 미국AI광통신네트워크증권상장지수투자신탁[주식],SAMSUNG KODEX US AI Optical Communication Network ETF,삼성자산운용,2026-03-31,Akros 미국 AI 광통신 및 네트워크 인프라 지수(PR),Akros,실물(패시브),해외,주식,배당소득세(보유기간과세),0.55,50000,36000000,10670,-215,-1.98,10593.95,777474,8204794742,82.05,383580000000,3835.8,0,0.0
0151S0,KR70151S0009,KODEX 미국AI반도체TOP3플러스,삼성 KODEX 미국AI반도체TOP3플러스증권상장지수투자신탁[주식],SAMSUNG KODEX US AI Semiconductor TOP3 Plus ETF,삼성자산운용,2026-01-13,Akros 미국 AI 반도체 Top 3 플러스 지수 (Price Return),Akros,실물(패시브),해외,주식,배당소득세(보유기간과세),0.49,50000,13700000,14720,-280,-1.87,14669.6,146130,2137878441,21.38,201732500000,2017.33,0,0.0
0041D0,KR70041D0000,KODEX 미국AI소프트웨어TOP10,삼성 KODEX 미국AI소프트웨어TOP10증권상장지수투자신탁[주식],SAMSUNG KODEX US AI Software TOP10 ETF,삼성자산운용,2025-04-22,iSelect 미국 AI 소프트웨어 TOP10 지수(PR),NH투자증권,실물(패시브),해외,주식,배당소득세(보유기간과세),0.45,50000,3850000,12925,50,0.39,12809.48,130349,1683992167,16.84,49761250000,497.61,0,0.0
487230,KR7487230005,KODEX 미국AI전력핵심인프라,삼성 KODEX 미국AI전력핵심인프라증권상장지수투자신탁[주식],SAMSUNG KODEX US AI Electric Power Core Infrastructure ETF,삼성자산운용,2024-07-09,iSelect 미국AI전력핵심인프라 지수(Price Return),NH투자증권,실물(패시브),해외,주식,배당소득세(보유기간과세),0.45,50000,75250000,18910,-320,-1.66,18755.37,491683,9232614472,92.33,1423353750000,14233.54,0,0.0
485540,KR7485540009,KODEX 미국AI테크TOP10,삼성 KODEX 미국AI테크TOP10증권상장지수투자신탁[주식],SAMSUNG KODEX US AI TECH TOP10 ETF,삼성자산운용,2024-06-25,KEDI 미국AI테크 TOP10 지수(PR),한국경제신문,실물(패시브),해외,주식,배당소득세(보유기간과세),0.3,50000,20400000,14700,-65,-0.44,14691.04,426257,6258841176,62.59,300186000000,3001.86,0,0.0
483280,KR7483280004,KODEX 미국AI테크TOP10타겟커버드콜,삼성 KODEX 미국AI테크TOP10타겟커버드콜증권상장지수투자신탁[주식-파생형],SAMSUNG KODEX US AI TECH TOP10 TARGET COVERED CALL ETF,삼성자산운용,2024-05-28,KEDI 미국 AI 테크 TOP10+15%프리미엄 지수(Total Return),한국경제신문,실물(패시브),해외,주식,배당소득세(보유기간과세),0.39,100000,39700000,11345,-35,-0.31,11335.13,212780,2410864985,24.11,450396500000,4503.97,0,0.0
0225V0,KR70225V0006,KODEX 미국CPU반도체TOP10,삼성 KODEX 미국CPU반도체TOP10증권상장지수투자신탁[주식],SAMSUNG KODEX US CPU Semiconductor TOP10 ETF,삼성자산운용,2026-08-04,Indxx US CPU Semiconductor TOP 10 Index (Price Return),Indxx,실물(패시브),해외,주식,배당소득세(보유기간과세),0.55,50000,6800000,10200,-240,-2.3,10159.78,49025,496088192,4.96,69258000000,692.58,0,0.0
428560,KR7428560007,KODEX 미국ETF산업Top10 Indxx,삼성 KODEX 미국ETF산업Top10 Indxx증권상장지수투자신탁[주식],SAMSUNG KODEX US ETF Industry Top10 Indxx ETF,삼성자산운용,2022-05-17,Indxx US ETF Industry Top10 Index(Price Return),Indxx,실물(패시브),해외,주식,배당소득세(보유기간과세),0.5,50000,750000,15155,-140,-0.92,15069.29,2184,33022805,0.33,11370000000,113.7,0,0.0
379800,KR7379800006,KODEX 미국S&P500,삼성 KODEX 미국S&P500 증권상장지수투자신탁[주식],SAMSUNG KODEX S&P500 ETF,삼성자산운용,2021-04-09,S&P 500,S&P,실물(패시브),해외,주식,배당소득세(보유기간과세),0.006,50000,431900000,23130,15,0.06,23028.27,15531384,358541123844,3585.41,9989847000000,99898.47,0,0.0
453660,KR7453660003,KODEX 미국S&P500경기소비재,삼성 KODEX 미국S&P500경기소비재증권상장지수투자신탁[주식],SAMSUNG KODEX S&P500 Consumer Discretionary ETF,삼성자산운용,2023-03-21,S&P Consumer Discretionary Select Sector Index(Price Return),S&P,실물(패시브),해외,주식,배당소득세(보유기간과세),0.25,50000,700000,16320,30,0.18,16296.08,145,2367050,0.02,11403000000,114.03,0,0.0
453650,KR7453650004,KODEX 미국S&P500금융,삼성 KODEX 미국S&P500금융증권상장지수투자신탁[주식],SAMSUNG KODEX S&P500 Financial ETF,삼성자산운용,2023-03-21,S&P Financial Select Sector Index(Price Return),S&P,실물(패시브),해외,주식,배당소득세(보유기간과세),0.25,50000,2400000,18770,-30,-0.16,18736.84,9801,184004815,1.84,45024000000,450.24,0,0.0
0005A0,KR70005A0007,KODEX 미국S&P500데일리커버드콜OTM,삼성 KODEX 미국S&P500데일리커버드콜OTM증권상장지수투자신탁[주식-파생형],SAMSUNG KODEX US S&P500 Daily Covered Call OTM ETF,삼성자산운용,2025-01-07,S&P 500 Covered Call 1% OTM Daily Index(TR),S&P,실물(패시브),해외,주식,배당소득세(보유기간과세),0.25,100000,21500000,9115,35,0.39,9061.08,128123,1163120329,11.63,195757500000,1957.58,0,0.0
276970,KR7276970001,KODEX 미국S&P500배당귀족커버드콜(합성 H),삼성 KODEX 미국S&P500배당귀족커버드콜증권상장지수투자신탁[주식-파생형](합성 H),SAMSUNG KODEX US S&P500 Dividend Aristocrats Covered Call ETF-SYNTH(H),삼성자산운용,2017-08-10,S&P500 Dividend Aristocrats Covered Call(7.2% Premium) Index,S&P,합성(패시브),해외,주식,배당소득세(보유기간과세),0.3,100000,4700000,7745,5,0.06,7740.37,4520,35000158,0.35,36401500000,364.01,0,0.0
0026E0,KR70026E0008,KODEX 미국S&P500버퍼3월액티브,삼성 KODEX 미국S&P500버퍼3월액티브증권상장지수투자신탁[주식-파생형],SAMSUNG KODEX US S&P500 Buffer March Active ETF,삼성자산운용,2025-03-25,S&P500 10% Buffered Index March Series (USD) TR,S&P,실물(액티브),해외,주식,배당소득세(보유기간과세),0.39,50000,1850000,11440,50,0.44,11446.59,35,400410,0.0,21164000000,211.64,0,0.0
0068M0,KR70068M0007,KODEX 미국S&P500버퍼6월액티브,삼성 KODEX 미국S&P500버퍼6월액티브증권상장지수투자신탁[주식-파생형],SAMSUNG KODEX US S&P500 Buffer June Active ETF,삼성자산운용,2025-06-24,S&P500 10% Buffered Index June Series (USD) TR,S&P,실물(액티브),해외,주식,배당소득세(보유기간과세),0.39,50000,900000,11460,135,1.19,11451.19,4,45870,0.0,10314000000,103.14,0,0.0
0089C0,KR70089C0004,KODEX 미국S&P500변동성확대시커버드콜,삼성 KODEX 미국S&P500변동성확대시커버드콜증권상장지수투자신탁[주식-파생형],SAMSUNG KODEX S&P500 Volatility Contingent Daily Covered Call ETF,삼성자산운용,2025-08-12,Cboe S&P 500 Volatility Contingent Daily Covered Call Index(Total Retrun),CBOE,실물(패시브),해외,주식,배당소득세(보유기간과세),0.39,50000,3800000,11035,35,0.32,11022.19,10125,111630420,1.12,41933000000,419.33,0,0.0
200030,KR7200030005,KODEX 미국S&P500산업재(합성),삼성 KODEX 미국S&P500산업재증권상장지수투자신탁[주식-파생형](합성),Samsung KODEX SYNTH-US Industrial ETF,삼성자산운용,2014-06-12,S&P Select Sector Industrial Index,S&P,합성(패시브),해외,주식,배당소득세(보유기간과세),0.25,1000,1127000,39565,-75,-0.19,39540.09,869,34376445,0.34,44589755000,445.9,0,0.0
0041E0,KR70041E0009,KODEX 미국S&P500액티브,삼성 KODEX 미국S&P500액티브증권상장지수투자신탁[주식],SAMSUNG KODEX US S&P500 Active ETF,삼성자산운용,2025-04-22,S&P 500,S&P,실물(액티브),해외,주식,배당소득세(보유기간과세),0.45,100000,8700000,15560,-55,-0.35,15484.38,42182,654130107,6.54,135198000000,1351.98,0,0.0
218420,KR7218420008,KODEX 미국S&P500에너지(합성),삼성 KODEX 미국S&P500에너지증권상장지수투자신탁[주식-파생형](합성),Samsung KODEX SYNTH-US Energy ETF,삼성자산운용,2015-04-28,S&P Select Sector Energy Index,S&P,합성(패시브),해외,주식,배당소득세(보유기간과세),0.25,1000,2455000,20290,-80,-0.39,20323.46,22872,467082519,4.67,49873325000,498.73,0,0.0
463640,KR7463640003,KODEX 미국S&P500유틸리티,삼성 KODEX 미국S&P500유틸리티증권상장지수투자신탁[주식],SAMSUNG KODEX S&P500 Utilities ETF,삼성자산운용,2023-08-01,S&P Utilities Select Sector Index(Price Return),S&P,실물(패시브),해외,주식,배당소득세(보유기간과세),0.25,50000,800000,13255,-55,-0.41,13240.56,5213,69144490,0.69,10612000000,106.12,0,0.0
449180,KR7449180009,KODEX 미국S&P500(H),삼성 KODEX 미국S&P500증권상장지수투자신탁[주식](H),SAMSUNG KODEX S&P500 ETF(H),삼성자산운용,2022-12-02,S&P 500,S&P,실물(패시브),해외,주식,배당소득세(보유기간과세),0.009,50000,60400000,17015,-85,-0.5,16948.99,409579,6953420171,69.53,1028310000000,10283.1,0,0.0
463690,KR7463690008,KODEX 미국S&P500커뮤니케이션,삼성 KODEX 미국S&P500커뮤니케이션증권상장지수투자신탁[주식],SAMSUNG KODEX S&P500 Communication Services ETF,삼성자산운용,2023-08-01,S&P Communication Services Select Sector Index(Price Return),S&P,실물(패시브),해외,주식,배당소득세(보유기간과세),0.25,50000,550000,17345,180,1.05,17358.29,1184,20511080,0.21,9539750000,95.4,0,0.0
463680,KR7463680009,KODEX 미국S&P500테크놀로지,삼성 KODEX 미국S&P500테크놀로지증권상장지수투자신탁[주식],SAMSUNG KODEX S&P500 Technology ETF,삼성자산운용,2023-08-01,S&P Technology Select Sector Index(Price Return),S&P,실물(패시브),해외,주식,배당소득세(보유기간과세),0.25,50000,5750000,21750,-105,-0.48,21562.57,13690,296032940,2.96,125062500000,1250.62,0,0.0
453630,KR7453630006,KODEX 미국S&P500필수소비재,삼성 KODEX 미국S&P500필수소비재증권상장지수투자신탁[주식],SAMSUNG KODEX S&P500 Consumer Staples ETF,삼성자산운용,2023-03-21,S&P Consumer Staples Select Sector Index(Price Return),S&P,실물(패시브),해외,주식,배당소득세(보유기간과세),0.25,50000,1200000,11790,40,0.34,11830.19,3589,42400957,0.42,14154000000,141.54,0,0.0
453640,KR7453640005,KODEX 미국S&P500헬스케어,삼성 KODEX 미국S&P500헬스케어증권상장지수투자신탁[주식],SAMSUNG KODEX S&P500 Health Care ETF,삼성자산운용,2023-03-21,S&P Health Care Select Sector Index(Price Return),S&P,실물(패시브),해외,주식,배당소득세(보유기간과세),0.25,50000,4300000,13500,5,0.04,13452.29,11854,159529364,1.6,57856500000,578.57,0,0.0
0028X0,KR70028X0003,KODEX 미국금융테크액티브,삼성 KODEX 미국금융테크액티브증권상장지수투자신탁[주식],SAMSUNG KODEX US Financial Tech Active ETF,삼성자산운용,2025-05-27,iSelect 미국 차세대 파이낸셜 테크 지수(시장가격),NH투자증권,실물(액티브),해외,주식,배당소득세(보유기간과세),0.45,50000,1150000,11230,20,0.18,11209.15,718,8056058,0.08,12914500000,129.15,0,0.0
379810,KR7379810005,KODEX 미국나스닥100,삼성 KODEX 미국나스닥100 증권상장지수투자신탁[주식],SAMSUNG KODEX US NASDAQ100 ETF,삼성자산운용,2021-04-09,NASDAQ 100,NASDAQ,실물(패시브),해외,주식,배당소득세(보유기간과세),0.006,50000,346300000,26015,-80,-0.31,25922.31,13919862,361121889241,3611.22,9007263000000,90072.63,0,0.0
494300,KR7494300007,KODEX 미국나스닥100데일리커버드콜OTM,삼성 KODEX 미국나스닥100데일리커버드콜OTM증권상장지수투자신탁[주식-파생형],SAMSUNG KODEX US NASDAQ100 Daily Covered Call OTM ETF,삼성자산운용,2024-10-22,NASDAQ-100 Daily Covered Call 101 Index(TR),NASDAQ,실물(패시브),해외,주식,배당소득세(보유기간과세),0.25,100000,114400000,8680,-10,-0.12,8646.04,862263,7455220828,74.55,992992000000,9929.92,0,0.0
409820,KR7409820008,KODEX 미국나스닥100레버리지(합성 H),삼성 KODEX 미국나스닥100레버리지증권상장지수투자신탁[주식-파생형](합성 H),SAMSUNG KODEX US NASDAQ100 Leverage ETF(SYNTH H),삼성자산운용,2021-12-09,NASDAQ 100,NASDAQ,합성(패시브),해외,주식,배당소득세(보유기간과세),0.3,50000,12800000,19520,-315,-1.59,19410.23,75194,1455983829,14.56,250112000000,2501.12,0,0.0
409810,KR7409810009,KODEX 미국나스닥100선물인버스(H),삼성 KODEX 미국나스닥100선물인버스증권상장지수투자신탁[주식-파생형](H),SAMSUNG KODEX US NASDAQ100 Futures Inverse ETF(H),삼성자산운용,2021-12-09,NASDAQ 100,NASDAQ,실물(패시브),해외,주식,배당소득세(보유기간과세),0.3,50000,2400000,5595,45,0.81,5607.65,148968,835860213,8.36,13404000000,134.04,0,0.0
304940,KR7304940000,KODEX 미국나스닥100선물(H),삼성 KODEX 미국나스닥100선물증권상장지수투자신탁[주식-파생형](H),Samsung KODEX US Nasdaq100 Futures ETF(H),삼성자산운용,2018-08-30,NASDAQ 100,NASDAQ,실물(패시브),해외,주식,배당소득세(보유기간과세),0.05,50000,3400000,32110,-285,-0.88,31986.3,4597,147148377,1.47,109072000000,1090.72,0,0.0
449190,KR7449190008,KODEX 미국나스닥100(H),삼성 KODEX 미국나스닥100증권상장지수투자신탁[주식](H),SAMSUNG KODEX US NASDAQ100 ETF(H),삼성자산운용,2022-12-02,NASDAQ 100,NASDAQ,실물(패시브),해외,주식,배당소득세(보유기간과세),0.009,50000,25400000,21980,-170,-0.77,21902.76,249422,5462745648,54.63,558292000000,5582.92,0,0.0
411420,KR7411420003,KODEX 미국나스닥AI테크액티브,삼성 KODEX 미국나스닥AI테크액티브증권상장지수투자신탁[주식],SAMSUNG KODEX US Nasdaq AI Tech Active ETF,삼성자산운용,2021-12-22,Nasdaq CB Insights Metaverse US Index (Price Return),NASDAQ,실물(액티브),해외,주식,배당소득세(보유기간과세),0.5,50000,4750000,25770,-135,-0.52,25725.92,169255,4342460535,43.42,122360000000,1223.6,0,0.0
455030,KR7455030007,KODEX 미국달러SOFR금리액티브(합성),삼성 KODEX 미국달러SOFR금리액티브특별자산상장지수투자신탁[금리-파생형](합성),SAMSUNG KODEX US DOLLAR SOFR Active ETF(SYNTH),삼성자산운용,2023-04-04,Bloomberg SOFR Daily Total Return Index,Bloomberg,합성(액티브),해외,기타,배당소득세(보유기간과세),0.15,10000,45400000,11570,80,0.7,11547.34,62862,727197577,7.27,525051000000,5250.51,0,0.0
261250,KR7261250005,KODEX 미국달러선물레버리지,삼성 KODEX 미국달러선물레버리지특별자산상장지수투자신탁(미국달러-파생형),SAMSUNG KODEX USD Futures Leverage ETF,삼성자산운용,2016-12-27,미국달러선물지수,KRX,실물(패시브),국내,통화,배당소득세(보유기간과세),0.45,10000,1990000,15125,175,1.17,15130.11,159014,2404230513,24.04,30039050000,300.39,0,0.0
261260,KR7261260004,KODEX 미국달러선물인버스2X,삼성 KODEX 미국달러선물인버스2X특별자산상장지수투자신탁(미국달러-파생형),SAMSUNG KODEX USD Futures Inverse2X ETF,삼성자산운용,2016-12-27,미국달러선물지수,KRX,실물(패시브),국내,통화,배당소득세(보유기간과세),0.45,10000,34810000,5625,-60,-1.06,5628.9,333811,1876234292,18.76,195806250000,1958.06,0,0.0
261270,KR7261270003,KODEX 미국달러선물인버스,삼성 KODEX 미국달러선물인버스특별자산상장지수투자신탁(미국달러-파생형),SAMSUNG KODEX USD Futures Inverse ETF,삼성자산운용,2016-12-27,미국달러선물지수,KRX,실물(패시브),국내,통화,배당소득세(보유기간과세),0.45,10000,11820000,8310,-50,-0.6,8319.32,67982,564277381,5.64,98224200000,982.24,0,0.0
261240,KR7261240006,KODEX 미국달러선물,삼성 KODEX 미국달러선물특별자산상장지수투자신탁(미국달러-파생형),SAMSUNG KODEX USD Futures ETF,삼성자산운용,2016-12-27,미국달러선물지수,KRX,실물(패시브),국내,통화,배당소득세(보유기간과세),0.25,10000,4380000,13915,75,0.54,13911.15,66199,921331629,9.21,60925800000,609.26,0,0.0
0144M0,KR70144M0005,KODEX 미국드론UAM TOP10,삼성 KODEX 미국드론UAM TOP10증권상장지수투자신탁[주식],SAMSUNG KODEX US Drone Urban Air Mobility TOP10 ETF,삼성자산운용,2025-12-23,iSelect 미국드론UAM TOP10 지수(Price Return),NH투자증권,실물(패시브),해외,주식,배당소득세(보유기간과세),0.49,50000,2750000,6390,-65,-1.01,6342.66,15601,99535715,1.0,17586250000,175.86,0,0.0
280930,KR7280930009,KODEX 미국러셀2000(H),삼성 KODEX 미국러셀2000증권상장지수투자신탁[주식-파생형](H),Samsung KODEX US Russell 2000 ETF(H),삼성자산운용,2017-11-09,FTSE Russell 2000 Index,FTSE,실물(패시브),해외,주식,배당소득세(보유기간과세),0.45,50000,1400000,16395,-160,-0.97,16320.57,2756,45093890,0.45,22953000000,229.53,0,0.0
0048J0,KR70048J0007,KODEX 미국머니마켓액티브,삼성 KODEX 미국머니마켓액티브증권상장지수투자신탁[채권],SAMSUNG KODEX US Money Market Active ETF,삼성자산운용,2025-05-13,KAP 미국 머니마켓 지수,한국자산평가(KAP),실물(액티브),해외,채권,배당소득세(보유기간과세),0.05,1000,61700000,13435,80,0.6,13428.94,370234,4977343549,49.77,829248000000,8292.48,0,0.0
390390,KR7390390003,KODEX 미국반도체,삼성 KODEX 미국반도체증권상장지수투자신탁[주식],SAMSUNG KODEX US Semiconductor ETF,삼성자산운용,2021-06-30,MVIS US Listed Semiconductor 25 Index,MVIS,실물(패시브),해외,주식,배당소득세(보유기간과세),0.09,50000,24200000,51430,-675,-1.3,51229.43,326029,16673844154,166.74,1244243000000,12442.43,0,0.0
489250,KR7489250001,KODEX 미국배당다우존스,삼성 KODEX 미국배당다우존스증권상장지수투자신탁[주식],SAMSUNG KODEX US Dividend Dow Jones ETF,삼성자산운용,2024-08-13,Dow Jones U.S. Dividend 100 Price Return Index,S&P,실물(패시브),해외,주식,배당소득세(보유기간과세),0.009,100000,47200000,12495,40,0.32,12449.43,396510,4950449467,49.5,589528000000,5895.28,0,0.0
483290,KR7483290003,KODEX 미국배당다우존스타겟커버드콜,삼성 KODEX 미국배당다우존스타겟커버드콜증권상장지수투자신탁[주식-파생형],SAMSUNG KODEX US Dividend Dow Jones Target Covered Call ETF,삼성자산운용,2024-05-28,Dow Jones U.S. Dividend 100 10% Premium Covered Call Index(Total Return),S&P,실물(패시브),해외,주식,배당소득세(보유기간과세),0.39,100000,17800000,9950,40,0.4,9919.29,90785,902642598,9.03,177110000000,1771.1,0,0.0
441640,KR7441640000,KODEX 미국배당커버드콜액티브,삼성 KODEX 미국배당커버드콜S&P액티브증권상장지수투자신탁[주식-파생형],SAMSUNG KODEX US Dividend Covered Call S&P Active ETF,삼성자산운용,2022-09-27,S&P 500,S&P,실물(액티브),해외,주식,배당소득세(보유기간과세),0.19,50000,136000000,12275,5,0.04,12231.63,615226,7542506681,75.43,1668720000000,16687.2,0,0.0
352560,KR7352560007,KODEX 미국부동산리츠(H),삼성 KODEX 미국부동산리츠부동산상장지수투자신탁[REITs-파생재간접형](H),SAMSUNG KODEX US Real Estate ETF(H),삼성자산운용,2020-05-13,Dow Jones U.S. Real Estate PR Index,S&P,실물(패시브),해외,부동산,배당소득세(분리과세부동산ETF),0.09,50000,2700000,11950,-50,-0.42,11939.91,4092,48956837,0.49,32319000000,323.19,0,0.0
314250,KR7314250002,KODEX 미국빅테크10(H),삼성 KODEX 미국빅테크10증권상장지수투자신탁[주식-파생형](H),Samsung KODEX U.S. Big Tech 10 ETF(H),삼성자산운용,2019-01-10,NYSE U.S. Big TECH 10 INDEX,"ICE Data Indices, LLC",실물(패시브),해외,주식,배당소득세(보유기간과세),0.45,10000,10530000,61875,-410,-0.66,61781.91,31583,1949654885,19.5,651596400000,6515.96,0,0.0
473460,KR7473460004,KODEX 미국서학개미,삼성 KODEX 미국서학개미증권상장지수투자신탁[주식],SAMSUNG KODEX Investor's Choice US TOP 25 ETF,삼성자산운용,2023-12-27,iSelect 서학개미 지수(PR),NH투자증권,실물(패시브),해외,주식,배당소득세(보유기간과세),0.25,50000,7550000,22800,-140,-0.61,22718.64,13832,314634813,3.15,171913500000,1719.13,0,0.0
0144L0,KR70144L0006,KODEX 미국성장커버드콜액티브,삼성 KODEX 미국성장커버드콜액티브증권상장지수투자신탁[주식-파생형],SAMSUNG KODEX US Growth Covered Call Active ETF,삼성자산운용,2025-12-23,NASDAQ 100,NASDAQ,실물(액티브),해외,주식,배당소득세(보유기간과세),0.49,50000,36500000,9195,5,0.05,9172.41,109860,1007197106,10.07,335617500000,3356.18,0,0.0
390400,KR7390400000,KODEX 미국스마트모빌리티S&P,삼성 KODEX 미국스마트모빌리티S&P증권상장지수투자신탁[주식],SAMSUNG KODEX US Smart Mobility S&P ETF,삼성자산운용,2021-06-30,S&P Kensho Smart Transportation,S&P,실물(패시브),해외,주식,배당소득세(보유기간과세),0.09,100000,800000,6735,-15,-0.22,6725.15,404,2724020,0.03,5388000000,53.88,0,0.0
0167Z0,KR70167Z0002,KODEX 미국우주항공,삼성 KODEX 미국우주항공증권상장지수투자신탁[주식],SAMSUNG KODEX US Aerospace ETF,삼성자산운용,2026-03-17,iSelect 미국우주항공지수(Price Return),NH투자증권,실물(패시브),해외,주식,배당소득세(보유기간과세),0.55,50000,46750000,7245,-60,-0.82,7204.6,370923,2675655178,26.76,338703750000,3387.04,0,0.0
0132H0,KR70132H0006,KODEX 미국원자력SMR,삼성 KODEX 미국원자력SMR증권상장지수투자신탁[주식],SAMSUNG KODEX US Nuclear Power SMR ETF,삼성자산운용,2025-11-25,iSelect 미국원자력SMR 지수(Price Return),NH투자증권,실물(패시브),해외,주식,배당소득세(보유기간과세),0.45,50000,5800000,7765,-315,-3.9,7702.1,50898,395388384,3.95,45095000000,450.95,0,0.0
437080,KR7437080005,KODEX 미국종합채권ESG액티브(H),삼성 KODEX 미국종합채권ESG액티브증권상장지수투자신탁(H)[채권],SAMSUNG KODEX US Bond ESG Active ETF(H),삼성자산운용,2022-08-09,Bloomberg MSCI US Aggregate 2bn ex Securitized SRI Capped Index(Total Return),Bloomberg,실물(액티브),해외,채권,배당소득세(보유기간과세),0.18,1000,2335000,95870,-600,-0.62,95932.32,6730,644743357,6.45,223856450000,2238.56,0,0.0
419420,KR7419420005,KODEX 미국클린에너지나스닥,삼성 KODEX 미국클린에너지나스닥증권상장지수투자신탁[주식],SAMSUNG KODEX US Clean Energy Nasdaq ETF,삼성자산운용,2022-03-22,Nasdaq Clean Edge Green Energy Index (Price Return),NASDAQ,실물(패시브),해외,주식,배당소득세(보유기간과세),0.45,100000,1200000,8550,-75,-0.87,8583.95,693,5950280,0.06,10260000000,102.6,0,0.0
491090,KR7491090007,KODEX 미국테크TOP3플러스,삼성 KODEX 미국테크TOP3플러스증권상장지수투자신탁[주식],SAMSUNG KODEX US TECH TOP3 Plus ETF,삼성자산운용,2024-09-10,KEDI 미국테크TOP3플러스 지수(Price Return),한국경제신문,실물(패시브),해외,주식,배당소득세(보유기간과세),0.3,50000,1850000,17410,25,0.14,17464.58,16962,295870440,2.96,32227000000,322.27,0,0.0
0038A0,KR70038A0008,KODEX 미국휴머노이드로봇,삼성 KODEX 미국휴머노이드로봇증권상장지수투자신탁[주식],SAMSUNG KODEX US Humanoid Robot ETF,삼성자산운용,2025-04-15,iSelect 미국 휴머노이드 로봇 지수(Price Return),NH투자증권,실물(패시브),해외,주식,배당소득세(보유기간과세),0.45,50000,18950000,14565,-55,-0.38,14495.87,38641,560143732,5.6,276006750000,2760.07,0,0.0
244580,KR7244580007,KODEX 바이오,삼성 KODEX 바이오증권상장지수투자신탁[주식],Samsung KODEX BIO ETF,삼성자산운용,2016-05-13,FnGuide 바이오 지수,FnGuide,실물(패시브),국내,주식,비과세,0.45,80000,26080000,7910,-130,-1.62,7937.52,335750,2645605406,26.46,206292800000,2062.93,0,0.0
091160,KR7091160002,KODEX 반도체,삼성 KODEX 반도체 증권상장지수투자신탁[주식],SAMSUNG KODEX SEMICON ETF,삼성자산운용,2006-06-27,KRX 반도체,KRX,실물(패시브),국내,주식,비과세,0.45,50000,43150000,128900,-8020,-5.86,129215.6,2339739,303065188470,3030.65,5571528000000,55715.28,0,0.0
494310,KR7494310006,KODEX 반도체레버리지,삼성 KODEX 반도체레버리지증권상장지수투자신탁[주식-파생형],SAMSUNG KODEX Semiconductor Leverage ETF,삼성자산운용,2024-10-22,KRX 반도체,KRX,실물(패시브),국내,주식,배당소득세(보유기간과세),0.49,50000,12250000,80015,-9325,-10.44,79987.03,4103461,330460617950,3304.61,979938750000,9799.39,0,0.0
0190G0,KR70190G0006,KODEX 반도체타겟위클리커버드콜,삼성 KODEX 반도체타겟위클리커버드콜증권상장지수투자신탁[주식-파생형],SAMSUNG KODEX Semiconductor Target Weekly Covered Call ETF,삼성자산운용,2026-05-12,KRX 반도체 타겟 9% 분배 위클리 커버드콜 지수,KRX,실물(패시브),국내,주식,배당소득세(보유기간과세),0.45,100000,19300000,8965,-435,-4.63,8981.19,462623,4161841014,41.62,173121000000,1731.21,0,0.0
0100K0,KR70100K0009,KODEX 방산TOP10레버리지,삼성 KODEX 방산TOP10레버리지증권상장지수투자신탁[주식-파생형],SAMSUNG KODEX Defense TOP10 Leverage ETF,삼성자산운용,2025-09-16,iSelect 방산 TOP10 지수(Price Return),NH투자증권,실물(패시브),국내,주식,배당소득세(보유기간과세),0.64,100000,5800000,6050,-65,-1.06,6043.33,379621,2248098024,22.48,34829000000,348.29,0,0.0
0080G0,KR70080G0009,KODEX 방산TOP10,삼성 KODEX 방산TOP10증권상장지수투자신탁[주식],SAMSUNG KODEX Defense TOP10 ETF,삼성자산운용,2025-07-15,iSelect 방산 TOP10 지수(Price Return),NH투자증권,실물(패시브),국내,주식,비과세,0.45,100000,35200000,10100,-65,-0.64,10093.76,1657263,16613637091,166.14,355168000000,3551.68,0,0.0
325020,KR7325020006,KODEX 배당가치,삼성 KODEX 배당가치증권상장지수투자신탁[주식형],SAMSUNG KODEX Dividend Value ETF,삼성자산운용,2019-05-31,FnGuide SLV 배당가치 지수,FnGuide,실물(패시브),국내,주식,비과세,0.3,100000,3100000,29730,90,0.3,29632.88,2239,66093094,0.66,91651500000,916.51,0,0.0
244670,KR7244670006,KODEX 밸류Plus,삼성 KODEX 밸류PLUS증권상장지수투자신탁[주식],Samsung KODEX Value PLUS ETF,삼성자산운용,2016-05-13,FnGuide 벨류 Plus 지수,FnGuide,실물(패시브),국내,주식,비과세,0.3,100000,600000,11875,115,0.98,11868.72,1212,14400405,0.14,7125000000,71.25,0,0.0
102780,KR7102780004,KODEX 삼성그룹,삼성 KODEX 삼성그룹주 증권상장지수투자신탁[주식],SAMSUNG KODEX Samsung Group ETF,삼성자산운용,2008-05-21,삼성그룹,FnGuide,실물(패시브),국내,주식,비과세,0.25,100000,128000000,26240,-185,-0.7,26179.59,169092,4405859539,44.06,3349760000000,33497.6,0,0.0
0177N0,KR70177N0004,KODEX 삼성전자SK하이닉스채권혼합50,삼성 KODEX 삼성전자SK하이닉스채권혼합50증권상장지수투자신탁[채권혼합],SAMSUNG KODEX Samsung Electronics SK Hynix Balanced50 ETF,삼성자산운용,2026-04-07,Wise 삼성전자 SK하이닉스 채권혼합 지수,FnGuide,실물(패시브),국내,혼합자산,배당소득세(보유기간과세),0.07,100000,106900000,14340,-260,-1.78,14351.07,2797858,39962410329,399.62,1532946000000,15329.46,0,0.0
0193W0,KR70193W0003,KODEX 삼성전자단일종목레버리지,삼성 KODEX 삼성전자단일종목레버리지증권상장지수투자신탁[주식-파생형],SAMSUNG KODEX Samsung Electronics Single Stock Leverage,삼성자산운용,2026-05-27,KRX 삼성전자 지수,KRX,실물(패시브),국내,주식,배당소득세(보유기간과세),0.29,25000,122200000,11725,-690,-5.56,11650.56,6452325,74574443207,745.74,1424852000000,14248.52,0,0.0
448330,KR7448330001,KODEX 삼성전자채권혼합,삼성 KODEX 삼성전자채권혼합증권상장지수투자신탁[채권혼합],SAMSUNG KODEX Wise Samsung Electronics Balanced ETF,삼성자산운용,2022-11-29,Wise 삼성전자채권혼합 지수,FnGuide,실물(패시브),국내,혼합자산,배당소득세(보유기간과세),0.07,100000,73900000,17310,-190,-1.09,17317.75,441796,7650343310,76.5,1279948000000,12799.48,0,0.0
325010,KR7325010007,KODEX 성장주,삼성 KODEX 성장주증권상장지수투자신탁[주식형],SAMSUNG KODEX Fn Growth ETF,삼성자산운용,2019-05-31,FnGuide 성장 지수(PR),FnGuide,실물(패시브),국내,주식,비과세,0.3,100000,2900000,43545,-1065,-2.39,43476.26,964,41622720,0.42,126048500000,1260.48,0,0.0
385510,KR7385510003,KODEX 신재생에너지액티브,삼성 KODEX 신재생에너지액티브증권상장지수투자신탁[주식],SAMSUNG KODEX Renewable Energy Active ETF,삼성자산운용,2021-05-25,FnGuide K-신재생에너지 플러스 지수,FnGuide,실물(액티브),국내,주식,배당소득세(보유기간과세),0.5,50000,8700000,38715,-720,-1.83,38817.24,52083,2020268435,20.2,336820500000,3368.2,0,0.0
446690,KR7446690000,KODEX 아시아AI반도체exChina액티브,삼성 KODEX 아시아AI반도체exChina액티브증권상장지수투자신탁[주식],SAMSUNG KODEX ASIA AI SEMICON exChina Active ETF,삼성자산운용,2023-02-01,iSelect 아시아반도체 제조동맹 지수(시장가격),NH투자증권,실물(액티브),해외,주식,배당소득세(보유기간과세),0.5,50000,500000,58730,-2025,-3.33,58816.57,4680,275022000,2.75,29360000000,293.6,0,0.0
437070,KR7437070006,KODEX 아시아달러채권ESG플러스액티브,삼성 KODEX 아시아달러채권ESG플러스액티브증권상장지수투자신탁[채권],SAMSUNG KODEX Asia USD Bond ESG Plus Active ETF,삼성자산운용,2022-08-09,Bloomberg MSCI EM Asia Investment Grade Credit SRI Index(Total Return),Bloomberg,실물(액티브),해외,채권,배당소득세(보유기간과세),0.18,2000,346000,57065,-45,-0.08,57216.78,467,26699800,0.27,19744490000,197.44,0,0.0
275300,KR7275300002,KODEX 우량주,삼성 KODEX 우량주증권상장지수투자신탁[주식형],SAMSUNG KODEX MSCI Quality ETF,삼성자산운용,2017-07-11,MSCI Korea IMI Quality Capped,MSCI,실물(패시브),국내,주식,비과세,0.3,100000,1700000,30240,-305,-1.0,30176.4,2684,80409195,0.8,51195500000,511.95,0,0.0
0098F0,KR70098F0000,KODEX 원자력SMR,삼성 KODEX 원자력SMR증권상장지수투자신탁[주식],SAMSUNG KODEX Nuclear Power SMR ETF,삼성자산운용,2025-09-16,iSelect 원자력SMR 지수(Price Return),NH투자증권,실물(패시브),국내,주식,비과세,0.45,50000,17350000,17915,275,1.56,17898.45,1364910,24215214865,242.15,310565000000,3105.65,0,0.0
395150,KR7395150006,KODEX 웹툰&드라마,삼성 KODEX 웹툰&드라마증권상장지수투자신탁[주식],SAMSUNG KODEX Fn Webtoon and Drama ETF,삼성자산운용,2021-07-30,FnGuide 웹툰&드라마 지수,FnGuide,실물(패시브),국내,주식,비과세,0.45,100000,4800000,1847,2,0.11,1856.03,1740,3207559,0.03,8880000000,88.8,0,0.0
456250,KR7456250000,KODEX 유럽명품TOP10 STOXX,삼성 KODEX 유럽명품TOP10 STOXX증권상장지수투자신탁[주식],SAMSUNG KODEX Europe Luxury TOP10 STOXX ETF,삼성자산운용,2023-04-25,STOXX Europe Luxury 10 Index(Price Return),STOXX,실물(패시브),해외,주식,배당소득세(보유기간과세),0.45,50000,1150000,8025,-40,-0.5,8008.65,6215,49727395,0.5,9228750000,92.29,0,0.0
400570,KR7400570008,KODEX 유럽탄소배출권선물ICE(H),삼성 KODEX 유럽탄소배출권선물ICE특별자산상장지수투자신탁[탄소배출권-파생형](H),SAMSUNG KODEX Europe Carbon Allowance Futures ICE ETF(H),삼성자산운용,2021-09-30,ICE EUA Carbon Futures Index(Excess Return),"ICE Data Indices, LLC",실물(패시브),해외,기타,배당소득세(보유기간과세),0.64,10000,1060000,11720,-25,-0.21,11813.24,19206,225384244,2.25,12423200000,124.23,0,0.0
144600,KR7144600004,KODEX 은선물(H),삼성 KODEX 은선물특별자산상장지수투자신탁(은-파생형)(H),SAMSUNG KODEX SILVER FUTURES SPECIAL ASSET ETF,삼성자산운용,2011-07-18,S&P GSCI Silver Index(TR),S&P,실물(패시브),해외,원자재,배당소득세(보유기간과세),0.68,100000,73200000,10365,-620,-5.64,10380.65,824266,8481766822,84.82,760548000000,7605.48,0,0.0
091170,KR7091170001,KODEX 은행,삼성 KODEX 은행 증권상장지수투자신탁[주식],SAMSUNG KODEX BANKs ETF,삼성자산운용,2006-06-27,KRX 은행,KRX,실물(패시브),국내,주식,비과세,0.3,50000,17800000,16795,295,1.79,16791.8,984329,16425833584,164.26,298417000000,2984.17,0,0.0
453820,KR7453820003,KODEX 인도Nifty50레버리지(합성),삼성 KODEX 인도Nifty50레버리지증권상장지수투자신탁[주식-파생형](합성),SAMSUNG KODEX India Nifty50 Leverage ETF(SYNTH),삼성자산운용,2023-04-21,Nifty 50 Index,NSE(NSE Indices Limited),합성(패시브),해외,주식,배당소득세(보유기간과세),0.39,50000,1300000,10260,-45,-0.44,10251.19,10162,103448290,1.03,13305500000,133.06,0,0.0
453810,KR7453810004,KODEX 인도Nifty50,삼성 KODEX 인도Nifty50증권상장지수투자신탁[주식-파생형],SAMSUNG KODEX India Nifty50 ETF,삼성자산운용,2023-04-21,Nifty 50 Index,NSE(NSE Indices Limited),실물(패시브),해외,주식,배당소득세(보유기간과세),0.19,50000,29150000,10990,-45,-0.41,11050.14,123169,1356306069,13.56,320212750000,3202.13,0,0.0
0000H0,KR70000H0005,KODEX 인도Nifty미드캡100,삼성 KODEX 인도Nifty미드캡100증권상장지수투자신탁[주식-파생형],SAMSUNG KODEX India Nifty Midcap 100 ETF,삼성자산운용,2025-04-08,Nifty Midcap 100 Index(PR),NSE(NSE Indices Limited),실물(패시브),해외,주식,배당소득세(보유기간과세),0.45,50000,1150000,9900,-80,-0.8,9927.54,315,3130520,0.03,11390750000,113.91,0,0.0
477730,KR7477730006,KODEX 인도타타그룹,삼성 KODEX 인도타타그룹증권상장지수투자신탁[주식-파생형],SAMSUNG KODEX India Tata Group ETF,삼성자산운용,2024-05-08,Nifty India Corporate Group Index - Tata Group 25% Cap(PR),NSE(NSE Indices Limited),실물(패시브),해외,주식,배당소득세(보유기간과세),0.45,50000,2950000,7095,-35,-0.49,7095.3,2495,17678100,0.18,20886000000,208.86,0,0.0
352540,KR7352540009,KODEX 일본부동산리츠(H),삼성 KODEX 일본부동산리츠부동산상장지수투자신탁[REITs-파생재간접형](H),SAMSUNG KODEX Japan REITs ETF(H),삼성자산운용,2020-05-13,Tokyo Stock Exchange REIT Index,TSE(Tokyo Stock Exchange),실물(패시브),해외,부동산,배당소득세(분리과세부동산ETF),0.3,100000,3400000,11020,-75,-0.68,11026.4,9041,99455046,0.99,37315000000,373.15,0,0.0
091180,KR7091180000,KODEX 자동차,삼성 KODEX 자동차 증권상장지수투자신탁[주식],SAMSUNG KODEX AUTOs ETF,삼성자산운용,2006-06-27,KRX 자동차,KRX,실물(패시브),국내,주식,비과세,0.45,50000,14200000,27075,-200,-0.73,27137.72,149466,4031564287,40.32,384465000000,3844.65,0,0.0
385520,KR7385520002,KODEX 자율주행액티브,삼성 KODEX 자율주행액티브증권상장지수투자신탁[주식],SAMSUNG KODEX Autonomous Driving Active ETF,삼성자산운용,2021-05-25,FnGuide K-미래차 지수,FnGuide,실물(액티브),국내,주식,배당소득세(보유기간과세),0.5,50000,2150000,15855,-165,-1.03,15775.27,1232,19383930,0.19,33927000000,339.27,0,0.0
363570,KR7363570003,KODEX 장기종합채권(AA-이상)액티브,삼성 KODEX 장기종합채권(AA-이상)액티브증권상장지수투자신탁[채권],SAMSUNG KODEX Active Long Term Korea Total Bond Market(AA-) ETF,삼성자산운용,2020-09-25,"KAP 한국장기종합채권지수(AA-이상, 총수익)",한국자산평가(KAP),실물(액티브),국내,채권,배당소득세(보유기간과세),0.045,1000,2713000,85210,-730,-0.85,85283.79,227,19347725,0.19,231174730000,2311.75,0,0.0
433970,KR7433970001,KODEX TDF2030액티브 적격,삼성 KODEX 적격 TDF2030액티브증권상장지수투자신탁[채권혼합-재간접형],SAMSUNG KODEX Target Date 2030 ACTIVE Qualifying ETF,삼성자산운용,2022-06-30,Samsung Korea Target Date 2030 Index (Price Return),S&P,실물(액티브),국내&해외,혼합자산,배당소득세(보유기간과세),0.2,50000,6800000,13745,-10,-0.07,13710.19,10187,139891015,1.4,93466000000,934.66,0,0.0
433980,KR7433980000,KODEX TDF2040액티브 적격,삼성 KODEX 적격 TDF2040액티브증권상장지수투자신탁[주식혼합-재간접형],SAMSUNG KODEX Target Date 2040 ACTIVE Qualifying ETF,삼성자산운용,2022-06-30,Samsung Korea Target Date 2040 Index (Price Return),S&P,실물(액티브),국내&해외,혼합자산,배당소득세(보유기간과세),0.25,50000,12050000,15520,-50,-0.32,15462.6,26914,417746015,4.18,186594250000,1865.94,0,0.0
434060,KR7434060000,KODEX TDF2050액티브 적격,삼성 KODEX 적격 TDF2050액티브증권상장지수투자신탁[주식혼합-재간접형],SAMSUNG KODEX Target Date 2050 ACTIVE Qualifying ETF,삼성자산운용,2022-06-30,Samsung Korea Target Date 2050 Index (Price Return),S&P,실물(액티브),국내&해외,혼합자산,배당소득세(보유기간과세),0.3,50000,37750000,16400,-50,-0.3,16357.44,78633,1288498205,12.88,619100000000,6191.0,0,0.0
0082V0,KR70082V0008,KODEX TDF2060액티브 적격,삼성 KODEX 적격 TDF2060액티브증권상장지수투자신탁[주식혼합-재간접형],SAMSUNG KODEX TDF 2060 Active Qualifying ETF,삼성자산운용,2025-07-22,Samsung Korea Target Date 2060 Index,S&P,실물(액티브),국내&해외,혼합자산,배당소득세(보유기간과세),0.3,50000,16650000,10970,-80,-0.72,10947.65,40163,441163405,4.41,182650500000,1826.51,0,0.0
0209D0,KR70209D0008,KODEX 전고체배터리ESS TOP2플러스,삼성 KODEX 전고체배터리ESS TOP2플러스증권상장지수투자신탁[주식],SAMSUNG KODEX SSB & ESS Battery TOP2 PLUS ETF,삼성자산운용,2026-06-23,Akros 한국 전고체 배터리 ESS TOP2 플러스 지수(Price Return),Akros,실물(패시브),국내,주식,비과세,0.5,50000,14500000,8235,-205,-2.43,8239.5,575653,4739076257,47.39,119407500000,1194.08,0,0.0
0115D0,KR70115D0001,KODEX 조선TOP10,삼성 KODEX 조선TOP10증권상장지수투자신탁[주식],SAMSUNG KODEX Shipbuilding TOP10 ETF,삼성자산운용,2025-10-28,KRX 조선 TOP10,KRX,실물(패시브),국내,주식,비과세,0.45,50000,25800000,7885,140,1.81,7894.67,1668051,13038115869,130.38,203433000000,2034.33,0,0.0
273130,KR7273130005,KODEX 종합채권(AA-이상)액티브,삼성 KODEX 종합채권(AA-이상)액티브증권상장지수투자신탁[채권],Samsung KODEX Active Korea Total Bond Market(AA-) ETF,삼성자산운용,2017-06-29,KAP 한국종합채권지수,한국자산평가(KAP),실물(액티브),국내,채권,배당소득세(보유기간과세),0.045,1000,31322000,109350,-390,-0.36,109342.54,26417,2887556215,28.88,3426940020000,34269.4,0,0.0
0153K0,KR70153K0005,KODEX 주주환원고배당주,삼성 KODEX 주주환원고배당주증권상장지수투자신탁[주식],SAMSUNG KODEX Korea Shareholder Return High Dividend ETF,삼성자산운용,2026-01-20,Akros 주주환원 고배당 지수 (Price Return),Akros,실물(패시브),국내,주식,비과세,0.33,100000,12000000,12405,125,1.02,12428.81,131678,1629296099,16.29,148860000000,1488.6,0,0.0
102970,KR7102970001,KODEX 증권,삼성 KODEX 증권주 증권상장지수투자신탁[주식],SAMSUNG KODEX Securities ETF,삼성자산운용,2008-05-29,KRX 증권,KRX,실물(패시브),국내,주식,비과세,0.45,50000,37650000,18160,-190,-1.04,18194.1,411030,7429525809,74.3,682782750000,6827.83,0,0.0
419430,KR7419430004,KODEX 차이나2차전지MSCI(합성),삼성 KODEX 차이나2차전지MSCI증권상장지수투자신탁[주식-파생형](합성),SAMSUNG KODEX MSCI China All Shares Batteries ETF(SYNTH),삼성자산운용,2022-03-22,MSCI China all shares IMI Select Batteries Index(Price Return),MSCI,합성(패시브),해외,주식,배당소득세(보유기간과세),0.25,100000,2800000,8425,-125,-1.46,8434.27,9165,76375760,0.76,23450000000,234.5,0,0.0
0162L0,KR70162L0003,KODEX 차이나AI반도체TOP10,삼성 KODEX 차이나AI반도체TOP10증권상장지수투자신탁[주식],SAMSUNG KODEX China AI Semiconductor TOP10 ETF,삼성자산운용,2026-02-26,Indxx China AI Semiconductor Top 10 Index (Price Return),Indxx,실물(패시브),해외,주식,배당소득세(보유기간과세),0.55,50000,6200000,12985,65,0.5,12977.35,517705,6636812582,66.37,80476000000,804.76,0,0.0
428510,KR7428510002,KODEX 차이나AI테크액티브,삼성 KODEX 차이나AI테크액티브증권상장지수투자신탁[주식],SAMSUNG KODEX China AI Tech Active ETF,삼성자산운용,2022-05-17,Bloomberg China Media & Tech Index PR,Bloomberg,실물(액티브),해외,주식,배당소득세(보유기간과세),0.5,50000,1700000,22340,-240,-1.06,22614.53,9545,213210820,2.13,38054500000,380.55,0,0.0
283580,KR7283580009,KODEX 차이나CSI300,삼성 KODEX 차이나CSI300증권상장지수투자신탁[주식-파생형],Samsung KODEX China CSI300 ETF,삼성자산운용,2017-12-13,CSI 300 Index,CSI,실물(패시브),해외,주식,배당소득세(해외주식투자전용ETF),0.12,50000,16550000,14640,-40,-0.27,14648.7,75171,1094095508,10.94,242374750000,2423.75,0,0.0
169950,KR7169950003,KODEX 차이나A50,삼성 KODEX 차이나FTSE China A50증권상장지수투자신탁[주식-파생형],SAMSUNG KODEX FTSE China A50 ETF,삼성자산운용,2013-01-21,FTSE China A50 Index,FTSE,실물(패시브),해외,주식,배당소득세(해외주식투자전용ETF),0.12,100000,800000,24530,-60,-0.24,24769.8,863,21083980,0.21,19616000000,196.16,0,0.0
204450,KR7204450001,KODEX 차이나H레버리지(H),삼성 KODEX 차이나H레버리지증권상장지수투자신탁(주식-파생형)(H),Samsung KODEX China H Leverage ETF,삼성자산운용,2014-09-12,Hang Seng China H,HangSeng,실물(패시브),해외,주식,배당소득세(보유기간과세),0.64,100000,9600000,2210,0,0.0,2223.04,18342,40374075,0.4,21360000000,213.6,0,0.0
099140,KR7099140006,KODEX 차이나H,삼성 KODEX 차이나H증권상장지수투자신탁[주식],SAMSUNG KODEX China H ETF,삼성자산운용,2007-10-10,Hang Seng China H,HangSeng,실물(패시브),해외,주식,배당소득세(해외주식투자전용ETF),0.12,50000,1600000,20335,70,0.35,20309.33,5866,119434455,1.19,32616000000,326.16,0,0.0
415340,KR7415340009,KODEX 차이나과창판STAR50(합성),삼성 KODEX 차이나과창판STAR50증권상장지수투자신탁[주식-파생형](합성),SAMSUNG KODEX China STAR 50 ETF(SYNTH),삼성자산운용,2022-01-13,STAR 50 Index(Price Return),CSI,합성(패시브),해외,주식,배당소득세(보유기간과세),0.09,10000,2070000,13035,-75,-0.57,13088.19,12641,164363533,1.64,26972100000,269.72,0,0.0
256750,KR7256750001,KODEX 차이나심천ChiNext(합성),삼성 KODEX 차이나심천ChiNext증권상장지수투자신탁[주식-파생형](합성),SAMSUNG KODEX ChiNext ETF(Synth),삼성자산운용,2016-11-08,SZSE ChiNext Price Index,SSI(Shenzhen Securities Information Co Ltd),합성(패시브),해외,주식,배당소득세(보유기간과세),0.47,1000,3059000,14615,0,0.0,14675.33,15518,226160580,2.26,44661400000,446.61,0,0.0
0065G0,KR70065G0008,KODEX 차이나테크TOP10,삼성 KODEX 차이나테크TOP10증권상장지수투자신탁[주식],SAMSUNG KODEX China Tech Top 10 ETF,삼성자산운용,2025-06-17,Hang Seng China Tech Top 10 Select Index (HKD) (Price Return),HangSeng,실물(패시브),해외,주식,배당소득세(보유기간과세),0.45,50000,2550000,8095,95,1.19,8130.16,7241,58041270,0.58,20553000000,205.53,0,0.0
372330,KR7372330001,KODEX 차이나항셍테크,삼성 KODEX 차이나항셍테크증권상장지수투자신탁[주식],SAMSUNG KODEX China Hang Seng TECH ETF,삼성자산운용,2020-12-16,Hang Seng TECH Index,HangSeng,실물(패시브),해외,주식,배당소득세(보유기간과세),0.12,50000,16800000,6350,30,0.47,6358.69,59006,372416512,3.72,106680000000,1066.8,0,0.0
0048K0,KR70048K0004,KODEX 차이나휴머노이드로봇,삼성 KODEX 차이나휴머노이드로봇증권상장지수투자신탁[주식],SAMSUNG KODEX China Humanoid Robot ETF,삼성자산운용,2025-05-13,Solactive China Humanoid Robotics Index (CNH) (Price Return),Solactive,실물(패시브),해외,주식,배당소득세(보유기간과세),0.45,50000,17850000,7755,-100,-1.27,7766.11,648591,5010943198,50.11,138426750000,1384.27,0,0.0
279540,KR7279540009,KODEX 최소변동성,삼성 KODEX 최소변동성증권상장지수투자신탁[주식],Samsung KODEX Min Vol ETF,삼성자산운용,2017-10-17,KRX 최소변동성지수,KRX,실물(패시브),국내,주식,비과세,0.3,100000,600000,21090,-475,-2.2,21299.76,130,2758490,0.03,12759000000,127.59,0,0.0
445150,KR7445150006,KODEX 친환경조선해운액티브,삼성 KODEX 친환경조선해운액티브증권상장지수투자신탁[주식],SAMSUNG KODEX Eco Ship Active ETF,삼성자산운용,2022-11-15,FnGuide K-친환경 선박 지수,FnGuide,실물(액티브),국내,주식,배당소득세(보유기간과세),0.5,50000,1850000,28650,155,0.54,28724.03,5576,159685269,1.6,52965500000,529.65,0,0.0
211900,KR7211900006,KODEX 코리아배당성장,삼성 KODEX 코리아배당성장증권상장지수투자신탁[주식],Samsung KODEX Korea Dividend Growth ETF,삼성자산운용,2014-12-17,코스피 배당성장 50,KRX,실물(패시브),국내,주식,비과세,0.15,50000,3250000,28420,70,0.25,28524.77,7196,204386917,2.04,92511250000,925.11,0,0.0
237370,KR7237370002,KODEX 코리아배당성장채권혼합,삼성 KODEX 코리아배당성장채권혼합증권상장지수투자신탁[채권혼합],SAMSUNG KODEX KOREA GROWTH DIVIDEND BALANCED ETF,삼성자산운용,2016-01-27,배당성장채권혼합지수,KRX,실물(패시브),국내,혼합자산,배당소득세(보유기간과세),0.19,200000,10400000,15745,15,0.1,15742.92,13842,217651292,2.18,163592000000,1635.92,0,0.0
495850,KR7495850000,KODEX 코리아밸류업,삼성 KODEX 코리아밸류업증권상장지수투자신탁[주식],SAMSUNG KODEX KOREA Value-up ETF,삼성자산운용,2024-11-04,코리아 밸류업 지수,KRX,실물(패시브),국내,주식,비과세,0.008,50000,20850000,32380,-405,-1.24,32426.89,63892,2049649217,20.5,674601750000,6746.02,0,0.0
0115E0,KR70115E0000,KODEX 코리아소버린AI,삼성 KODEX 코리아소버린AI증권상장지수투자신탁[주식],SAMSUNG KODEX Korea Sovereign AI ETF,삼성자산운용,2025-10-21,KRX 코리아 소버린 AI 지수,KRX,실물(패시브),국내,주식,비과세,0.45,50000,4350000,14300,-175,-1.21,14322.91,21391,304144625,3.04,62205000000,622.05,0,0.0
0231Z0,KR70231Z0004,KODEX 코리아TDF2065액티브 적격,삼성 KODEX 코리아적격TDF2065액티브증권상장지수투자신탁[주식혼합-재간접형],SAMSUNG KODEX KOREA TDF 2065 Active Qualifying ETF,삼성자산운용,2026-08-25,FnGuide 코리아 TDF 2065 지수,FnGuide,실물(액티브),국내,혼합자산,배당소득세(보유기간과세),0.27,50000,2000000,10250,-95,-0.92,10256.47,22124,225276319,2.25,20420000000,204.2,0,0.0
373490,KR7373490002,KODEX 코리아혁신성장액티브,삼성 KODEX 코리아혁신성장액티브증권상장지수투자신탁[주식],SAMSUNG KODEX Korea Innovative Growth Active ETF,삼성자산운용,2020-12-24,FnGuide K-이노베이션 지수,FnGuide,실물(액티브),국내,주식,배당소득세(보유기간과세),0.5,50000,550000,25100,-250,-0.99,25105.44,151,3782200,0.04,13805000000,138.05,0,0.0
229200,KR7229200001,KODEX 코스닥150,삼성 KODEX 코스닥 150 증권상장지수투자신탁(주식),SAMSUNG KODEX KOSDAQ 150 ETF,삼성자산운용,2015-10-01,코스닥 150,KRX,실물(패시브),국내,주식,비과세,0.25,50000,343350000,13840,-525,-3.65,13905.75,32947861,457075440681,4570.75,4753680750000,47536.81,0,0.0
233740,KR7233740000,KODEX 코스닥150레버리지,삼성 KODEX 코스닥150 레버리지증권상장지수투자신탁(주식-파생형),SAMSUNG KODEX KOSDAQ150 LEVERAGE ETF,삼성자산운용,2015-12-17,코스닥 150,KRX,실물(패시브),국내,주식,배당소득세(보유기간과세),0.64,100000,489500000,6720,-510,-7.05,6745.39,60123282,405166342955,4051.66,3291887500000,32918.88,0,0.0
360150,KR7360150007,KODEX 코스닥150롱코스피200숏선물,삼성 KODEX 코스닥150롱코스피200숏선물증권상장지수투자신탁[주식-파생형],SAMSUNG KODEX KOSDAQ150LONGKOSPI200SHORT Futures ETF,삼성자산운용,2020-08-21,코스닥150 롱 100% 코스피200 숏 100% 선물지수,KRX,실물(패시브),국내,주식,배당소득세(보유기간과세),0.64,100000,4100000,3025,-35,-1.14,3028.98,18238,55660337,0.56,12423000000,124.23,0,0.0
251340,KR7251340006,KODEX 코스닥150선물인버스,삼성 KODEX 코스닥150인버스증권상장지수투자신탁(주식-파생형),SAMSUNG KODEX KOSDAQ150 INVERSE ETF,삼성자산운용,2016-08-10,F-코스닥150 지수,KRX,실물(패시브),국내,주식,배당소득세(보유기간과세),0.64,100000,43700000,2445,80,3.38,2452.77,37717588,92044825516,920.45,106628000000,1066.28,0,0.0
461450,KR7461450009,KODEX 코스닥글로벌,삼성 KODEX 코스닥글로벌증권상장지수투자신탁[주식],SAMSUNG KODEX KOSDAQ Global ETF,삼성자산운용,2023-06-29,코스닥 글로벌 지수,KRX,실물(패시브),국내,주식,비과세,0.09,100000,1500000,15390,-505,-3.18,15346.17,5856,90432849,0.9,22980000000,229.8,0,0.0
226490,KR7226490001,KODEX 코스피,삼성 KODEX 코스피 증권상장지수투자신탁(신탁),Samsung KODEX KOSPI ETF,삼성자산운용,2015-08-24,코스피,KRX,실물(패시브),국내,주식,비과세,0.15,50000,20400000,70815,-1690,-2.33,71058.77,119946,8453281355,84.53,1448094000000,14480.94,0,0.0
359210,KR7359210002,KODEX 코스피TR,삼성 KODEX 코스피TotalReturn증권상장지수투자신탁[주식],SAMSUNG KODEX KOSPI TotalReturn ETF,삼성자산운용,2020-07-21,코스피 TR,KRX,실물(패시브),국내,주식,배당소득세(보유기간과세),0.07,100000,2300000,35885,-645,-1.77,35865.91,2176,77456750,0.77,82535500000,825.36,0,0.0
337140,KR7337140008,KODEX 코스피대형주,삼성 KODEX 코스피대형주증권상장지수투자신탁[주식],SAMSUNG KODEX KOSPI LargeCap ETF,삼성자산운용,2019-11-14,코스피 대형주,KRX,실물(패시브),국내,주식,비과세,0.15,100000,2200000,36505,-895,-2.39,36596.74,5516,200234946,2.0,80311000000,803.11,0,0.0
138920,KR7138920004,KODEX 콩선물(H),삼성 KODEX 콩선물특별자산상장지수투자신탁(콩-파생형)(H),SAMSUNG KODEX SOYBEANS FUTURES SPECIAL ASSET ETF,삼성자산운용,2011-03-15,S&P GSCI Soybeans Index(TR),S&P,실물(패시브),해외,원자재,배당소득세(보유기간과세),0.68,100000,500000,12990,70,0.54,13029.4,1021,13342098,0.13,6517500000,65.17,0,0.0
244660,KR7244660007,KODEX 퀄리티Plus,삼성 KODEX 퀄리티PLUS증권상장지수투자신탁[주식],Samsung KODEX Quality PLUS ETF,삼성자산운용,2016-05-13,FnGuide 퀄리티 Plus 지수,FnGuide,실물(패시브),국내,주식,비과세,0.3,100000,400000,9400,0,0.0,9429.2,1222,11517190,0.12,3760000000,37.6,0,0.0
375770,KR7375770005,KODEX 탄소효율그린뉴딜,삼성 KODEX 탄소효율그린뉴딜증권상장지수투자신탁[주식],SAMSUNG KODEX Carbon Efficient Green New Deal ETF,삼성자산운용,2021-02-05,KRX/S&P 탄소효율 그린뉴딜지수,KRX,실물(패시브),국내,주식,비과세,0.09,100000,1800000,24970,-330,-1.3,24765.7,71,1758905,0.02,44595000000,445.95,0,0.0
459560,KR7459560009,KODEX 테슬라밸류체인FactSet,삼성 KODEX 테슬라밸류체인FactSet증권상장지수투자신탁[주식-파생형],SAMSUNG KODEX Tesla Value Chain FactSet ETF,삼성자산운용,2023-06-08,FactSet TSLA Value Chain Index(PR),FACTSET,실물(패시브),해외,주식,배당소득세(보유기간과세),0.18,50000,1500000,21185,-135,-0.63,21153.56,9668,204145240,2.04,31777500000,317.77,0,0.0
475080,KR7475080008,KODEX 테슬라커버드콜채권혼합액티브,삼성 KODEX 테슬라커버드콜채권혼합액티브증권상장지수투자신탁[채권혼합-파생형],SAMSUNG KODEX Tesla Covered Call Balanced Active ETF,삼성자산운용,2024-01-23,KEDI 테슬라 인컴 프리미엄 밸런스드 지수(TR),한국경제신문,실물(액티브),국내&해외,혼합자산,배당소득세(보유기간과세),0.39,50000,36450000,7840,15,0.19,7843.12,188595,1475446438,14.75,285221250000,2852.21,0,0.0
266410,KR7266410000,KODEX 필수소비재,삼성 KODEX 필수소비재증권상장지수투자신탁[주식형],Samsung KODEX Consumer Staples ETF,삼성자산운용,2017-03-28,KRX 필수소비재,KRX,실물(패시브),국내,주식,비과세,0.45,200000,1200000,9655,95,0.99,9619.29,13270,127138256,1.27,11526000000,115.26,0,0.0
298770,KR7298770009,KODEX 한국대만IT프리미어,삼성 KODEX 한국대만IT프리미어증권상장지수투자신탁[주식-파생형],Samsung KODEX Korea Taiwan IT Premier ETF,삼성자산운용,2018-06-11,한국 대만 IT 프리미어지수,S&P,실물(패시브),국내&해외,주식,배당소득세(보유기간과세),0.55,100000,1100000,80090,-2160,-2.63,80688.39,3544,284223298,2.84,87956000000,879.56,0,0.0
476800,KR7476800008,KODEX 한국부동산리츠인프라,삼성 KODEX 한국부동산리츠인프라부동산상장지수투자신탁[재간접형],SAMSUNG KODEX Korea REITs Infra ETF,삼성자산운용,2024-03-05,KRX 부동산리츠인프라 지수,KRX,실물(패시브),국내,부동산,비과세(분리과세부동산ETF),0.09,50000,115350000,4250,15,0.35,4243.79,860914,3651816996,36.52,490237500000,4902.38,0,0.0
450190,KR7450190004,KODEX 한중반도체(합성),삼성 KODEX 한중반도체증권상장지수투자신탁[주식-파생형](합성),SAMSUNG KODEX Korea China Semiconductor ETF(SYNTH),삼성자산운용,2022-12-22,KRX CSI 한·중 반도체지수,KRX,합성(패시브),국내&해외,주식,배당소득세(보유기간과세),0.25,50000,600000,46765,-1845,-3.8,47022.81,16,762130,0.01,28059000000,280.59,0,0.0
450180,KR7450180005,KODEX 한중전기차(합성),삼성 KODEX 한중전기차증권상장지수투자신탁[주식-파생형](합성),SAMSUNG KODEX Korea China New Energy Vehicles ETF(SYNTH),삼성자산운용,2022-12-22,KRX CSI 한·중 전기차지수,KRX,합성(패시브),국내&해외,주식,배당소득세(보유기간과세),0.25,50000,650000,10330,-305,-2.87,10403.89,716,7380975,0.07,6714500000,67.14,0,0.0
266420,KR7266420009,KODEX 헬스케어,삼성 KODEX 헬스케어증권상장지수투자신탁[주식형],Samsung KODEX Healthcare ETF,삼성자산운용,2017-03-28,KRX 헬스케어,KRX,실물(패시브),국내,주식,비과세,0.09,100000,4000000,16165,-275,-1.67,16108.34,20531,329978753,3.3,64360000000,643.6,0,0.0
364690,KR7364690008,KODEX 혁신기술테마액티브,삼성 KODEX 혁신기술테마액티브증권상장지수투자신탁[주식],SAMSUNG KODEX Innovative Tech Active ETF,삼성자산운용,2020-09-29,코스피,KRX,실물(액티브),국내,주식,배당소득세(보유기간과세),0.3,100000,600000,38975,-595,-1.5,39120.26,564,21723265,0.22,23385000000,233.85,0,0.0
0204D0,KR70204D0003,KODEX 현대차로보틱스밸류체인TOP3플러스,삼성 KODEX 현대차로보틱스밸류체인TOP3플러스증권상장지수투자신탁[주식],SAMSUNG KODEX Hyundai Motor Robotics Value Chain TOP3 Plus ETF,삼성자산운용,2026-06-09,Akros 현대차로보틱스 밸류체인 TOP3 플러스 지수 (PR),Akros,실물(패시브),국내&해외,주식,배당소득세(보유기간과세),0.5,50000,33650000,6070,-25,-0.41,6064.43,341574,2053985713,20.54,204087250000,2040.87,0,0.0
069500,KR7069500007,KODEX 200,삼성 KODEX200 증권상장지수투자신탁[주식],SAMSUNG KODEX200 ETF,삼성자산운용,2002-10-14,코스피 200,KRX,실물(패시브),국내,주식,비과세,0.15,50000,230900000,109500,-2365,-2.11,109642.35,24653210,2680614257150,26806.14,25287013500000,252870.14,0,0.0
321410,KR7321410003,KODEX 멀티에셋하이인컴(H),삼성 KODEX모닝스타멀티에셋하이인컴증권상장지수투자신탁[채권혼합-파생재간접형](H),Samsung KODEX Morningstar Multi-Asset High Income ETF(H),삼성자산운용,2019-06-05,Morningstar Multi-Asset High Income 10% Capped Index,MorningStar,실물(패시브),해외,혼합자산,배당소득세(보유기간과세),0.25,100000,300000,10565,-45,-0.42,10561.11,3,31695,0.0,3169500000,31.7,0,0.0
219480,KR7219480001,KODEX 미국S&P500선물(H),삼성KODEX S&P500선물증권상장지수투자신탁[주식-파생형](H),SAMSUNG KODEX S&P500 Futures ETF(H),삼성자산운용,2015-05-29,S&P 500 Futures Total Return Index,S&P,실물(패시브),해외,주식,배당소득세(보유기간과세),0.05,50000,4500000,32845,-160,-0.48,32853.89,31578,1035113489,10.35,147780000000,1477.8,0,0.0
468370,KR7468370002,KODEX iShares미국인플레이션국채액티브,삼성KODEX iShares미국인플레이션국채액티브증권상장지수투자신탁[채권-재간접형],SAMSUNG KODEX iShares US TIPS Bond Active ETF,삼성자산운용,2023-10-19,ICE U.S. Treasury Inflation Linked Bond Index(Total Return),"ICE Data Indices, LLC",실물(액티브),해외,채권,배당소득세(보유기간과세),0.1,10000,1670000,10315,25,0.24,10312.19,7860,80981979,0.81,17226050000,172.26,0,0.0
468630,KR7468630009,KODEX iShares미국투자등급회사채액티브,삼성KODEX iShares미국투자등급회사채액티브증권상장지수투자신탁[채권-재간접형],SAMSUNG KODEX iShares US Investment Grade Corporate Bond Active ETF,삼성자산운용,2023-10-19,iBoxx USD Liquid Investment Grade Index(Total Return),S&P,실물(액티브),해외,채권,배당소득세(보유기간과세),0.1,10000,2810000,10425,-35,-0.33,10411.45,9746,101458600,1.01,29294250000,292.94,0,0.0
176950,KR7176950004,KODEX 국채선물10년인버스,삼성KODEX10년국채선물인버스증권상장지수투자신탁[채권-파생형],SAMSUNG KODEX 10Y F-LKTB INVERSE ETF,삼성자산운용,2013-05-31,10년국채선물지수,KRX,실물(패시브),국내,채권,배당소득세(보유기간과세),0.07,6000,108000,61385,420,0.69,61358.42,1154,70960035,0.71,6625800000,66.26,0,0.0
152380,KR7152380002,KODEX 국채선물10년,삼성KODEX10년국채선물증권상장지수투자신탁[채권-파생형],SAMSUNG KODEX 10Y F-LKTB ETF,삼성자산운용,2012-01-20,10년국채선물지수,KRX,실물(패시브),국내,채권,배당소득세(보유기간과세),0.07,6000,318000,63945,-470,-0.73,63958.25,562,35903460,0.36,20334510000,203.35,0,0.0
117700,KR7117700005,KODEX 건설,삼성KODEX건설증권상장지수투자신탁[주식],SAMSUNG KODEX Constructions ETF[EQUITY],삼성자산운용,2009-10-30,KRX 건설,KRX,실물(패시브),국내,주식,비과세,0.45,100000,31700000,7505,135,1.83,7539.97,4581357,34094639731,340.95,238859500000,2388.59,0,0.0
214980,KR7214980005,KODEX 단기채권PLUS,삼성KODEX단기채권PLUS증권상장지수투자신탁[채권],SAMSUNG KODEX KRW CASH PLUS ETF,삼성자산운용,2015-03-03,KRW Cash PLUS 지수(총수익),한국자산평가(KAP),실물(패시브),국내,채권,배당소득세(보유기간과세),0.15,1000,16040000,114685,5,0.0,114721.68,32164,3689025254,36.89,1839547400000,18395.47,0,0.0
153130,KR7153130000,KODEX 단기채권,삼성KODEX단기채권증권상장지수투자신탁[채권],SAMSUNG KODEX KRW CASH ETF,삼성자산운용,2012-02-22,KRW Cash 지수(총수익),FnGuide,실물(패시브),국내,채권,배당소득세(보유기간과세),0.15,1000,7117000,113375,0,0.0,113370.72,8737,990600345,9.91,806961045000,8069.61,0,0.0
122630,KR7122630007,KODEX 레버리지,삼성KODEX레버리지증권상장지수투자신탁[주식-파생형],SAMSUNG KODEX LEVERAGE ETF[EQUITY-DERIVATIVES],삼성자산운용,2010-02-22,코스피 200,KRX,실물(패시브),국내,주식,배당소득세(보유기간과세),0.64,50000,49450000,109995,-5005,-4.35,110326.07,15352789,1665114740514,16651.15,5443208750000,54432.09,0,0.0
185680,KR7185680006,KODEX 미국S&P바이오(합성),삼성KODEX미국바이오테크증권상장지수투자신탁[주식-파생형](합성),Samsung KODEX SYNTH-US Biotech ETF,삼성자산운용,2013-10-31,S&P Biotechnology Select Industry Index,S&P,합성(패시브),해외,주식,배당소득세(보유기간과세),0.25,1000,532000,44875,-495,-1.09,45058.49,527,23684430,0.24,23873500000,238.74,0,0.0
140700,KR7140700006,KODEX 보험,삼성KODEX보험증권상장지수투자신탁[주식],SAMSUNG KODEX INSURANCE ETF[EQUITY],삼성자산운용,2011-04-26,KRX 보험,KRX,실물(패시브),국내,주식,비과세,0.45,100000,3100000,21560,445,2.11,21592.98,239406,5145955722,51.46,66836000000,668.36,0,0.0
213610,KR7213610009,KODEX 삼성그룹밸류,삼성KODEX삼성그룹밸류증권상장지수투자신탁[주식],SAMSUNG KODEX SAMSUNG Group Value ETF,삼성자산운용,2015-01-08,WISE 삼성그룹 밸류 인덱스,WiseFn,실물(패시브),국내,주식,비과세,0.09,100000,11900000,22440,-235,-1.04,22378.29,5573,124235435,1.24,265905500000,2659.05,0,0.0
117460,KR7117460006,KODEX 에너지화학,삼성KODEX에너지화학증권상장지수투자신탁[주식],SAMSUNG KODEX ENERGY&CHEMICALS ETF[EQUITY],삼성자산운용,2009-10-12,KRX 에너지화학,KRX,실물(패시브),국내,주식,비과세,0.45,70000,2380000,14200,-425,-2.91,14216.82,66080,944833014,9.45,33748400000,337.48,0,0.0
140710,KR7140710005,KODEX 운송,삼성KODEX운송증권상장지수투자신탁[주식],SAMSUNG KODEX TRANSPORTATION ETF[EQUITY],삼성자산운용,2011-04-26,KRX 운송,KRX,실물(패시브),국내,주식,비과세,0.45,100000,1900000,6595,-5,-0.08,6602.98,13030,85599790,0.86,12511500000,125.11,0,0.0
114800,KR7114800006,KODEX 인버스,삼성KODEX인버스증권상장지수투자신탁[주식-파생형],SAMSUNG KODEX INVERSE ETF,삼성자산운용,2009-09-16,코스피 200 선물지수,KRX,실물(패시브),국내,주식,배당소득세(보유기간과세),0.64,100000,725400000,1002,22,2.24,1002.06,903694140,911821383995,9118.21,726125400000,7261.25,0,0.0
117680,KR7117680009,KODEX 철강,삼성KODEX철강증권상장지수투자신탁[주식],SAMSUNG KODEX STEELS ETF[EQUITY],삼성자산운용,2009-10-30,KRX 철강,KRX,실물(패시브),국내,주식,비과세,0.45,70000,2450000,12545,-330,-2.56,12576.75,21002,263672216,2.64,30735250000,307.35,0,0.0
487130,KR7487130007,KoAct AI인프라액티브,삼성액티브 KoAct AI인프라액티브증권상장지수투자신탁[주식],SAMSUNGACTIVE KoAct AI Infrastructure Active ETF,삼성액티브자산운용,2024-07-09,Solactive AI인프라 지수,Solactive,실물(액티브),국내,주식,배당소득세(보유기간과세),0.5,50000,1450000,29105,-595,-2.0,29103.26,7923,229410654,2.29,42209500000,422.1,0,0.0
0074K0,KR70074K0001,KoAct K수출핵심기업TOP30액티브,삼성액티브 KoAct K수출핵심기업TOP30액티브증권상장지수투자신탁[주식],SAMSUNGACTIVE KoAct K-Export Leaders TOP30 Active ETF,삼성액티브자산운용,2025-07-08,KEDI K수출핵심기업TOP30 지수(PR),한국경제신문,실물(액티브),국내,주식,배당소득세(보유기간과세),0.5,50000,7450000,16900,-270,-1.57,16877.65,24228,405776173,4.06,125644250000,1256.44,0,0.0
0222D0,KR70222D0001,KoAct 고배당액티브,삼성액티브 KoAct 고배당액티브증권상장지수투자신탁[주식],SAMSUNGACTIVE KoAct High Dividend Active ETF,삼성액티브자산운용,2026-07-28,코스피 200 고배당지수,KRX,실물(액티브),국내,주식,배당소득세(보유기간과세),0.5,50000,1900000,10490,0,0.0,10462.27,336796,3510983608,35.11,19893000000,198.93,0,0.0
0219B0,KR70219B0008,KoAct 광통신&위성네트워크액티브,삼성액티브 KoAct 광통신&위성네트워크액티브증권상장지수투자신탁[주식],SAMSUNGACTIVE KoAct Optical Communication Satellite Network Active ETF,삼성액티브자산운용,2026-07-14,FnGuide 저궤도위성 & 광통신 인프라 지수,FnGuide,실물(액티브),국내,주식,배당소득세(보유기간과세),0.5,50000,800000,11225,5,0.04,11217.33,74291,832939855,8.33,8980000000,89.8,0,0.0
471040,KR7471040006,KoAct 글로벌AI&로봇액티브,삼성액티브 KoAct 글로벌AI&로봇액티브증권상장지수투자신탁[주식],SAMSUNGACTIVE KoAct Global AI&Robotics Active ETF,삼성액티브자산운용,2023-11-21,iSelect 글로벌AI&로봇PR지수,NH투자증권,실물(액티브),국내&해외,주식,배당소득세(보유기간과세),0.5,50000,9050000,27810,-490,-1.73,27684.37,63942,1773694410,17.74,251590000000,2515.9,0,0.0
0174B0,KR70174B0001,KoAct 글로벌AI메모리반도체액티브,삼성액티브 KoAct 글로벌AI메모리반도체액티브증권상장지수투자신탁[주식],SAMSUNGACTIVE KoAct Global AI Memory Semiconductor Active ETF,삼성액티브자산운용,2026-04-14,Solactive 글로벌AI메모리반도체 지수 (PR),Solactive,실물(액티브),국내&해외,주식,배당소득세(보유기간과세),0.5,50000,7400000,14240,-480,-3.26,14219.56,64965,918322757,9.18,105450000000,1054.5,0,0.0
0132D0,KR70132D0000,KoAct 글로벌K컬처밸류체인액티브,삼성액티브 KoAct 글로벌K컬처밸류체인액티브증권상장지수투자신탁[주식],SAMSUNGACTIVE KoAct Global Kculture Value Chain Active ETF,삼성액티브자산운용,2025-11-25,KEDI 글로벌 K컬처밸류체인 지수(PR),한국경제신문,실물(액티브),국내&해외,주식,배당소득세(보유기간과세),0.5,50000,550000,9210,95,1.04,9244.86,750,6860115,0.07,5065500000,50.66,0,0.0
0020H0,KR70020H0001,KoAct 글로벌양자컴퓨팅액티브,삼성액티브 KoAct 글로벌양자컴퓨팅액티브증권상장지수투자신탁[주식],SAMSUNGACTIVE KoAct Global Quantum Computing Active ETF,삼성액티브자산운용,2025-03-11,FactSet 글로벌양자컴퓨팅 PR 지수,FACTSET,실물(액티브),국내&해외,주식,배당소득세(보유기간과세),0.5,50000,2150000,20820,-530,-2.48,20765.12,10640,220417764,2.2,44752250000,447.52,0,0.0
475070,KR7475070009,KoAct 글로벌친환경전력인프라액티브,삼성액티브 KoAct 글로벌친환경전력인프라액티브증권상장지수투자신탁[주식],SAMSUNGACTIVE KoAct Global Eco Power Infra Active ETF,삼성액티브자산운용,2024-01-18,Solactive 글로벌친환경전력인프라 PR지수,Solactive,실물(액티브),국내&해외,주식,배당소득세(보유기간과세),0.5,50000,1100000,29380,-310,-1.04,29245.78,4008,117115249,1.17,32329000000,323.29,0,0.0
0015B0,KR70015B0004,KoAct 미국나스닥성장기업액티브,삼성액티브 KoAct 미국나스닥성장기업액티브증권상장지수투자신탁[주식],SAMSUNGACTIVE KoAct US Nasdaq Growth Active ETF,삼성액티브자산운용,2025-02-25,나스닥 종합주가지수,NASDAQ,실물(액티브),해외,주식,배당소득세(보유기간과세),0.5,50000,32450000,17905,-170,-0.94,17806.22,399336,7110201900,71.1,581017250000,5810.17,0,0.0
0104H0,KR70104H0000,KoAct 미국나스닥채권혼합50액티브,삼성액티브 KoAct 미국나스닥채권혼합50액티브증권상장지수투자신탁[채권혼합],SAMSUNGACTIVE KoAct US Nasdaq Balanced 50 Active ETF,삼성액티브자산운용,2025-09-30,FnGuide 미국나스닥 금융채권혼합 지수,FnGuide,실물(액티브),국내&해외,혼합자산,배당소득세(보유기간과세),0.25,50000,12200000,11545,-70,-0.6,11508.81,17737,203729295,2.04,140300000000,1403.0,0,0.0
0186L0,KR70186L0005,KoAct 미국로봇피지컬AI액티브,삼성액티브 KoAct 미국로봇피지컬AI액티브증권상장지수투자신탁[주식],SAMSUNGACTIVE KoAct US Robot Physical AI Active ETF,삼성액티브자산운용,2026-04-28,iSelect 미국로봇피지컬AI지수,NH투자증권,실물(액티브),해외,주식,배당소득세(보유기간과세),0.5,50000,2350000,8930,5,0.06,8839.79,13858,123040165,1.23,20950250000,209.5,0,0.0
0113G0,KR70113G0000,KoAct 미국바이오헬스케어액티브,삼성액티브 KoAct 미국바이오헬스케어액티브증권상장지수투자신탁[주식],SAMSUNGACTIVE KoAct US Biohealthcare Active ETF,삼성액티브자산운용,2025-11-11,Solactive 미국바이오헬스케어지수 PR,Solactive,실물(액티브),해외,주식,배당소득세(보유기간과세),0.5,50000,900000,10950,-65,-0.59,10967.27,16432,179059036,1.79,9837000000,98.37,0,0.0
497780,KR7497780007,KoAct 미국천연가스인프라액티브,삼성액티브 KoAct 미국천연가스인프라액티브증권상장지수투자신탁[주식],SAMSUNGACTIVE KoAct US Natural Gas Infrastructure Active ETF,삼성액티브자산운용,2024-12-10,Solactive 미국천연가스인프라 PR 지수,Solactive,실물(액티브),해외,주식,배당소득세(보유기간과세),0.5,50000,1900000,10405,-45,-0.43,10293.56,6558,68140244,0.68,19769500000,197.69,0,0.0
490330,KR7490330008,KoAct 미국치매&뇌질환치료제액티브,삼성액티브 KoAct 미국치매&뇌질환치료제액티브증권상장지수투자신탁[주식],SAMSUNGACTIVE KoAct US Alzheimer's & CNS Therapeutics Active ETF,삼성액티브자산운용,2024-09-03,Solactive 미국뇌질환치료제 PR 지수,Solactive,실물(액티브),해외,주식,배당소득세(보유기간과세),0.5,50000,350000,14000,-25,-0.18,14030.79,274,3855335,0.04,4921000000,49.21,0,0.0
462900,KR7462900002,KoAct 바이오헬스케어액티브,삼성액티브 KoAct 바이오헬스케어액티브증권상장지수투자신탁[주식],SAMSUNGACTIVE KoAct Bio Healthcare Active ETF,삼성액티브자산운용,2023-08-03,iSelect 바이오헬스케어 PR 지수,NH투자증권,실물(액티브),국내,주식,배당소득세(보유기간과세),0.5,50000,26300000,13050,-200,-1.51,13085.18,447115,5807298621,58.07,343215000000,3432.15,0,0.0
482030,KR7482030004,KoAct 반도체&2차전지핵심소재액티브,삼성액티브 KoAct 반도체&2차전지핵심소재액티브증권상장지수투자신탁[주식],SAMSUNGACTIVE KoAct Semicon&Battery materials Active ETF,삼성액티브자산운용,2024-05-14,iSelect 반도체&2차전지핵심소재 지수,NH투자증권,실물(액티브),국내,주식,배당소득세(보유기간과세),0.5,50000,1050000,8990,-160,-1.75,8968.49,2051,18413820,0.18,9439500000,94.39,0,0.0
476850,KR7476850003,KoAct 배당성장액티브,삼성액티브 KoAct 배당성장액티브증권상장지수투자신탁[주식],SAMSUNGACTIVE KoAct Dividend Growth Active ETF,삼성액티브자산운용,2024-02-27,코스피,KRX,실물(액티브),국내,주식,배당소득세(보유기간과세),0.5,50000,4750000,21840,-350,-1.58,21760.44,103527,2234597955,22.35,103336250000,1033.36,0,0.0
0051A0,KR70051A0000,KoAct 브로드컴밸류체인액티브,삼성액티브 KoAct 브로드컴밸류체인액티브증권상장지수투자신탁[주식],SAMSUNGACTIVE KoAct Broadcom Value Chain Active ETF,삼성액티브자산운용,2025-05-20,FactSet 브로드컴밸류체인 지수,FACTSET,실물(액티브),해외,주식,배당소득세(보유기간과세),0.5,50000,600000,22915,-305,-1.31,22798.85,2526,57298035,0.57,13752000000,137.52,0,0.0
0150K0,KR70150K0008,KoAct 수소전력ESS인프라액티브,삼성액티브 KoAct 수소전력ESS인프라액티브증권상장지수투자신탁[주식],SAMSUNGACTIVE KoAct Hydrogen Power ESS Infra Active ETF,삼성액티브자산운용,2026-01-13,FnGuide 수소전력ESS인프라 지수(PR),FnGuide,실물(액티브),국내,주식,배당소득세(보유기간과세),0.5,50000,2800000,10925,-100,-0.91,10888.71,9300,100980745,1.01,30506000000,305.06,0,0.0
0154H0,KR70154H0009,KoAct 차이나바이오헬스케어액티브,삼성액티브 KoAct 차이나바이오헬스케어액티브증권상장지수투자신탁[주식],SAMSUNGACTIVE KoAct China Biohealthcare Active ETF,삼성액티브자산운용,2026-01-27,Solactive 차이나바이오헬스케어지수 PR,Solactive,실물(액티브),해외,주식,배당소득세(보유기간과세),0.5,50000,550000,8220,-85,-1.02,8251.72,1072,8802990,0.09,4518250000,45.18,0,0.0
495230,KR7495230005,KoAct 코리아밸류업액티브,삼성액티브 KoAct 코리아밸류업액티브증권상장지수투자신탁[주식],SAMSUNGACTIVE KoAct Korea Value-up Active ETF,삼성액티브자산운용,2024-11-04,코리아 밸류업 지수,KRX,실물(액티브),국내,주식,배당소득세(보유기간과세),0.5,50000,7950000,31340,-320,-1.01,31278.36,19421,602300153,6.02,248199000000,2481.99,0,0.0
0163Y0,KR70163Y0007,KoAct 코스닥액티브,삼성액티브 KoAct 코스닥액티브증권상장지수투자신탁[주식],SAMSUNGACTIVE KoAct KOSDAQ Active ETF,삼성액티브자산운용,2026-03-10,코스닥,KRX,실물(액티브),국내,주식,배당소득세(보유기간과세),0.5,50000,50250000,9060,-270,-2.89,9042.07,273157,2459166758,24.59,454762500000,4547.62,0,0.0
0193G0,KR70193G0003,KoAct 코스피액티브,삼성액티브 KoAct 코스피액티브증권상장지수투자신탁[주식],SAMSUNGACTIVE KoAct KOSPI Active ETF,삼성액티브자산운용,2026-05-19,코스피,KRX,실물(액티브),국내,주식,배당소득세(보유기간과세),0.5,50000,18500000,8530,-140,-1.61,8509.63,20437,172306290,1.72,157065000000,1570.65,0,0.0
0093D0,KR70093D0007,KoAct 팔란티어밸류체인액티브,삼성액티브 KoAct 팔란티어밸류체인액티브증권상장지수투자신탁[주식],SAMSUNGACTIVE KoAct Palantir Value Chain Active ETF,삼성액티브자산운용,2025-08-26,KEDI 팔란티어밸류체인지수(PR),한국경제신문,실물(액티브),국내&해외,주식,배당소득세(보유기간과세),0.5,50000,1300000,17020,-205,-1.19,16923.36,5714,96181495,0.96,22048000000,220.48,0,0.0
411540,KR7411540008,SOL 200 Top10,신한 SOL 200 Top10증권상장지수투자신탁[주식],Shinhan SOL 200 Top10 ETF,신한자산운용,2021-12-09,코스피 200 Top 10 지수,KRX,실물(패시브),국내,주식,비과세,0.15,100000,1300000,17330,-170,-0.97,17294.48,3978,67885714,0.68,22470500000,224.71,0,0.0
295040,KR7295040000,SOL 200TR,신한 SOL 200 Total Return증권상장지수투자신탁[주식],Shinhan SOL 200 Total Return ETF,신한자산운용,2018-04-23,코스피 200 TR,KRX,실물(패시브),국내,주식,배당소득세(보유기간과세),0.05,150000,24750000,41045,-960,-2.29,41108.17,89662,3653989835,36.54,1015987500000,10159.88,0,0.0
0167B0,KR70167B0000,SOL 200타겟위클리커버드콜,신한 SOL 200타겟위클리커버드콜증권상장지수투자신탁[주식-파생형],Shinhan SOL 200 Target Weekly Covered Call ETF,신한자산운용,2026-03-17,코스피 200 타겟 15% 위클리 커버드콜 지수,KRX,실물(패시브),국내,주식,배당소득세(보유기간과세),0.3,100000,55900000,11865,-235,-1.94,11877.94,560444,6596819213,65.97,663253500000,6632.53,0,0.0
488980,KR7488980004,SOL 26-12 회사채(AA-이상)액티브,신한 SOL 26-12회사채(AA-이상)액티브증권상장지수투자신탁[채권],Shinhan SOL 26-12 Credit Bond(AA- or higher) Active ETF,신한자산운용,2024-10-08,"KAP 26-12 크레딧 채권지수(AA-이상, 총수익)",한국자산평가(KAP),실물(액티브),국내,채권,배당소득세(보유기간과세),0.05,2000,4000000,52180,5,0.01,52174.76,2601,135716570,1.36,208720000000,2087.2,0,0.0
0092C0,KR70092C0009,SOL 27-12 회사채(AA-이상)액티브,신한 SOL 27-12 회사채(AA-이상)액티브증권상장지수투자신탁[채권],Shinhan SOL 27-12 Credit Bond(AA- or higher) Active ETF,신한자산운용,2025-08-19,"KAP 27-12 크레딧 채권지수(AA-이상, 총수익)",한국자산평가(KAP),실물(액티브),국내,채권,배당소득세(보유기간과세),0.05,2000,4556000,50325,-10,-0.02,50305.43,1468,73863580,0.74,229280700000,2292.81,0,0.0
455860,KR7455860007,SOL 2차전지소부장Fn,신한 SOL 2차전지소부장Fn증권상장지수투자신탁[주식],Shinhan SOL Secondary Battery Materials & Equipment ETF,신한자산운용,2023-04-25,FnGuide 2차전지 소부장 지수(PR),FnGuide,실물(패시브),국내,주식,비과세,0.45,50000,24150000,4585,-105,-2.24,4564.77,489785,2240997532,22.41,110244750000,1102.45,0,0.0
0167A0,KR70167A0001,SOL AI반도체TOP2플러스,신한 SOL AI반도체TOP2플러스증권상장지수투자신탁[주식],Shinhan SOL AI Semiconductor TOP2 Plus ETF,신한자산운용,2026-03-17,FnGuide AI반도체 TOP2 플러스 지수(PR),FnGuide,실물(패시브),국내,주식,비과세,0.45,50000,313300000,17590,-585,-3.22,17611.96,8609999,150568593890,1505.69,5514080000000,55140.8,0,0.0
455850,KR7455850008,SOL AI반도체소부장,신한 SOL AI반도체소부장증권상장지수투자신탁[주식],Shinhan SOL Semiconductor Materials & Equipment ETF,신한자산운용,2023-04-25,FnGuide AI 반도체 소부장 지수,FnGuide,실물(패시브),국내,주식,비과세,0.45,50000,41450000,24985,-1240,-4.73,24987.87,2068888,51945161329,519.45,1035213750000,10352.14,0,0.0
497880,KR7497880005,SOL CD금리&머니마켓액티브,신한 SOL CD금리&머니마켓액티브증권상장지수투자신탁[채권],Shinhan SOL CD & Money Market Active ETF,신한자산운용,2024-11-26,KAP CD&단기자금시장지수(PR),한국자산평가(KAP),실물(액티브),국내,채권,배당소득세(보유기간과세),0.05,2000,5722000,50080,10,0.02,50079.89,71041,3557545622,35.58,286557760000,2865.58,0,0.0
363510,KR7363510009,SOL KIS단기통안채,신한 SOL KIS단기통안채증권상장지수투자신탁[채권],Shinhan SOL KIS Short-term MSB ETF,신한자산운용,2020-09-09,KIS 단기통안채 Index(총수익),KIS자산평가,실물(패시브),국내,채권,배당소득세(보유기간과세),0.07,1000,111000,112285,45,0.04,112245.75,1,112285,0.0,12463635000,124.64,0,0.0
292500,KR7292500006,SOL KRX300,신한 SOL KRX300증권상장지수투자신탁[주식],Shinhan SOL KRX300 ETF,신한자산운용,2018-03-26,KRX 300,KRX,실물(패시브),국내,주식,비과세,0.05,100000,500000,49250,-810,-1.62,49268.28,119,5838770,0.06,24625000000,246.25,0,0.0
404650,KR7404650004,SOL KRX기후변화솔루션,신한 SOL KRX기후변화솔루션증권상장지수투자신탁[주식],Shinhan SOL KRX Climate Change Solutions ETF,신한자산운용,2021-10-29,KRX 기후변화 솔루션지수,KRX,실물(패시브),국내,주식,비과세,0.15,100000,600000,24130,-580,-2.35,24198.64,111,2684210,0.03,14478000000,144.78,0,0.0
490480,KR7490480001,SOL K방산,신한 SOL K방산증권상장지수투자신탁[주식],Shinhan SOL K Defense Industry ETF,신한자산운용,2024-10-02,KEDI K방산 지수(PR),한국경제신문,실물(패시브),국내,주식,비과세,0.45,50000,2700000,28595,55,0.19,28523.38,22494,635816789,6.36,76855500000,768.55,0,0.0
0197W0,KR70197W0009,SOL SK하이닉스단일종목레버리지,신한 SOL SK하이닉스단일종목레버리지증권상장지수투자신탁[주식-파생형],Shinhan SOL SK Hynix Single Stock leverage,신한자산운용,2026-05-27,KRX SK하이닉스 지수,KRX,실물(패시브),국내,주식,배당소득세(보유기간과세),0.1,25000,5525000,9530,-455,-4.56,9535.57,173296,1603402415,16.03,52349375000,523.49,0,0.0
0197X0,KR70197X0008,SOL SK하이닉스선물단일종목인버스2X,신한 SOL SK하이닉스선물단일종목인버스2X증권상장지수투자신탁[주식-파생형],Shinhan SOL F-SK Hynix Single Stock Inverse 2X,신한자산운용,2026-05-27,KRX SK하이닉스 선물 지수,KRX,실물(패시브),국내,주식,배당소득세(보유기간과세),0.1,25000,17800000,5850,245,4.37,5882.5,17576331,105787183419,1057.87,104308000000,1043.08,0,0.0
438570,KR7438570004,SOL 국고채10년,신한 SOL 국고채10년증권상장지수투자신탁[채권],Shinhan SOL Korea Treasury Bond 10Y ETF,신한자산운용,2022-09-06,KAP 국고채10년지수(총수익지수),한국자산평가(KAP),실물(패시브),국내,채권,배당소득세(보유기간과세),0.05,1000,1213000,96675,-750,-0.77,96822.8,2018,195253980,1.95,117266775000,1172.67,0,0.0
474390,KR7474390002,SOL 국고채30년액티브,신한 SOL 국고채30년액티브증권상장지수투자신탁[채권],Shinhan SOL Korea Treasury Bond 30Y Active ETF,신한자산운용,2024-01-16,KAP 국고채30년 지수(TR),한국자산평가(KAP),실물(액티브),국내,채권,배당소득세(보유기간과세),0.05,2000,154000,39700,-355,-0.89,39706.65,65,2577160,0.03,6113800000,61.14,0,0.0
438560,KR7438560005,SOL 국고채3년,신한 SOL 국고채3년증권상장지수투자신탁[채권],Shinhan SOL Korea Treasury Bond 3Y ETF,신한자산운용,2022-09-06,KAP 국고채3년지수(총수익지수),한국자산평가(KAP),실물(패시브),국내,채권,배당소득세(보유기간과세),0.05,1000,1209000,100165,-165,-0.16,100150.19,29,2904745,0.03,121099485000,1210.99,0,0.0
0022T0,KR70022T0005,SOL 국제금커버드콜액티브,신한 SOL 국제금커버드콜액티브특별자산상장지수투자신탁[금-파생재간접형],Shinhan SOL Global Gold Covered Call Active ETF,신한자산운용,2025-03-11,KEDI 골드인컴프리미엄 지수(NTR),한국경제신문,실물(액티브),해외,원자재,배당소득세(보유기간과세),0.45,100000,5700000,12720,-125,-0.97,12623.86,45350,572455364,5.72,72532500000,725.33,0,0.0
0066W0,KR70066W0007,SOL 국제금,신한 SOL 국제금특별자산상장지수투자신탁[금-재간접형],Shinhan SOL Global Gold FoFs ETF,신한자산운용,2025-06-17,KEDI 국제금현물 ETF 가격지수(PR),한국경제신문,실물(패시브),해외,원자재,배당소득세(보유기간과세),0.05,50000,7150000,12405,-105,-0.84,12317.57,58070,715477792,7.15,88731500000,887.32,0,0.0
423170,KR7423170000,SOL 글로벌AI반도체탑픽액티브,신한 SOL 글로벌AI반도체탑픽액티브증권상장지수투자신탁[주식],Shinhan SOL Global AI Semiconductor Top Picks Active ETF,신한자산운용,2022-04-12,S&P Global Semiconductor Korea Tilted Index(PR),S&P,실물(액티브),국내&해외,주식,배당소득세(보유기간과세),0.55,20000,4460000,56915,-1485,-2.54,56801.33,14707,832561350,8.33,253818600000,2538.19,0,0.0
400590,KR7400590006,SOL 글로벌탄소배출권선물ICE(합성),신한 SOL 글로벌탄소배출권선물ICE특별자산ETF[탄소배출권-파생형](합성),Shinhan SOL ICE Global Carbon Emission(Synthetic) ETF,신한자산운용,2021-09-30,ICE Global Carbon Futures Index(Excess Return),"ICE Data Indices, LLC",합성(패시브),해외,기타,배당소득세(보유기간과세),0.55,100000,500000,14080,80,0.57,14117.88,567,8023115,0.08,7040000000,70.4,0,0.0
484880,KR7484880000,SOL 금융지주플러스고배당,신한 SOL 금융지주플러스고배당증권상장지수투자신탁[주식],Shinhan SOL Financial Group Plus High Dividend ETF,신한자산운용,2024-06-25,FnGuide 금융지주플러스고배당 지수(PR),FnGuide,실물(패시브),국내,주식,비과세,0.3,50000,16750000,23360,360,1.57,23377.38,382684,8864791278,88.65,391280000000,3912.8,0,0.0
484890,KR7484890009,SOL 머니마켓액티브,신한 SOL 머니마켓액티브증권상장지수투자신탁[채권],Shinhan SOL Mark-to-market MMF Active ETF,신한자산운용,2024-06-25,KAP 시가 MMF 지수(TR),한국자산평가(KAP),실물(액티브),국내,채권,배당소득세(보유기간과세),0.05,2000,282000,52585,5,0.01,52577.32,3133,164743725,1.65,14828970000,148.29,0,0.0
461600,KR7461600009,SOL 미국30년국채액티브(H),신한 SOL 미국30년국채액티브증권상장지수투자신탁[채권](H),Shinhan SOL US Treasury Bond 30Y Active ETF(H),신한자산운용,2023-07-11,KAP 미국채 20Y+ 지수(시장가격),한국자산평가(KAP),실물(액티브),해외,채권,배당소득세(보유기간과세),0.05,50000,2650000,8185,-100,-1.21,8186.34,1708,13951400,0.14,21703500000,217.03,0,0.0
473330,KR7473330009,SOL 미국30년국채커버드콜(합성),신한 SOL 미국30년국채커버드콜증권상장지수투자신탁[채권-파생형](합성),Shinhan SOL US Treasury 30y 2% OTM BuyWrite ETF(Synthetic),신한자산운용,2023-12-27,KEDI 미국 국채 20년+ 커버드콜 지수(NTR),한국경제신문,합성(패시브),해외,채권,배당소득세(보유기간과세),0.25,50000,35050000,7600,-70,-0.91,7657.53,331199,2520099614,25.2,266029500000,2660.3,0,0.0
494210,KR7494210008,SOL 미국500타겟데일리커버드콜액티브,신한 SOL 미국500타겟데일리커버드콜액티브증권상장지수투자신탁[주식-파생형],Shinhan SOL US 500 Target Daily Covered Call Active ETF,신한자산운용,2024-10-15,KEDI 미국퀄리티500+월1%프리미엄 지수(NTR),한국경제신문,실물(액티브),해외,주식,배당소득세(보유기간과세),0.35,100000,700000,10500,50,0.48,10442.67,5151,53994315,0.54,7346500000,73.47,0,0.0
479620,KR7479620007,SOL 미국AI반도체칩메이커,신한 SOL 미국AI반도체칩메이커증권상장지수투자신탁[주식],Shinhan SOL US AI Semiconductor Chip Makers ETF,신한자산운용,2024-04-16,Solactive US AI Semiconductor Chip Makers Index(PR),Solactive,실물(패시브),해외,주식,배당소득세(보유기간과세),0.45,50000,3500000,24275,-385,-1.56,24171.6,134693,3252596596,32.53,84962500000,849.62,0,0.0
481180,KR7481180008,SOL 미국AI소프트웨어,신한 SOL 미국AI소프트웨어증권상장지수투자신탁[주식],Shinhan SOL US AI Software ETF,신한자산운용,2024-05-14,KEDI 미국 AI 소프트웨어지수(PR),한국경제신문,실물(패시브),해외,주식,배당소득세(보유기간과세),0.45,50000,8850000,15670,25,0.16,15545.4,88941,1390107786,13.9,138414000000,1384.14,0,0.0
486450,KR7486450000,SOL 미국AI전력인프라,신한 SOL 미국AI전력인프라증권상장지수투자신탁[주식],Shinhan SOL US AI Electric Power Infrastructure ETF,신한자산운용,2024-07-16,KEDI 미국AI전력인프라 지수(PR),한국경제신문,실물(패시브),해외,주식,배당소득세(보유기간과세),0.45,50000,10900000,19100,-295,-1.52,18938.4,14616,278453407,2.78,207699500000,2076.99,0,0.0
433330,KR7433330008,SOL 미국S&P500,신한 SOL 미국S&P500 증권상장지수투자신탁[주식],Shinhan SOL S&P500 ETF,신한자산운용,2022-06-21,S&P 500,S&P,실물(패시브),해외,주식,배당소득세(보유기간과세),0.05,100000,13800000,21250,25,0.12,21153.2,60169,1276434018,12.76,293112000000,2931.12,0,0.0
399110,KR7399110006,SOL 미국S&P500ESG,신한 SOL 미국S&P500ESG증권상장지수투자신탁[주식],Shinhan SOL S&P500ESG ETF,신한자산운용,2021-09-14,S&P500 Scored&Screened(PR),S&P,실물(패시브),해외,주식,배당소득세(보유기간과세),0.15,100000,5700000,20065,-145,-0.72,20081.31,7341,147362345,1.47,114969000000,1149.69,0,0.0
0080X0,KR70080X0008,SOL 미국S&P500미국채혼합50,신한 SOL 미국S&P500미국채혼합50증권상장지수투자신탁[채권혼합],Shinhan SOL S&P500 US Treasury Bond Blended 50 ETF,신한자산운용,2025-07-15,S&P 500 and iBoxx $ Treasuries 7-10Y 5050 Blend Index(USD) PR/TR Hybrid,S&P,실물(패시브),해외,혼합자산,배당소득세(보유기간과세),0.15,100000,6900000,10540,-50,-0.47,10545.54,10611,112343775,1.12,73071000000,730.71,0,0.0
499150,KR7499150001,SOL 미국S&P500엔화노출(H),신한 SOL 미국S&P500엔화노출증권상장지수투자신탁[주식-파생형](H),Shinhan SOL US S&P500 JPY ETF(H),신한자산운용,2024-12-03,S&P500 Yen Hedged Index(PR),S&P,실물(패시브),해외,주식,배당소득세(보유기간과세),0.15,100000,500000,10840,-60,-0.55,10744.12,439,4760800,0.05,5420000000,54.2,0,0.0
447620,KR7447620006,SOL 미국TOP5채권혼합50,신한 SOL 미국TOP5채권혼합50증권상장지수투자신탁[채권혼합],Shinhan SOL US TOP5 50 Blended ETF,신한자산운용,2022-11-29,Solactive US TOP5 Balanced50 Index(PR),Solactive,실물(패시브),국내&해외,혼합자산,배당소득세(보유기간과세),0.25,100000,7800000,15540,85,0.55,15562.18,32969,512456522,5.12,121212000000,1212.12,0,0.0
476030,KR7476030002,SOL 미국나스닥100,신한 SOL 미국나스닥100증권상장지수투자신탁[주식],Shinhan SOL NASDAQ100 ETF,신한자산운용,2024-03-12,NASDAQ 100,NASDAQ,실물(패시브),해외,주식,배당소득세(보유기간과세),0.05,50000,7850000,16490,-50,-0.3,16430.46,31669,520732607,5.21,129446500000,1294.46,0,0.0
0118S0,KR70118S0001,SOL 미국넥스트테크TOP10액티브,신한 SOL 미국넥스트테크TOP10액티브증권상장지수투자신탁[주식],Shinhan SOL US Next Tech TOP10 Active ETF,신한자산운용,2025-10-28,KEDI 미국넥스트테크TOP10(PR),한국경제신문,실물(액티브),해외,주식,배당소득세(보유기간과세),0.55,50000,4650000,10275,-85,-0.82,10197.47,11033,112211100,1.12,47778750000,477.79,0,0.0
493420,KR7493420004,SOL 미국배당다우존스2호,신한 SOL 미국배당다우존스2호증권상장지수투자신탁[주식],Shinhan SOL US Dividend No.2 Equity ETF,신한자산운용,2024-10-08,Dow Jones U.S. Dividend 100 Index(TR),S&P,실물(패시브),해외,주식,배당소득세(보유기간과세),0.05,100000,2100000,12300,30,0.24,12262.5,12530,153912315,1.54,25830000000,258.3,0,0.0
446720,KR7446720005,SOL 미국배당다우존스,신한 SOL 미국배당다우존스증권상장지수투자신탁[주식],Shinhan SOL US Dividend Equity ETF,신한자산운용,2022-11-15,Dow Jones U.S. Dividend 100 Price Return Index,S&P,실물(패시브),해외,주식,배당소득세(보유기간과세),0.01,100000,76200000,13290,45,0.34,13241.8,136305,1810054904,18.1,1012317000000,10123.17,0,0.0
490490,KR7490490000,SOL 미국배당미국채혼합50,신한 SOL 미국배당미국채혼합50증권상장지수투자신탁[채권혼합],Shinhan SOL US Dividend Blended 50 ETF,신한자산운용,2024-09-24,KRX 다우존스 미국배당국채 혼합지수,KRX,실물(패시브),해외,혼합자산,배당소득세(보유기간과세),0.15,100000,43200000,10685,15,0.14,10667.03,113872,1215579584,12.16,461592000000,4615.92,0,0.0
0023A0,KR70023A0005,SOL 미국양자컴퓨팅TOP10,신한 SOL 미국양자컴퓨팅TOP10증권상장지수투자신탁[주식],Shinhan SOL US Quantum Computing TOP10 ETF,신한자산운용,2025-03-11,KEDI 미국양자컴퓨팅 TOP10(PR),한국경제신문,실물(패시브),해외,주식,배당소득세(보유기간과세),0.45,50000,17350000,22515,-245,-1.08,22370.79,164725,3691404138,36.91,390722000000,3907.22,0,0.0
0181L0,KR70181L0000,SOL 미국우주항공TOP10,신한 SOL 미국우주항공TOP10증권상장지수투자신탁[주식],Shinhan SOL US Space TOP10 ETF,신한자산운용,2026-04-21,KEDI 미국우주항공 TOP10(PR),한국경제신문,실물(패시브),해외,주식,배당소득세(보유기간과세),0.45,50000,8200000,6775,5,0.07,6731.14,36627,246674216,2.47,55514000000,555.14,0,0.0
0051G0,KR70051G0004,SOL 미국원자력SMR,신한 SOL 미국원자력SMR증권상장지수투자신탁[주식],Shinhan SOL US Nuclear Power SMR ETF,신한자산운용,2025-05-20,KEDI 미국원자력 SMR 지수(PR),한국경제신문,실물(패시브),해외,주식,배당소득세(보유기간과세),0.45,50000,12300000,12900,-280,-2.12,12712.96,140379,1800870447,18.01,158547000000,1585.47,0,0.0
481190,KR7481190007,SOL 미국테크TOP10,신한 SOL 미국테크TOP10증권상장지수투자신탁[주식],Shinhan SOL US Tech Top 10 ETF,신한자산운용,2024-05-21,Solactive US Tech TOP 10 Custom Index(PR),Solactive,실물(패시브),해외,주식,배당소득세(보유기간과세),0.05,50000,16950000,16320,40,0.25,16307.75,523540,8529604008,85.3,276708750000,2767.09,0,0.0
475300,KR7475300000,SOL 반도체전공정,신한 SOL 반도체전공정증권상장지수투자신탁[주식],Shinhan SOL Semiconductor Front-End Process ETF,신한자산운용,2024-02-14,FnGuide 반도체 전공정 지수(PR),FnGuide,실물(패시브),국내,주식,비과세,0.45,50000,12650000,22080,-1215,-5.22,22055.21,1198429,26710616811,267.11,278806000000,2788.06,0,0.0
475310,KR7475310009,SOL 반도체후공정,신한 SOL 반도체후공정증권상장지수투자신탁[주식],Shinhan SOL Semiconductor Back-End Process ETF,신한자산운용,2024-02-14,FnGuide 반도체 후공정 지수(PR),FnGuide,실물(패시브),국내,주식,비과세,0.45,50000,2750000,26760,-1345,-4.79,26767.97,183243,4909128462,49.09,73617500000,736.17,0,0.0
0152E0,KR70152E0004,SOL 배당성향탑픽액티브,신한 SOL 배당성향탑픽액티브증권상장지수투자신탁[주식],Shinhan SOL Dividend Payout Top Picks Active ETF,신한자산운용,2026-01-13,FnGuide 배당성향탑픽 지수(PR),FnGuide,실물(액티브),국내,주식,배당소득세(보유기간과세),0.3,50000,2350000,10870,65,0.6,10912.02,28169,305212635,3.05,25568000000,255.68,0,0.0
0207G0,KR70207G0007,SOL 우주항공밸류체인,신한 SOL 우주항공밸류체인증권상장지수투자신탁[주식],Shinhan SOL Space Value Chain ETF,신한자산운용,2026-06-16,Akros 우주항공밸류체인 지수(PR),Akros,실물(패시브),국내,주식,비과세,0.45,50000,6000000,6640,-90,-1.34,6659.81,294513,1944152255,19.44,39960000000,399.6,0,0.0
400580,KR7400580007,SOL 유럽탄소배출권선물S&P(H),신한 SOL 유럽탄소배출권선물S&P특별자산상장지수투자신탁[탄소배출권-파생형](H),Shinhan SOL S&P Carbon Emission(EUA)(H) ETF,신한자산운용,2021-09-30,S&P GSCI Carbon Emission Allowances(EUA)(EUR)ER,S&P,실물(패시브),해외,기타,배당소득세(보유기간과세),0.55,100000,500000,12015,-20,-0.17,12109.74,360,4354785,0.04,6010000000,60.1,0,0.0
464610,KR7464610005,SOL 의료기기소부장Fn,신한 SOL 의료기기소부장Fn증권상장지수투자신탁[주식],Shinhan SOL Medical Device Materials & Equipment ETF,신한자산운용,2023-08-22,FnGuide 의료기기소부장지수(PR),FnGuide,실물(패시브),국내,주식,비과세,0.45,50000,1550000,7025,-55,-0.78,7040.01,12644,88672490,0.89,10904250000,109.04,0,0.0
466930,KR7466930005,SOL 자동차TOP3플러스,신한 SOL 자동차TOP3플러스증권상장지수투자신탁[주식],Shinhan SOL Automobile TOP3 Plus ETF,신한자산운용,2023-10-05,FnGuide 자동차TOP3플러스지수(PR),FnGuide,실물(패시브),국내,주식,비과세,0.45,50000,8050000,24600,-265,-1.07,24637.28,68499,1675470814,16.75,198030000000,1980.3,0,0.0
464600,KR7464600006,SOL 자동차소부장Fn,신한 SOL 자동차소부장Fn증권상장지수투자신탁[주식],Shinhan SOL Automobile Materials & Equipment ETF,신한자산운용,2023-08-22,FnGuide 자동차소부장지수(PR),FnGuide,실물(패시브),국내,주식,비과세,0.45,50000,900000,22960,-85,-0.37,22859.86,3665,83423765,0.83,20547000000,205.47,0,0.0
0005D0,KR70005D0004,SOL 전고체배터리&실리콘음극재,신한 SOL 전고체배터리&실리콘음극재증권상장지수투자신탁[주식],Shinhan SOL All Solid State Battery & Silicon Anode ETF,신한자산운용,2025-01-07,FnGuide 전고체배터리&실리콘음극재 지수(PR),FnGuide,실물(패시브),국내,주식,비과세,0.45,50000,10400000,14940,-515,-3.33,14866.51,359719,5394729729,53.95,154284000000,1542.84,0,0.0
0080Y0,KR70080Y0007,SOL 조선TOP3플러스레버리지,신한 SOL 조선TOP3플러스레버리지증권상장지수투자신탁[주식-파생형],Shinhan SOL Shipbuilding TOP3 Plus leverage ETF,신한자산운용,2025-07-15,FnGuide 조선TOP3플러스지수(PR),FnGuide,실물(패시브),국내,주식,배당소득세(보유기간과세),0.5,100000,12800000,9155,305,3.45,9170.84,562307,5064563338,50.65,116672000000,1166.72,0,0.0
466920,KR7466920006,SOL 조선TOP3플러스,신한 SOL 조선TOP3플러스증권상장지수투자신탁[주식],Shinhan SOL Shipbuilding TOP3 Plus ETF,신한자산운용,2023-10-05,FnGuide 조선TOP3플러스지수(PR),FnGuide,실물(패시브),국내,주식,비과세,0.45,50000,52950000,28700,880,3.16,28566.46,1658054,47052956210,470.53,1509339750000,15093.4,0,0.0
0141S0,KR70141S0002,SOL 조선기자재,신한 SOL 조선기자재증권상장지수투자신탁[주식],Shinhan SOL Shipbuilding Equipment ETF,신한자산운용,2025-12-16,FnGuide 조선기자재 지수(PR),FnGuide,실물(패시브),국내,주식,비과세,0.45,50000,6350000,8970,190,2.16,8962.25,301513,2700916015,27.01,56927750000,569.28,0,0.0
0141T0,KR70141T0001,SOL 중기종합채권(AA-이상)액티브,신한 SOL 중기종합채권(AA-이상)액티브증권상장지수투자신탁[채권],Shinhan SOL Mid Term Total Bond Active(AA- Higher) ETF,신한자산운용,2025-12-16,"KAP K-중기종합채권지수(AA-이상,총수익)",한국자산평가(KAP),실물(액티브),국내,채권,배당소득세(보유기간과세),0.05,2000,852000,50210,-65,-0.13,50232.51,1,50210,0.0,42778920000,427.79,0,0.0
0016X0,KR70016X0007,SOL 중단기회사채(A-이상)액티브,신한 SOL 중단기회사채(A-이상)액티브증권상장지수투자신탁[채권],Shinhan SOL Mid-Short Term Credit Bond(A- or higher) Active ETF,신한자산운용,2025-02-18,KIS 중단기크레딧플러스채권(AA+~A-)지수(총수익),KIS자산평가,실물(액티브),국내,채권,배당소득세(보유기간과세),0.05,2000,8394000,51475,-45,-0.09,51495.92,172641,8886240335,88.86,432039180000,4320.39,0,0.0
220130,KR7220130009,SOL 차이나강소기업CSI500(합성 H),신한 SOL 차이나강소기업CSI500증권상장지수투자신탁(주식-파생형)(합성 H),Shinhan SOL Synth-China Mainland Small & Mid Cap CSI500 ETF(H),신한자산운용,2015-06-08,CSI 500 지수,CSI,합성(패시브),해외,주식,배당소득세(보유기간과세),0.6,100000,800000,6570,-230,-3.38,6605.14,1332,8991465,0.09,5256000000,52.56,0,0.0
0131A0,KR70131A0004,SOL 차이나소비트렌드,신한 SOL 차이나소비트렌드증권상장지수투자신탁[주식],Shinhan SOL China Consumer Trend ETF,신한자산운용,2025-11-25,SOLACTIVE-KEDI CHINA CONSUMER TREND INDEX(PR),Solactive,실물(패시브),해외,주식,배당소득세(보유기간과세),0.45,50000,550000,7265,-45,-0.62,7336.6,27884,203111915,2.03,3987500000,39.88,0,0.0
415760,KR7415760008,SOL 차이나육성산업액티브(합성),신한 SOL 차이나육성산업액티브증권상장지수투자신탁[주식혼합-파생형](합성),Shinhan SOL China Fostering Industry Active(Synthetic) ETF,신한자산운용,2022-01-13,STAR 50 Index(Price Return),CSI,합성(액티브),해외,주식,배당소득세(보유기간과세),0.55,20000,1360000,11985,-195,-1.6,12202.28,28265,339234355,3.39,16326800000,163.27,0,0.0
413220,KR7413220005,SOL 차이나태양광CSI(합성),신한 SOL 차이나태양광CSI증권상장지수투자신탁[주식혼합-파생형](합성),Shinhan SOL China Photovoltaic CSI(Synthetic) ETF,신한자산운용,2021-12-22,CSI Photovoltaic Industry Index(PR),CSI,합성(패시브),해외,주식,배당소득세(보유기간과세),0.5,100000,1200000,4215,-65,-1.52,4251.77,6193,26201170,0.26,5034000000,50.34,0,0.0
469830,KR7469830004,SOL 초단기채권액티브,신한 SOL 초단기채권액티브증권상장지수투자신탁[채권],Shinhan SOL Short Term Money Market Active ETF,신한자산운용,2023-11-07,KAP 단기자금시장지수,한국자산평가(KAP),실물(액티브),국내,채권,배당소득세(보유기간과세),0.05,2000,18566000,54440,10,0.02,54434.77,138692,7550092424,75.5,1010733040000,10107.33,0,0.0
0105E0,KR70105E0002,SOL 코리아고배당,신한 SOL 코리아고배당증권상장지수투자신탁[주식],Shinhan SOL Korea High Dividend ETF,신한자산운용,2025-09-23,FnGuide 코리아 고배당 지수(PR),FnGuide,실물(패시브),국내,주식,비과세,0.159,50000,41250000,13140,85,0.65,13157.19,334397,4377875290,43.78,542025000000,5420.25,0,0.0
444200,KR7444200000,SOL 코리아메가테크액티브,신한 SOL 코리아메가테크액티브증권상장지수투자신탁[주식],Shinhan SOL Korea Mega Tech Active ETF,신한자산운용,2022-10-18,KEDI 메가테크지수(PR),한국경제신문,실물(액티브),국내,주식,배당소득세(보유기간과세),0.55,50000,11100000,45760,-900,-1.93,45693.22,21802,987593940,9.88,506770500000,5067.7,0,0.0
495550,KR7495550006,SOL 코리아밸류업TR,신한 SOL 코리아밸류업TotalReturn증권상장지수투자신탁[주식],Shinhan SOL Korea Value-up Total Return ETF,신한자산운용,2024-11-04,코리아 밸류업 TR 지수,KRX,실물(패시브),국내,주식,배당소득세(보유기간과세),0.05,50000,5750000,33265,-435,-1.29,33196.9,16177,531653705,5.32,190497500000,1904.97,0,0.0
450910,KR7450910005,SOL 코스닥150,신한 SOL 코스닥150증권상장지수투자신탁[주식],Shinhan SOL KOSDAQ 150 ETF,신한자산운용,2023-01-31,코스닥 150,KRX,실물(패시브),국내,주식,비과세,0.15,20000,2580000,13555,-475,-3.39,13607.53,6715,90912795,0.91,34997700000,349.98,0,0.0
0192T0,KR70192T0009,SOL 코스닥TOP10,신한 SOL 코스닥TOP10증권상장지수투자신탁[주식],Shinhan SOL Kosdaq Top10 ETF,신한자산운용,2026-05-19,코스닥 TOP 10 지수,KRX,실물(패시브),국내,주식,비과세,0.15,50000,4350000,6955,-265,-3.67,6948.37,318556,2220955735,22.21,30145500000,301.45,0,0.0
0192S0,KR70192S0000,SOL 코스피200채권혼합50,신한 SOL 코스피200채권혼합50증권상장지수투자신탁[채권혼합],Shinhan SOL KOSPI200 Treasury Blended 50 ETF,신한자산운용,2026-05-19,코스피 200 KTB 혼합지수,KRX,실물(패시브),국내,혼합자산,배당소득세(보유기간과세),0.15,100000,2200000,9495,-85,-0.89,9489.2,215428,2034597430,20.35,20878000000,208.78,0,0.0
0040X0,KR70040X0007,SOL 팔란티어미국채커버드콜혼합,신한 SOL 팔란티어미국채커버드콜혼합증권상장지수투자신탁[채권혼합-파생재간접형],Shinhan SOL Palantir U.S. Treasury Covered Call Balance ETF,신한자산운용,2025-04-22,KEDI 팔란티어미국채커버드콜혼합지수(NTR),한국경제신문,실물(패시브),해외,혼합자산,배당소득세(보유기간과세),0.35,50000,18550000,8955,-50,-0.56,8944.66,65746,587815556,5.88,165744250000,1657.44,0,0.0
0040Y0,KR70040Y0006,SOL 팔란티어커버드콜OTM채권혼합,신한 SOL 팔란티어커버드콜OTM채권혼합증권상장지수투자신탁[채권혼합-파생형],Shinhan SOL Palantir Covered Call OTM Treasury Balance ETF,신한자산운용,2025-04-22,KEDI 팔란티어커버드콜OTM 채권혼합지수(NTR),한국경제신문,실물(패시브),국내&해외,혼합자산,배당소득세(보유기간과세),0.35,50000,45050000,7800,-40,-0.51,7809.79,273887,2133855041,21.34,351390000000,3513.9,0,0.0
0105D0,KR70105D0003,SOL 한국AI소프트웨어,신한 SOL 한국AI소프트웨어증권상장지수투자신탁[주식],Shinhan SOL Korea AI Software ETF,신한자산운용,2025-09-23,KEDI 한국AI소프트웨어 지수(PR),한국경제신문,실물(패시브),국내,주식,비과세,0.45,50000,1900000,9415,-135,-1.41,9382.71,24567,229067300,2.29,17831500000,178.31,0,0.0
0092B0,KR70092B0000,SOL 한국원자력SMR,신한 SOL 한국원자력SMR증권상장지수투자신탁[주식],Shinhan SOL KOREA Nuclear Power SMR ETF,신한자산운용,2025-08-19,FnGuide 한국원자력 SMR 지수(PR),FnGuide,실물(패시브),국내,주식,비과세,0.45,50000,8200000,17525,325,1.89,17543.06,337191,5871791860,58.72,143869000000,1438.69,0,0.0
429980,KR7429980006,SOL 한국형글로벌전기차&2차전지액티브,신한 SOL 한국형글로벌전기차&2차전지액티브증권상장지수투자신탁[주식],Shinhan SOL Korea-Global Electric Vehicle and Rechargeable Battery Active ETF,신한자산운용,2022-06-14,FactSet Global Electric Vehicle and Rechargeable Battery Korea-Tilted Index(PR),FACTSET,실물(액티브),국내&해외,주식,배당소득세(보유기간과세),0.55,20000,500000,16165,-455,-2.74,16482.68,179,2942375,0.03,8082500000,80.83,0,0.0
0008T0,KR70008T0003,SOL 화장품TOP3플러스,신한 SOL 화장품TOP3플러스증권상장지수투자신탁[주식],Shinhan SOL Cosmetics TOP3 Plus ETF,신한자산운용,2025-01-21,FnGuide 화장품TOP3 플러스 지수(PR),FnGuide,실물(패시브),국내,주식,비과세,0.45,50000,5900000,17525,320,1.86,17518.68,1896805,32834697043,328.35,103309000000,1033.09,0,0.0
452360,KR7452360001,SOL 미국배당다우존스(H),신한 SOL미국배당다우존스증권상장지수투자신탁[주식](H),Shinhan SOL US Dividend Equity ETF(H),신한자산운용,2023-03-21,Dow Jones U.S. Dividend 100 Price Return Index,S&P,실물(패시브),해외,주식,배당소득세(보유기간과세),0.05,100000,17300000,13300,-50,-0.37,13272.55,137908,1832603464,18.33,230263000000,2302.63,0,0.0
436140,KR7436140008,SOL 종합채권(AA-이상)액티브,신한 SOL종합채권(AA-이상)액티브증권상장지수투자신탁[채권],Shinhan SOL K-Total Bond Active(AA-Higher) ETF,신한자산운용,2022-08-09,"KAP K-종합채권지수(AA-이상, 총수익)",한국자산평가(KAP),실물(액티브),국내,채권,배당소득세(보유기간과세),0.04,1000,11892000,105540,-485,-0.46,105646.34,24634,2601086085,26.01,1255081680000,12550.82,0,0.0
462340,KR7462340001,에셋플러스 글로벌다이나믹시니어액티브,에셋플러스 에셋플러스 글로벌다이나믹시니어액티브증권상장지수투자신탁(주식),ASSETPLUS Assetplus Global Dynamic Senior Active ETF,에셋플러스자산운용,2023-07-25,S&P 500,S&P,실물(액티브),해외,주식,배당소득세(보유기간과세),0.99,20000,500000,15825,-5,-0.03,15776.82,5,79135,0.0,7912500000,79.12,0,0.0
433220,KR7433220001,에셋플러스 글로벌대장장이액티브,에셋플러스 에셋플러스 글로벌대장장이액티브증권상장지수투자신탁(주식),ASSETPLUS Assetplus Global Blacksmith Active ETF,에셋플러스자산운용,2022-06-28,S&P 500,S&P,실물(액티브),해외,주식,배당소득세(보유기간과세),0.99,20000,740000,28540,-665,-2.28,28574.21,5612,158827916,1.59,21164000000,211.64,0,0.0
451150,KR7451150007,에셋플러스 글로벌영에이지액티브,에셋플러스 에셋플러스 글로벌영에이지액티브증권상장지수투자신탁(주식),ASSETPLUS Assetplus Global Young Age Active ETF,에셋플러스자산운용,2023-01-31,S&P 500,S&P,실물(액티브),해외,주식,배당소득세(보유기간과세),0.99,20000,620000,16580,5,0.03,16563.36,14,232620,0.0,10279600000,102.8,0,0.0
477490,KR7477490007,에셋플러스 글로벌일등기업포커스10액티브,에셋플러스 에셋플러스 글로벌일등기업 포커스10액티브증권상장지수투자신탁(주식),ASSETPLUS Assetplus Global Leading Company Focus 10 Active ETF,에셋플러스자산운용,2024-03-19,MSCI World,MSCI,실물(액티브),해외,주식,배당소득세(보유기간과세),0.99,20000,900000,18205,-245,-1.33,18163.38,77,1399505,0.01,16384500000,163.84,0,0.0
407830,KR7407830009,에셋플러스 글로벌플랫폼액티브,에셋플러스 에셋플러스 글로벌플랫폼액티브증권상장지수투자신탁(주식),ASSETPLUS Assetplus Global Platform Active ETF,에셋플러스자산운용,2021-11-16,S&P 500,S&P,실물(액티브),해외,주식,배당소득세(보유기간과세),0.99,100000,2400000,13740,-135,-0.97,13747.36,1124,15467315,0.15,32904000000,329.04,0,0.0
0002C0,KR70002C0008,에셋플러스 인도일등기업포커스20액티브,에셋플러스 에셋플러스 인도일등기업포커스20액티브증권상장지수투자신탁(주식),ASSETPLUS Assetplus India Leading Company Focus 20 Active ETF,에셋플러스자산운용,2025-02-25,MSCI India IMI Index(PR),MSCI,실물(액티브),해외,주식,배당소득세(보유기간과세),0.99,20000,1080000,9990,-10,-0.1,10029.22,1886,18902490,0.19,10778400000,107.78,0,0.0
474920,KR7474920006,에셋플러스 차이나일등기업포커스10액티브,에셋플러스 에셋플러스 차이나일등기업 포커스10액티브증권상장지수투자신탁(주식),ASSETPLUS Assetplus China Leading Company Focus10 Active ETF,에셋플러스자산운용,2024-01-16,"MSCI China Index(USD, Price Return)",MSCI,실물(액티브),해외,주식,배당소득세(보유기간과세),0.99,20000,940000,17470,85,0.49,17365.43,427,7409525,0.07,16417100000,164.17,0,0.0
442090,KR7442090007,에셋플러스 코리아대장장이액티브,에셋플러스 에셋플러스 코리아대장장이액티브증권상장지수투자신탁(주식),ASSETPLUS Assetplus Korea Blacksmith Active ETF,에셋플러스자산운용,2022-09-20,FnGuide 대장장이 지수(Price Return),FnGuide,실물(액티브),국내,주식,배당소득세(보유기간과세),0.975,100000,1500000,30140,-895,-2.88,30028.24,70,2102355,0.02,45060000000,450.6,0,0.0
407820,KR7407820000,에셋플러스 코리아플랫폼액티브,에셋플러스 에셋플러스 코리아플랫폼액티브증권상장지수투자신탁(주식),ASSETPLUS Assetplus Korea Platform Active ETF,에셋플러스자산운용,2021-11-16,FnGuide 플랫폼 지수(Price Return),FnGuide,실물(액티브),국내,주식,배당소득세(보유기간과세),0.975,100000,1800000,6020,-160,-2.59,6017.03,128,767055,0.01,10836000000,108.36,0,0.0
448100,KR7448100008,WON 200,우리 WON 200증권상장지수투자신탁(주식),WOORI WON KS200 ETF,우리자산운용,2022-12-16,코스피 200,KRX,실물(패시브),국내,주식,비과세,0.05,25000,1150000,112590,-2595,-2.25,112729.07,38816,4326521335,43.27,129518750000,1295.19,0,0.0
413930,KR7413930009,WON AI ESG액티브,우리 WON AI ESG액티브증권상장지수투자신탁(주식),WOORI WON AI ESG Active ETF,우리자산운용,2022-01-05,MK-iSelect AI ESG 지수(시장가격지수),NH투자증권,실물(액티브),국내,주식,배당소득세(보유기간과세),0.31,50000,550000,28015,-255,-0.9,28061.28,4312,120739795,1.21,15408250000,154.08,0,0.0
0088N0,KR70088N0002,WON K-글로벌수급상위,우리 WON K-글로벌수급상위증권상장지수투자신탁(주식),WOORI WON K-Global Net Buying Top Picks ETF,우리자산운용,2025-08-12,DeepSearch 외인수급 Top20 지수,DeepSearch,실물(패시브),국내,주식,비과세,0.69,50000,1250000,10890,-260,-2.33,10868.71,737,8004775,0.08,13543750000,135.44,0,0.0
458030,KR7458030004,WON 국공채머니마켓액티브,우리 WON 국공채머니마켓액티브증권상장지수투자신탁(채권),WOORI WON Government and Special Bank Bond Money Market Active ETF,우리자산운용,2023-05-31,KAP 국공채 머니마켓 총수익 지수,한국자산평가(KAP),실물(액티브),국내,채권,배당소득세(보유기간과세),0.065,2000,1426000,55090,15,0.03,55080.48,323,17794005,0.18,78558340000,785.58,0,0.0
426150,KR7426150009,WON 대한민국국고채액티브,우리 WON 대한민국국고채액티브증권상장지수투자신탁(채권),WOORI WON Korea Treasury Bond Active ETF,우리자산운용,2022-05-11,KAP 한국 국고채 총수익 지수,한국자산평가(KAP),실물(액티브),국내,채권,배당소득세(보유기간과세),0.07,2000,602000,50635,-255,-0.5,50670.76,180,9108405,0.09,30482270000,304.82,0,0.0
0177A0,KR70177A0009,WON 두산그룹포커스,우리 WON 두산그룹포커스증권상장지수투자신탁(주식),WOORI WON Doosan Group Focus ETF,우리자산운용,2026-03-31,iSelect 두산그룹 포커스 지수,NH투자증권,실물(패시브),국내,주식,비과세,0.33,50000,2500000,9625,20,0.21,9607.97,45863,438132212,4.38,23975000000,239.75,0,0.0
444490,KR7444490007,WON 미국S&P500,우리 WON 미국S&P500증권상장지수투자신탁(주식),WOORI WON US S&P500 ETF,우리자산운용,2022-10-06,S&P 500,S&P,실물(패시브),해외,주식,배당소득세(보유기간과세),0.05,50000,4400000,19525,25,0.13,19455.27,17449,339830645,3.4,85954000000,859.54,0,0.0
489290,KR7489290007,WON 미국빌리어네어,우리 WON 미국빌리어네어증권상장지수투자신탁(주식),WOORI WON US Billionaire ETF,우리자산운용,2024-09-03,Bloomberg US Billionaires Investment Select Index(PR),Bloomberg,실물(패시브),해외,주식,배당소득세(보유기간과세),0.49,50000,1900000,14445,-5,-0.03,14394.48,683,9830335,0.1,27379000000,273.79,0,0.0
440910,KR7440910008,WON 미국우주항공방산,우리 WON 미국우주항공방산증권상장지수투자신탁(주식),WOORI WON US Aerospace Defense ETF,우리자산운용,2022-08-26,S&P Aerospace & Defense Select Industry Index(PR),S&P,실물(패시브),해외,주식,배당소득세(보유기간과세),0.35,50000,2250000,22485,-130,-0.57,22500.05,9488,213690570,2.14,50591250000,505.91,0,0.0
474590,KR7474590007,WON 반도체밸류체인액티브,우리 WON 반도체밸류체인액티브증권상장지수투자신탁(주식),WOORI WON Semiconductor Value Chain Active ETF,우리자산운용,2024-01-16,FnGuide 반도체 밸류체인 (Price Return) 지수,FnGuide,실물(액티브),국내,주식,배당소득세(보유기간과세),0.31,50000,7900000,44520,-1340,-2.92,44552.12,59140,2612909018,26.13,351708000000,3517.08,0,0.0
0203S0,KR70203S0007,WON 삼성전자현대차채권혼합50,우리 WON 삼성전자현대차채권혼합50증권상장지수투자신탁(채권혼합),WOORI WON Samsung Electronics Hyundai Motors Balanced ETF,우리자산운용,2026-06-02,KAP 삼성전자현대차채권혼합지수,한국자산평가(KAP),실물(패시브),국내,혼합자산,배당소득세(보유기간과세),0.18,50000,3400000,8615,-95,-1.09,8588.73,21645,185395244,1.85,29189000000,291.89,0,0.0
496020,KR7496020009,WON 전단채플러스액티브,우리 WON 전단채플러스액티브증권상장지수투자신탁(채권),WOORI WON Short Term Bond Active ETF,우리자산운용,2024-11-19,KIS 전단채플러스 TR 지수,KIS자산평가,실물(액티브),국내,채권,배당소득세(보유기간과세),0.05,2000,9254000,52525,5,0.01,52520.34,1548,81305760,0.81,486020080000,4860.2,0,0.0
488720,KR7488720004,WON 종합채권(AA-이상)액티브,우리 WON 종합채권(AA-이상)액티브증권상장지수투자신탁(채권),WOORI WON Total Bond Market(AA- or Higher) Active ETF,우리자산운용,2024-08-06,KIS 종합채권시장 총수익지수(AA-이상),KIS자산평가,실물(액티브),국내,채권,배당소득세(보유기간과세),0.045,2000,3016000,48380,-170,-0.35,48378.27,354,17118690,0.17,145914080000,1459.14,0,0.0
0203R0,KR70203R0008,WON 중단기종합채권(A-이상)액티브,우리 WON 중단기종합채권(A-이상)액티브증권상장지수투자신탁(채권),WOORI WON Korea Mid-Short Term Bond Active ETF,우리자산운용,2026-06-02,KAP 중단기 종합채권 총수익 지수(A-이상),한국자산평가(KAP),실물(액티브),국내,채권,배당소득세(보유기간과세),0.091,2000,380000,50470,-25,-0.05,50508.12,0,0,0.0,19178600000,191.79,0,0.0
0154F0,KR70154F0001,WON 초대형IB&금융지주,우리 WON 초대형IB&금융지주증권상장지수투자신탁(주식),WOORI WON Korea IB & Financial Group TOP10 ETF,우리자산운용,2026-01-20,iSelect 초대형IB&금융지주 지수,NH투자증권,실물(패시브),국내,주식,비과세,0.29,50000,2850000,12465,95,0.77,12499.44,7539,93540354,0.94,35525250000,355.25,0,0.0
0226G0,KR70226G0004,WON 피지컬AI TOP2플러스액티브,우리 WON 피지컬AI TOP2플러스액티브증권상장지수투자신탁(주식),WOORI WON Physical AI TOP2PLUS Active ETF,우리자산운용,2026-08-04,FnGuide 피지컬AI TOP2플러스 지수,FnGuide,실물(액티브),국내,주식,배당소득세(보유기간과세),0.49,50000,700000,12220,-155,-1.25,12169.16,1778,21500945,0.22,8494500000,84.94,0,0.0
480460,KR7480460005,WON 한국부동산TOP3플러스,우리 WON 한국부동산TOP3플러스부동산상장지수투자신탁(재간접형),WOORI WON Korea Real Estates Quality TOP3 Plus ETF,우리자산운용,2024-04-30,DeepSearch 한국부동산TOP3플러스 지수,DeepSearch,실물(패시브),국내,부동산,비과세(분리과세부동산ETF),0.25,50000,850000,9165,-20,-0.22,9189.32,68,622495,0.01,7790250000,77.9,0,0.0
108590,KR7108590001,TREX 200,유리 TREX200 증권상장지수투자신탁[주식],YURIE TREX 200 ETF[Equity],유리에셋,2009-01-23,코스피 200,KRX,실물(패시브),국내,주식,비과세,0.325,50000,200000,109135,-2315,-2.08,109217.08,8,866365,0.01,21832000000,218.32,0,0.0
145850,KR7145850004,TREX 펀더멘탈 200,유리 TREX펀더멘탈200 증권상장지수투자신탁[주식],Yurie TREX Fundamental 200 ETF,유리에셋,2011-09-23,FnGuide-RAFI 코리아200 지수,FnGuide,실물(패시브),국내,주식,비과세,0.34,50000,250000,119410,-1175,-0.97,118717.8,7,829245,0.01,29696250000,296.96,0,0.0
483570,KR7483570008,KCGI 미국S&P500 TOP10,케이씨지아이 KCGI 미국S&P500 TOP10 증권상장지수투자신탁[주식],KCGI KCGI US S&P500 TOP10 ETF,케이씨지아이자산운용,2024-05-28,S&P500 Top10 25% Capped Index(PR),S&P,실물(패시브),해외,주식,배당소득세(보유기간과세),0.36,50000,1600000,15355,55,0.36,15321.21,678,10396200,0.1,24552000000,245.52,0,0.0
153270,KR7153270004,KIWOOM 코스피100,키움 KIWOOM 100 증권상장지수투자신탁[주식],Kiwoom KIWOOM 100 ETF,키움투자자산운용,2012-02-28,코스피 100,KRX,실물(패시브),국내,주식,비과세,0.195,20000,360000,84230,-2190,-2.53,84552.97,1214,101884535,1.02,30322800000,303.23,0,0.0
167860,KR7167860006,KIWOOM 국고채10년레버리지,키움 KIWOOM 10년국고채레버리지증권상장지수투자신탁[채권-파생형],Kiwoom KIWOOM 10Y KTB Leverage ETF,키움투자자산운용,2012-10-30,KIS 10년 국고채 지수 (총수익),KIS자산평가,실물(패시브),국내,채권,배당소득세(보유기간과세),0.3,10000,290000,89510,-950,-1.05,89507.16,114,10175585,0.1,25957900000,259.58,0,0.0
148070,KR7148070006,KIWOOM 국고채10년,키움 KIWOOM 10년국고채증권상장지수투자신탁[채권],Kiwoom KIWOOM 10Y KTB ETF,키움투자자산운용,2011-10-20,KIS 10년 국고채 지수 (총수익),KIS자산평가,실물(패시브),국내,채권,배당소득세(보유기간과세),0.05,1000,4096000,103175,-665,-0.64,103241.33,4669,481146903,4.81,422461440000,4224.61,0,0.0
069660,KR7069660009,KIWOOM 200,키움 KIWOOM 200 상장지수증권투자신탁[주식],Kiwoom KIWOOM 200 ETF,키움투자자산운용,2002-10-14,코스피 200,KRX,실물(패시브),국내,주식,비과세,0.05,50000,7250000,109440,-2355,-2.11,109566.82,174823,18992276080,189.92,793295000000,7932.95,0,0.0
294400,KR7294400007,KIWOOM 200TR,키움 KIWOOM 200TotalReturn증권상장지수투자신탁[주식],Kiwoom KIWOOM 200 Total Return ETF,키움투자자산운용,2018-04-23,코스피 200 TR,KRX,실물(패시브),국내,주식,배당소득세(보유기간과세),0.012,50000,12800000,143780,-3135,-2.13,143953.29,123106,17577505384,175.78,1839936000000,18399.36,0,0.0
253250,KR7253250005,KIWOOM 200선물레버리지,키움 KIWOOM 200선물레버리지증권상장지수투자신탁[주식-파생형],Kiwoom KIWOOM 200 Futures Leverage ETF,키움투자자산운용,2016-09-12,코스피 200 선물지수,KRX,실물(패시브),국내,주식,배당소득세(보유기간과세),0.46,10000,290000,100430,-4670,-4.44,100595.43,7463,740318955,7.4,29085550000,290.86,0,0.0
253230,KR7253230007,KIWOOM 200선물인버스2X,키움 KIWOOM 200선물인버스2X증권상장지수투자신탁[주식-파생형],Kiwoom KIWOOM 200 Futures Inverse 2X ETF,키움투자자산운용,2016-09-22,코스피 200 선물지수,KRX,실물(패시브),국내,주식,배당소득세(보유기간과세),0.46,100000,33100000,74,3,4.23,73.99,2325223,172630727,1.73,2449400000,24.49,0,0.0
253240,KR7253240006,KIWOOM 200선물인버스,키움 KIWOOM 200선물인버스증권상장지수투자신탁[주식-파생형],Kiwoom KIWOOM 200 Futures Inverse ETF,키움투자자산운용,2016-09-12,코스피 200 선물지수,KRX,실물(패시브),국내,주식,배당소득세(보유기간과세),0.46,20000,1220000,1296,25,1.97,1298.91,33265,43373591,0.43,1579900000,15.8,0,0.0
464240,KR7464240001,KIWOOM 26-09회사채(AA-이상)액티브,키움 KIWOOM 26-09회사채(AA-이상)액티브증권상장지수투자신탁[채권],Kiwoom KIWOOM 26-09 TERM CORPORATE BOND ACTIVE ETF,키움투자자산운용,2023-08-17,KIS 2609 만기형 크레딧 종합채권 지수(AA-이상)(총수익지수),KIS자산평가,실물(액티브),국내,채권,배당소득세(보유기간과세),0.07,10000,2930000,51995,-10,-0.02,52022.95,75698,3936357230,39.36,152345350000,1523.45,0,0.0
458210,KR7458210002,KIWOOM CD금리액티브(합성),키움 KIWOOM CD금리액티브특별자산상장지수투자신탁[금리-파생형](합성),Kiwoom KIWOOM CD Active ETF(Synth),키움투자자산운용,2023-05-23,FnGuide CD91일 금리투자 지수(총수익),FnGuide,합성(액티브),국내,기타,배당소득세(보유기간과세),0.03,1000,1343000,110700,10,0.01,110669.89,231,25571945,0.26,148670100000,1486.7,0,0.0
488200,KR7488200007,KIWOOM K-2차전지북미공급망,키움 KIWOOM K-2차전지북미공급망증권상장지수투자신탁[주식],Kiwoom KIWOOM K-Battery North America Supply Chain ETF,키움투자자산운용,2024-07-23,Solactive K-Battery North America Supply Chain 지수,Solactive,실물(패시브),국내,주식,비과세,0.49,50000,350000,12935,-420,-3.14,13003.82,1146,14857110,0.15,4543000000,45.43,0,0.0
488210,KR7488210006,KIWOOM K-반도체북미공급망,키움 KIWOOM K-반도체북미공급망증권상장지수투자신탁[주식],Kiwoom KIWOOM K-Semiconductor North America Supply Chain ETF,키움투자자산운용,2024-07-23,Solactive K-Semiconductor North America Supply Chain 지수,Solactive,실물(패시브),국내,주식,비과세,0.49,50000,100000,24455,-445,-1.79,24506.74,6661,162991447,1.63,2445500000,24.45,0,0.0
100910,KR7100910009,KIWOOM KRX100,키움 KIWOOM KRX100 상장지수증권투자신탁[주식],Kiwoom KIWOOM KRX100 ETF,키움투자자산운용,2008-01-23,KRX 100,KRX,실물(패시브),국내,주식,비과세,0.23,300000,3900000,17360,-320,-1.81,17298.82,11569,199173865,1.99,67489500000,674.89,0,0.0
200250,KR7200250009,KIWOOM 인도Nifty50(합성),키움 KIWOOM NIFTY50인디아증권상장지수투자신탁[주식-파생형](합성),Kiwoom KIWOOM SYNTH-INDIA ETF,키움투자자산운용,2014-06-26,Nifty 50 Index,NSE(NSE Indices Limited),합성(패시브),해외,주식,배당소득세(보유기간과세),0.29,50000,7900000,20240,-55,-0.27,20269.31,27385,553701340,5.54,159935500000,1599.36,0,0.0
0194R0,KR70194R0009,KIWOOM SK하이닉스선물단일종목레버리지,키움 KIWOOM SK하이닉스선물단일종목레버리지증권상장지수투자신탁[주식-파생형],Kiwoom KIWOOM F-SK Hynix Single Stock Leverage,키움투자자산운용,2026-05-27,KRX SK하이닉스 선물 지수,KRX,실물(패시브),국내,주식,배당소득세(보유기간과세),0.25,25000,1475000,9470,-445,-4.49,9475.54,16109,147519995,1.48,13953500000,139.53,0,0.0
0084E0,KR70084E0007,KIWOOM 미국대형주500월간목표헤지액티브,키움 KIWOOM US대형500월간목표헤지액티브증권상장지수투자신탁[혼합-파생재간접형],Kiwoom KIWOOM US LargeCap500 Monthly Target Protective Active ETF,키움투자자산운용,2025-10-21,Akros 미국대형주500 월간방어적배분 지수(TR),Akros,실물(액티브),해외,혼합자산,배당소득세(보유기간과세),0.49,50000,1400000,9895,45,0.46,9873.82,4,39610,0.0,13853000000,138.53,0,0.0
0084D0,KR70084D0008,KIWOOM 미국테크100월간목표헤지액티브,키움 KIWOOM US테크100월간목표헤지액티브증권상장지수투자신탁[혼합-파생재간접형],Kiwoom KIWOOM US Tech100 Monthly Target Protective Active ETF,키움투자자산운용,2025-07-22,Akros 미국테크100 월간방어적배분 지수(TR),Akros,실물(액티브),해외,혼합자산,배당소득세(보유기간과세),0.49,50000,800000,10965,10,0.09,10955.79,113,1239035,0.01,8772000000,87.72,0,0.0
114470,KR7114470008,KIWOOM 국고채3년,키움 KIWOOM 국고채 상장지수증권투자신탁[채권],Kiwoom KIWOOM KTB ETF[Fixed Income],키움투자자산운용,2009-07-31,KTB INDEX(시장가격),KRX,실물(패시브),국내,채권,배당소득세(보유기간과세),0.05,10000,480000,107160,-195,-0.18,107153.53,3242,347259430,3.47,51436800000,514.37,0,0.0
471460,KR7471460006,KIWOOM 국고채30년액티브,키움 KIWOOM 국고채30년액티브증권상장지수투자신탁[채권],Kiwoom KIWOOM 30-Year Treasury Bond Active ETF,키움투자자산운용,2023-11-07,KIS-키움 국고채30년 지수(총수익지수),KIS자산평가,실물(액티브),국내,채권,배당소득세(보유기간과세),0.035,20000,460000,44475,-475,-1.06,44409.49,728,32229500,0.32,20417100000,204.17,0,0.0
473490,KR7473490001,KIWOOM 글로벌AI반도체,키움 KIWOOM 글로벌AI반도체증권상장지수투자신탁[주식],Kiwoom KIWOOM Global AI Semiconductor ETF,키움투자자산운용,2023-12-21,Solactive Global AI Semiconductor Index (Price Return),Solactive,실물(패시브),국내&해외,주식,배당소득세(보유기간과세),0.4,50000,1500000,29265,-405,-1.37,29252.14,1111,32460516,0.32,43890000000,438.9,0,0.0
489860,KR7489860007,KIWOOM 글로벌전력GRID인프라,키움 KIWOOM 글로벌전력GRID인프라증권상장지수투자신탁[주식],Kiwoom KIWOOM Global Electricity Grid Infrastructure ETF,키움투자자산운용,2024-08-27,NASDAQ OMX Clean Edge Smart Grid Infrastructure Index,NASDAQ,실물(패시브),국내&해외,주식,배당소득세(보유기간과세),0.49,50000,850000,14355,-140,-0.97,14415.27,2086,30024720,0.3,12201750000,122.02,0,0.0
130730,KR7130730005,KIWOOM 단기자금,키움 KIWOOM 단기자금증권상장지수투자신탁[채권],Kiwoom KIWOOM Enhanced Cash ETF[Fixed Income],키움투자자산운용,2010-07-29,MK 머니마켓 지수(총수익),KIS자산평가,실물(패시브),국내,채권,배당소득세(보유기간과세),0.05,1000,660000,103095,0,0.0,103092.64,2895,298460350,2.98,68042700000,680.43,0,0.0
419890,KR7419890009,KIWOOM 단기채권ESG액티브,키움 KIWOOM 단기채권ESG액티브증권상장지수투자신탁[채권],Kiwoom KIWOOM Short-Term Bond ESG Active ETF,키움투자자산운용,2022-03-03,KIS ESG 9M~1.5Y,KIS자산평가,실물(액티브),국내,채권,배당소득세(보유기간과세),0.15,10000,580000,107570,-40,-0.04,107560.85,2473,266112470,2.66,62390600000,623.91,0,0.0
411860,KR7411860000,KIWOOM 독일DAX,키움 KIWOOM 독일DAX증권상장지수투자신탁[주식],Kiwoom KIWOOM Germany DAX ETF,키움투자자산운용,2021-12-22,DAX Index(PR),Qontigo,실물(패시브),해외,주식,배당소득세(보유기간과세),0.25,50000,300000,16220,-55,-0.34,16232.5,274,4447640,0.04,4867500000,48.67,0,0.0
476450,KR7476450002,KIWOOM 머니마켓액티브,키움 KIWOOM 머니마켓액티브증권상장지수투자신탁[채권],Kiwoom KIWOOM Money Market Active ETF,키움투자자산운용,2024-02-29,KIS-키움 MMF지수(총수익지수),KIS자산평가,실물(액티브),국내,채권,배당소득세(보유기간과세),0.05,2000,2536000,52820,0,0.0,52829.23,353,18645460,0.19,133951520000,1339.52,0,0.0
430500,KR7430500009,KIWOOM 물가채KIS,키움 KIWOOM 물가채KIS증권상장지수투자신탁[채권],Kiwoom KIWOOM TIPS KIS ETF,키움투자자산운용,2022-05-31,KIS TIPS 지수(총수익),KIS자산평가,실물(패시브),국내,채권,배당소득세(보유기간과세),0.15,10000,100000,112020,-340,-0.3,111957.7,73,8171500,0.08,11202000000,112.02,0,0.0
0190M0,KR70190M0008,KIWOOM 미국AI테크하이베타,키움 KIWOOM 미국AI테크하이베타증권상장지수투자신탁[주식],Kiwoom KIWOOM US AI Tech High Beta ETF,키움투자자산운용,2026-05-12,Akros 미국AI&프론티어테크 하이베타 지수,Akros,실물(패시브),해외,주식,배당소득세(보유기간과세),0.49,50000,2450000,8000,-150,-1.84,7945.24,12678,100768735,1.01,19624500000,196.25,0,0.0
0224D0,KR70224D0009,KIWOOM 미국CPU반도체TOP4+,키움 KIWOOM 미국CPU반도체TOP4+증권상장지수투자신탁[주식],Kiwoom KIWOOM US CPU Semiconductor TOP4 Plus ETF,키움투자자산운용,2026-07-28,iSelect 미국CPU반도체TOP4 지수,NH투자증권,실물(패시브),해외,주식,배당소득세(보유기간과세),0.49,50000,1000000,9490,-120,-1.25,9460.87,6245,58543080,0.59,9475000000,94.75,0,0.0
0127V0,KR70127V0005,KIWOOM 미국S&P500 TOP10&배당다우비중전환,키움 KIWOOM 미국S&P500 TOP10&배당다우존스비중전환증권상장지수투자신탁[주식],Kiwoom KIWOOM US S&P 500 TOP 10 to Dow Jones Dividend 100 2040 ETF,키움투자자산운용,2025-11-11,S&P500 TOP10 생애배당다우존스 2040 지수,S&P,실물(패시브),해외,주식,배당소득세(보유기간과세),0.19,50000,1250000,10415,50,0.48,10395.45,1141,11855740,0.12,13018750000,130.19,0,0.0
0137W0,KR70137W0002,KIWOOM 미국S&P500&GOLD,키움 KIWOOM 미국S&P500&GOLD증권상장지수투자신탁[주식],Kiwoom KIWOOM US S&P 500 & GOLD ETF,키움투자자산운용,2025-12-09,S&P500 & S&P GSCI 금현물 90/10 혼합지수,S&P,실물(패시브),해외,주식,배당소득세(보유기간과세),0.01,50000,2600000,10040,20,0.2,10019.36,14506,145416846,1.45,26065000000,260.65,0,0.0
0127T0,KR70127T0009,KIWOOM 미국S&P500&배당다우존스비중전환,키움 KIWOOM 미국S&P500&배당다우존스비중전환증권상장지수투자신탁[주식],Kiwoom KIWOOM US S&P 500 to Dow Jones Dividend 100 2040 ETF,키움투자자산운용,2025-11-11,S&P500 생애배당다우존스 2040 지수,S&P,실물(패시브),해외,주식,배당소득세(보유기간과세),0.09,50000,1200000,10710,40,0.37,10667.17,1458,15591770,0.16,12822000000,128.22,0,0.0
0137V0,KR70137V0003,KIWOOM 미국S&P500모멘텀,키움 KIWOOM 미국S&P500모멘텀증권상장지수투자신탁[주식],Kiwoom KIWOOM US S&P 500 Momentum ETF,키움투자자산운용,2025-12-09,S&P500 모멘텀 지수,S&P,실물(패시브),해외,주식,배당소득세(보유기간과세),0.12,50000,8900000,11160,-95,-0.84,11085.09,44176,490925993,4.91,99146000000,991.46,0,0.0
449770,KR7449770007,KIWOOM 미국S&P500,키움 KIWOOM 미국S&P500증권상장지수투자신탁[주식],Kiwoom KIWOOM S&P500 ETF,키움투자자산운용,2022-12-20,S&P 500,S&P,실물(패시브),해외,주식,배당소득세(보유기간과세),0.021,100000,4400000,20350,15,0.07,20280.57,3451,70190395,0.7,89628000000,896.28,0,0.0
449780,KR7449780006,KIWOOM 미국S&P500(H),키움 KIWOOM 미국S&P500증권상장지수투자신탁[주식](H),Kiwoom KIWOOM S&P500 ETF(H),키움투자자산운용,2022-12-20,S&P 500,S&P,실물(패시브),해외,주식,배당소득세(보유기간과세),0.04,100000,1800000,18470,-90,-0.48,18385.17,6024,110968220,1.11,33237000000,332.37,0,0.0
0107F0,KR70107F0009,KIWOOM 미국고배당&AI테크,키움 KIWOOM 미국고배당&AI테크증권상장지수투자신탁[주식],Kiwoom KIWOOM US High Dividend & AI Tech ETF,키움투자자산운용,2025-09-23,Akros 미국AI테크TOP10&미국고배당3070 지수,Akros,실물(패시브),해외,주식,배당소득세(보유기간과세),0.45,50000,2550000,10995,60,0.55,11004.68,12552,137561965,1.38,27897000000,278.97,0,0.0
453080,KR7453080004,KIWOOM 미국나스닥100(H),키움 KIWOOM 미국나스닥100증권상장지수투자신탁[주식](H),Kiwoom KIWOOM NASDAQ100 ETF(H),키움투자자산운용,2023-03-14,NASDAQ 100,NASDAQ,실물(패시브),해외,주식,배당소득세(보유기간과세),0.04,100000,3900000,22615,-205,-0.9,22534.93,2762,62294325,0.62,87886500000,878.87,0,0.0
460270,KR7460270002,KIWOOM 미국달러SOFR금리액티브(합성),키움 KIWOOM 미국달러SOFR금리액티브특별자산상장지수투자신탁[금리-파생형](합성),Kiwoom KIWOOM US Dollar SOFR Active ETF(Synth),키움투자자산운용,2023-06-20,Solactive SOFR Daily Total Return Index,Solactive,합성(액티브),해외,기타,배당소득세(보유기간과세),0.05,10000,810000,12280,75,0.61,12279.05,598,7349875,0.07,9946800000,99.47,0,0.0
230480,KR7230480006,KIWOOM 미국달러선물인버스2X,키움 KIWOOM 미국달러선물 인버스2X 특별자산상장지수투자신탁[미국달러-파생형],Kiwoom KIWOOM USD Futures Inverse 2X ETF,키움투자자산운용,2015-11-16,미국달러선물지수,KRX,실물(패시브),국내,통화,배당소득세(보유기간과세),0.64,10000,2010000,4880,-55,-1.11,4885.14,6190,30197980,0.3,9808800000,98.09,0,0.0
225800,KR7225800002,KIWOOM 미국달러선물레버리지,키움 KIWOOM 미국달러선물레버리지특별자산상장지수투자신탁[미국달러-파생형],Kiwoom KIWOOM USD Futures Leverage ETF,키움투자자산운용,2015-08-10,미국달러선물지수,KRX,실물(패시브),국내,통화,배당소득세(보유기간과세),0.64,10000,510000,14270,175,1.24,14295.83,1153,16458860,0.16,7277700000,72.78,0,0.0
139660,KR7139660005,KIWOOM 미국달러선물인버스,키움 KIWOOM 미국달러선물인버스특별자산상장지수투자신탁[미국달러-파생형],Kiwoom KIWOOM USD Inverse Futures ETF,키움투자자산운용,2011-04-01,미국달러선물지수,KRX,실물(패시브),국내,통화,배당소득세(보유기간과세),0.49,10000,870000,8615,-65,-0.75,8615.81,3029,26060415,0.26,7495050000,74.95,0,0.0
138230,KR7138230008,KIWOOM 미국달러선물,키움 KIWOOM 미국달러선물특별자산상장지수투자신탁[미국달러-파생형],Kiwoom KIWOOM USD Futures ETF,키움투자자산운용,2011-02-24,미국달러선물지수,KRX,실물(패시브),국내,통화,배당소득세(보유기간과세),0.37,10000,1450000,15765,90,0.57,15792.99,2184,34503300,0.35,22866500000,228.66,0,0.0
373790,KR7373790005,KIWOOM 미국방어배당성장나스닥,키움 KIWOOM 미국방어배당성장나스닥증권상장지수투자신탁[주식],Kiwoom KIWOOM US Low Volatility Dividend Achievers ETF,키움투자자산운용,2020-12-24,Nasdaq US Low Volatility Dividend Achievers Index,NASDAQ,실물(패시브),해외,주식,배당소득세(보유기간과세),0.4,20000,280000,15055,25,0.17,14988.03,175,2625040,0.03,4184600000,41.85,0,0.0
483030,KR7483030003,KIWOOM 미국블록버스터바이오테크의약품+,키움 KIWOOM 미국블록버스터바이오테크의약품+증권상장지수투자신탁[주식],Kiwoom KIWOOM US Blockbuster Biotech Drugs Plus ETF,키움투자자산운용,2024-05-28,Solactive Blockbuster Biotech Drugs Index(PR),Solactive,실물(패시브),해외,주식,배당소득세(보유기간과세),0.49,50000,450000,11220,-20,-0.18,11297.52,1533,17217835,0.17,5046750000,50.47,0,0.0
459790,KR7459790002,KIWOOM 미국성장기업30액티브,키움 KIWOOM 미국성장기업30액티브증권상장지수투자신탁[주식],Kiwoom KIWOOM US Growth 30 Active ETF,키움투자자산운용,2023-06-27,MSCI USA Index(Price Return),MSCI,실물(액티브),해외,주식,배당소득세(보유기간과세),0.76,50000,1450000,19490,-385,-1.94,19590.28,157,3063170,0.03,28260500000,282.61,0,0.0
0174R0,KR70174R0003,KIWOOM 미국성장다우존스,키움 KIWOOM 미국성장다우존스증권상장지수투자신탁[주식],Kiwoom KIWOOM US Growth Dow Jones ETF,키움투자자산운용,2026-03-31,미국성장다우존스 지수,S&P,실물(패시브),해외,주식,배당소득세(보유기간과세),0.03,50000,850000,10865,-10,-0.09,10883.08,15282,165561400,1.66,9235250000,92.35,0,0.0
498270,KR7498270008,KIWOOM 미국양자컴퓨팅,키움 KIWOOM 미국양자컴퓨팅증권상장지수투자신탁[주식],Kiwoom KIWOOM US Quantum Computing ETF,키움투자자산운용,2024-12-17,Solactive U.S. Quantum Computing Index(PR),Solactive,실물(패시브),해외,주식,배당소득세(보유기간과세),0.49,50000,15000000,13750,-105,-0.76,13712.05,28602,392272608,3.92,206100000000,2061.0,0,0.0
0207Z0,KR70207Z0004,KIWOOM 미국우주데이터센터인프라,키움 KIWOOM 미국우주데이터센터인프라증권상장지수투자신탁[주식],Kiwoom KIWOOM US Space Data Center Infrastructure ETF,키움투자자산운용,2026-06-16,iSelect 미국 우주데이터센터인프라 지수,NH투자증권,실물(패시브),해외,주식,배당소득세(보유기간과세),0.49,50000,2150000,6760,-20,-0.29,6744.09,5268,35381265,0.35,14534000000,145.34,0,0.0
0216K0,KR70216K0000,KIWOOM 미국우주테크TOP2채권혼합50,키움 KIWOOM 미국우주테크TOP2채권혼합50증권상장지수투자신탁[채권혼합],Kiwoom KIWOOM US Space Tech Top2 Treasury Balanced Bond ETF,키움투자자산운용,2026-07-07,Akros 미국 우주 Top 2 채권혼합 지수,Akros,실물(패시브),국내&해외,혼합자산,배당소득세(보유기간과세),0.21,100000,1000000,8475,5,0.06,8478.38,8736,73784090,0.74,8475000000,84.75,0,0.0
474800,KR7474800000,KIWOOM 미국원유에너지기업,키움 KIWOOM 미국원유에너지기업증권상장지수투자신탁[주식],Kiwoom KIWOOM US Oil&Energy ETF,키움투자자산운용,2024-01-16,MSCI US IMI Energy 25/50 Index(Price Return),MSCI,실물(패시브),해외,주식,배당소득세(보유기간과세),0.29,50000,2100000,15950,50,0.31,15897.6,55298,887851181,8.88,33484500000,334.85,0,0.0
104520,KR7104520002,KIWOOM 블루칩,키움 KIWOOM 블루칩 상장지수증권투자신탁[주식],Kiwoom KIWOOM BLUECHIP ETF,키움투자자산운용,2008-07-29,MKF 블루칩,FnGuide,실물(패시브),국내,주식,비과세,0.4,100000,1000000,14910,-55,-0.37,14894.33,238,3533295,0.04,14855000000,148.55,0,0.0
0234N0,KR70234N0005,KIWOOM 삼성SK그룹TOP4+,키움 KIWOOM 삼성SK그룹TOP4+증권상장지수투자신탁[주식],Kiwoom KIWOOM Samsung SK Group TOP4 Plus ETF,키움투자자산운용,2026-09-01,Akros 삼성SK그룹 TOP4+ 지수,Akros,실물(패시브),국내,주식,비과세,0.45,50000,3400000,10255,-275,-2.61,10258.94,185602,1885702187,18.86,34799000000,347.99,0,0.0
0183V0,KR70183V0006,KIWOOM 삼성전자&SK하이닉스채권혼합50,키움 KIWOOM 삼성전자&SK하이닉스채권혼합50증권상장지수투자신탁[채권혼합],Kiwoom KIWOOM Samsung Electronics & SK Hynix Balanced Bond ETF,키움투자자산운용,2026-04-21,FnGuide 삼성전자 & SK하이닉스 채권혼합 지수,FnGuide,실물(패시브),국내,혼합자산,배당소득세(보유기간과세),0.07,100000,21500000,11990,-140,-1.15,11944.78,905100,10758605167,107.59,256710000000,2567.1,0,0.0
0194N0,KR70194N0003,KIWOOM 삼성전자선물단일종목레버리지,키움 KIWOOM 삼성전자선물단일종목레버리지증권상장지수투자신탁[주식-파생형],Kiwoom KIWOOM F-Samsung Electronics Single Stock Leverage,키움투자자산운용,2026-05-27,KRX 삼성전자 선물 지수,KRX,실물(패시브),국내,주식,배당소득세(보유기간과세),0.25,25000,775000,10775,-690,-6.02,10747.44,15878,169426855,1.69,8292500000,82.92,0,0.0
0015E0,KR70015E0001,KIWOOM 엔비디아미국30년국채혼합액티브(H),키움 KIWOOM 엔비디아미국30년국채혼합액티브증권상장지수투자신탁[채권혼합](H),Kiwoom KIWOOM Blended NVIDIA Equity and US 30YR T-bond Active ETF(H),키움투자자산운용,2025-02-11,Bloomberg Blended NVIDIA and US Long Treasury Bond Index,Bloomberg,실물(액티브),해외,혼합자산,배당소득세(보유기간과세),0.19,100000,500000,10375,-115,-1.1,10393.81,2805,29011985,0.29,5187500000,51.88,0,0.0
483020,KR7483020004,KIWOOM 의료AI,키움 KIWOOM 의료AI증권상장지수투자신탁[주식],Kiwoom KIWOOM AI Medical Technology ETF,키움투자자산운용,2024-05-28,FnGuide 의료AI 지수,FnGuide,실물(패시브),국내,주식,비과세,0.49,50000,650000,8870,-95,-1.06,8884.94,1391,12271492,0.12,5762250000,57.62,0,0.0
435530,KR7435530001,KIWOOM TDF2030액티브 적격,키움 KIWOOM 적격TDF2030액티브증권상장지수투자신탁[주식혼합-재간접형],Kiwoom KIWOOM TDF 2030 Active Qualifying ETF,키움투자자산운용,2022-06-30,Dow Jones Target 2030 Index (Total Return),S&P,실물(액티브),국내&해외,혼합자산,배당소득세(보유기간과세),0.3,50000,500000,14840,-70,-0.47,14864.49,551,8181800,0.08,7420000000,74.2,0,0.0
435540,KR7435540000,KIWOOM TDF2040액티브 적격,키움 KIWOOM 적격TDF2040액티브증권상장지수투자신탁[주식혼합-재간접형],Kiwoom KIWOOM TDF 2040 Active Qualifying ETF,키움투자자산운용,2022-06-30,Dow Jones Target 2040 Index (Total Return),S&P,실물(액티브),국내&해외,혼합자산,배당소득세(보유기간과세),0.34,50000,500000,16745,-30,-0.18,16720.0,85,1424530,0.01,8372500000,83.72,0,0.0
435550,KR7435550009,KIWOOM TDF2050액티브 적격,키움 KIWOOM 적격TDF2050액티브증권상장지수투자신탁[주식혼합-재간접형],Kiwoom KIWOOM TDF 2050 Active Qualifying ETF,키움투자자산운용,2022-06-30,Dow Jones Target 2050 Index (Total Return),S&P,실물(액티브),국내&해외,혼합자산,배당소득세(보유기간과세),0.38,50000,700000,17245,-30,-0.17,17186.84,2772,47793205,0.48,12071500000,120.72,0,0.0
454780,KR7454780008,KIWOOM 종합채권(AA-이상)액티브,키움 KIWOOM 종합채권(AA-이상)액티브증권상장지수투자신탁[채권],Kiwoom KIWOOM Total Market Bond(AA- or higher) Active ETF,키움투자자산운용,2023-04-11,KIS 종합 채권시장지수(AA-이상)(총수익지수),KIS자산평가,실물(액티브),국내,채권,배당소득세(보유기간과세),0.025,1000,2915000,99100,-290,-0.29,99069.38,634,62785955,0.63,288876500000,2888.76,0,0.0
454180,KR7454180001,KIWOOM 차이나내수소비TOP CSI,키움 KIWOOM 차이나내수소비TOPCSI증권상장지수투자신탁[주식-파생형],Kiwoom KIWOOM China Domestic Consumer TOP CSI ETF,키움투자자산운용,2023-04-04,CSI SH-HK-SZ Consumer Top Index,CSI,실물(패시브),해외,주식,배당소득세(보유기간과세),0.42,50000,400000,7190,-10,-0.14,7267.52,33,237250,0.0,2876000000,28.76,0,0.0
104530,KR7104530001,KIWOOM 코리아고배당,키움 KIWOOM 코리아고배당증권상장지수투자신탁[주식],Kiwoom KIWOOM Korea High Dividend ETF,키움투자자산운용,2008-07-29,MKF 웰스 고배당20,FnGuide,실물(패시브),국내,주식,비과세,0.19,50000,2050000,17610,-85,-0.48,17704.13,17690,312816620,3.13,36213250000,362.13,0,0.0
496090,KR7496090002,KIWOOM 코리아밸류업,키움 KIWOOM 코리아밸류업증권상장지수투자신탁[주식],Kiwoom KIWOOM Korea Value-up ETF,키움투자자산운용,2024-11-04,코리아 밸류업 지수,KRX,실물(패시브),국내,주식,비과세,0.009,50000,3300000,32450,-215,-0.66,32438.29,84,2713615,0.03,107085000000,1070.85,0,0.0
469790,KR7469790000,KIWOOM 코리아테크TOP10,키움 KIWOOM 코리아테크TOP10증권상장지수투자신탁[주식],Kiwoom KIWOOM Korea Tech TOP10 ETF,키움투자자산운용,2023-10-31,Solactive K-TechTOP10 Index(PR),Solactive,실물(패시브),국내,주식,비과세,0.39,100000,700000,43220,-575,-1.31,43010.96,753,32164990,0.32,30121000000,301.21,0,0.0
291630,KR7291630002,KIWOOM 코스닥150선물레버리지,키움 KIWOOM 코스닥150선물레버리지증권상장지수투자신탁[주식-파생형],Kiwoom KIWOOM KOSDAQ 150 Futures Leverage ETF,키움투자자산운용,2018-03-16,F-코스닥150 지수,KRX,실물(패시브),국내,주식,배당소득세(보유기간과세),0.09,10000,1450000,3410,-235,-6.45,3394.75,53716,182751745,1.83,4937250000,49.37,0,0.0
291620,KR7291620003,KIWOOM 코스닥150선물인버스,키움 KIWOOM 코스닥150선물인버스증권상장지수투자신탁[주식-파생형],Kiwoom KIWOOM KOSDAQ 150 Futures Inverse ETF,키움투자자산운용,2018-03-16,F-코스닥150 지수,KRX,실물(패시브),국내,주식,배당소득세(보유기간과세),0.09,10000,570000,4355,155,3.69,4354.44,23741,103275620,1.03,2476650000,24.77,0,0.0
316670,KR7316670009,KIWOOM 코스닥150,키움 KIWOOM 코스닥150증권상장지수투자신탁[주식],Kiwoom KIWOOM KOSDAQ150 ETF,키움투자자산운용,2019-01-22,코스닥 150,KRX,실물(패시브),국내,주식,비과세,0.15,20000,6760000,6940,-210,-2.94,6943.96,51430,356536670,3.57,46880600000,468.81,0,0.0
0198A0,KR70198A0004,KIWOOM 코스닥150커버드콜액티브,키움 KIWOOM 코스닥150커버드콜액티브증권상장지수투자신탁[주식-파생형],Kiwoom KIWOOM KOSDAQ 150 Covered Call Active ETF,키움투자자산운용,2026-06-30,코스닥 150 위클리 고정 30% 커버드콜 지수,KRX,실물(액티브),국내,주식,배당소득세(보유기간과세),0.63,50000,8600000,8575,-215,-2.45,8582.94,584134,5018635456,50.19,73702000000,737.02,0,0.0
122260,KR7122260003,KIWOOM 통안채1년,키움 KIWOOM 통안채 상장지수증권투자신탁[채권],Kiwoom KIWOOM MSB ETF[Fixed Income],키움투자자산운용,2010-01-14,MK 통안채지수(총수익),KIS자산평가,실물(패시브),국내,채권,배당소득세(보유기간과세),0.05,10000,310000,104235,-15,-0.01,104234.12,4079,425174630,4.25,32312850000,323.13,0,0.0
0015F0,KR70015F0000,KIWOOM 팔란티어미국30년국채혼합액티브(H),키움 KIWOOM 팔란티어미국30년국채혼합액티브증권상장지수투자신탁[채권혼합](H),Kiwoom KIWOOM Blended PALANTIR Equity and US 30YR T-bond Active ETF(H),키움투자자산운용,2025-02-11,Bloomberg Blended PALANTIR and US Long Treasury Bond Index,Bloomberg,실물(액티브),해외,혼합자산,배당소득세(보유기간과세),0.19,100000,1200000,10240,-170,-1.63,10273.39,5388,55123457,0.55,12288000000,122.88,0,0.0
0097L0,KR70097L0003,KIWOOM 한국고배당&미국AI테크,키움 KIWOOM 한국고배당&미국AI테크증권상장지수투자신탁[주식],Kiwoom KIWOOM Korea High Dividend & US AI Tech ETF,키움투자자산운용,2025-09-02,Akros 미국AI테크TOP10&한국고배당3070 지수,Akros,실물(패시브),국내&해외,주식,배당소득세(보유기간과세),0.45,50000,2000000,12485,5,0.04,12525.01,4457,55540155,0.56,24970000000,249.7,0,0.0
0220A0,KR70220A0006,KIWOOM 현대차그룹TOP3채권혼합50,키움 KIWOOM 현대차그룹TOP3채권혼합50증권상장지수투자신탁[채권혼합],Kiwoom KIWOOM Hyundai Motor Group Top3 Balanced Bond ETF,키움투자자산운용,2026-07-14,FnGuide 현대차그룹TOP3 채권혼합 지수,FnGuide,실물(패시브),국내,혼합자산,배당소득세(보유기간과세),0.15,100000,1500000,9170,-50,-0.54,9172.08,15604,142428325,1.42,13755000000,137.55,0,0.0
441800,KR7441800000,TIME Korea플러스배당액티브,타임폴리오 TIME Korea플러스배당액티브증권상장지수투자신탁[주식],TIMEFOLIO TIME KOREA PLUS DIVIDEND ACTIVE ETF,타임폴리오자산운용,2022-09-27,코스피 200,KRX,실물(액티브),국내,주식,배당소득세(보유기간과세),0.8,20000,27400000,29150,-275,-0.93,29162.09,137958,3988801471,39.89,797614000000,7976.14,0,0.0
463050,KR7463050005,TIME K바이오액티브,타임폴리오 TIME K바이오액티브증권상장지수투자신탁[주식],TIMEFOLIO TIME KBIO ACTIVE ETF,타임폴리오자산운용,2023-08-17,KRX 헬스케어,KRX,실물(액티브),국내,주식,배당소득세(보유기간과세),0.8,50000,16650000,11585,-245,-2.07,11669.06,146508,1691775741,16.92,193639500000,1936.39,0,0.0
404120,KR7404120008,TIME K신재생에너지액티브,타임폴리오 TIME K신재생에너지액티브증권상장지수투자신탁(주식),TIMEFOLIO TIME K-RENEWABLE ENERGY ACTIVE ETF,타임폴리오자산운용,2021-10-29,KRX 기후변화 솔루션지수,KRX,실물(액티브),국내,주식,배당소득세(보유기간과세),0.8,100000,800000,25015,-545,-2.13,25171.77,1782,44712596,0.45,20136000000,201.36,0,0.0
385710,KR7385710009,TIME K이노베이션액티브,타임폴리오 TIME K이노베이션액티브증권상장지수투자신탁[주식],TIMEFOLIO TIME K-Innovation Active ETF,타임폴리오자산운용,2021-05-25,KRX BBIG 지수,KRX,실물(액티브),국내,주식,배당소득세(보유기간과세),0.8,100000,1000000,10375,-185,-1.75,10451.66,567,5896010,0.06,10410000000,104.1,0,0.0
410870,KR7410870000,TIME K컬처액티브,타임폴리오 TIME K컬처액티브증권상장지수투자신탁(주식),TIMEFOLIO TIME KCULTURE ACTIVE ETF,타임폴리오자산운용,2021-12-15,FnGuide K-컬처 지수,FnGuide,실물(액티브),국내,주식,배당소득세(보유기간과세),0.8,100000,1200000,9295,95,1.03,9344.78,8760,80813075,0.81,11184000000,111.84,0,0.0
456600,KR7456600006,TIME 글로벌AI인공지능액티브,타임폴리오 TIME 글로벌AI인공지능액티브증권상장지수투자신탁[주식],TIMEFOLIO TIME GLOBAL ARTIFICIAL INTELLIGENCE ACTIVE ETF,타임폴리오자산운용,2023-05-16,Solactive Global Artificial Intelligence 지수,Solactive,실물(액티브),해외,주식,배당소득세(보유기간과세),0.8,20000,36160000,56415,-955,-1.66,56235.26,129347,7261689733,72.62,2040508800000,20405.09,0,0.0
485810,KR7485810006,TIME 글로벌바이오액티브,타임폴리오 TIME 글로벌바이오액티브증권상장지수투자신탁[주식],TIMEFOLIO TIME GLOBAL BIO ACTIVE ETF,타임폴리오자산운용,2024-07-02,KEDI 글로벌 불로장생바이오 지수(원화환산),한국경제신문,실물(액티브),해외,주식,배당소득세(보유기간과세),0.8,50000,1150000,10900,60,0.55,10833.9,10036,109018055,1.09,12535000000,125.35,0,0.0
494180,KR7494180003,TIME 글로벌소비트렌드액티브,타임폴리오 TIME 글로벌소비트렌드액티브증권상장지수투자신탁(주식),TIMEFOLIO TIME GLOBAL CONSUMER TREND ACTIVE ETF,타임폴리오자산운용,2024-10-29,Solactive 뉴에이지컨수머지수,Solactive,실물(액티브),해외,주식,배당소득세(보유기간과세),0.8,50000,700000,12605,120,0.96,12600.37,162,2036640,0.02,8834000000,88.34,0,0.0
478150,KR7478150006,TIME 글로벌우주테크&방산액티브,타임폴리오 TIME 글로벌우주테크&방산액티브증권상장지수투자신탁(주식),TIMEFOLIO TIME GLOBAL SPACETECH AND DEFENSE ACTIVE ETF,타임폴리오자산운용,2024-04-23,Solactive Aerospace and Defense USD Index PR,Solactive,실물(액티브),해외,주식,배당소득세(보유기간과세),0.8,50000,12650000,17980,10,0.06,17907.4,58284,1044561549,10.45,227004250000,2270.04,0,0.0
0113D0,KR70113D0003,TIME 글로벌탑픽액티브,타임폴리오 TIME 글로벌탑픽액티브증권상장지수투자신탁(주식-재간접형),TIMEFOLIO TIME GLOBAL TOPPICK ACTIVE ETF,타임폴리오자산운용,2025-10-28,"Bloomberg World Large, Mid & Small cap PR Index",Bloomberg,실물(액티브),해외,주식,배당소득세(보유기간과세),0.06,50000,5850000,11575,-25,-0.22,11573.16,12995,150207927,1.5,67830750000,678.31,0,0.0
0185L0,KR70185L0006,TIME 글로벌휴머노이드로봇산업액티브,타임폴리오 TIME 글로벌휴머노이드로봇산업액티브증권상장지수투자신탁[주식],TIMEFOLIO TIME Global Humanoid Robotics Active ETF,타임폴리오자산운용,2026-05-19,Solactive Global AI Humanoid Robotics 지수(원화환산)(PR),Solactive,실물(액티브),해외,주식,배당소득세(보유기간과세),0.8,50000,6950000,7015,-80,-1.13,7003.3,29314,203875248,2.04,48406750000,484.07,0,0.0
426020,KR7426020004,TIME 미국S&P500액티브,타임폴리오 TIME 미국S&P500액티브증권상장지수투자신탁(주식),TIMEFOLIO TIME US S&P500 ACTIVE ETF,타임폴리오자산운용,2022-05-11,S&P 500,S&P,실물(액티브),해외,주식,배당소득세(보유기간과세),0.8,20000,12580000,30965,-160,-0.51,30866.12,73556,2270954565,22.71,389476800000,3894.77,0,0.0
426030,KR7426030003,TIME 미국나스닥100액티브,타임폴리오 TIME 미국나스닥100액티브증권상장지수투자신탁(주식),TIMEFOLIO TIME US NASDAQ100 ACTIVE ETF,타임폴리오자산운용,2022-05-11,NASDAQ 100,NASDAQ,실물(액티브),해외,주식,배당소득세(보유기간과세),0.8,20000,54460000,44850,-735,-1.61,44639.79,1134697,50553296937,505.53,2443347900000,24433.48,0,0.0
0019K0,KR70019K0009,TIME 미국나스닥100채권혼합50액티브,타임폴리오 TIME 미국나스닥100채권혼합50액티브증권상장지수투자신탁(채권혼합),TIMEFOLIO TIME US NASDAQ100 Balanced50 Active ETF,타임폴리오자산운용,2025-03-25,FnGuide 미국나스닥100 단기채권혼합 지수,FnGuide,실물(액티브),국내&해외,혼합자산,배당소득세(보유기간과세),0.25,50000,42900000,13005,-120,-0.91,13009.58,152662,1984029402,19.84,559201500000,5592.02,0,0.0
0043Y0,KR70043Y0003,TIME 차이나AI테크액티브,타임폴리오 TIME 차이나AI테크액티브증권상장지수투자신탁(주식),TIMEFOLIO TIME China AI Tech Active ETF,타임폴리오자산운용,2025-05-13,Solactive China Artificial Intelligence 지수(원화환산)(PR),Solactive,실물(액티브),해외,주식,배당소득세(보유기간과세),0.8,50000,17600000,18690,-285,-1.5,18798.76,519272,9645374016,96.45,329120000000,3291.2,0,0.0
495060,KR7495060006,TIME 코리아밸류업액티브,타임폴리오 TIME 코리아밸류업액티브증권상장지수투자신탁(주식),TIMEFOLIO TIME KOREA VALUE-UP ACTIVE ETF,타임폴리오자산운용,2024-11-04,코리아 밸류업 지수,KRX,실물(액티브),국내,주식,배당소득세(보유기간과세),0.8,50000,7000000,28235,-330,-1.16,28358.87,72945,2045144657,20.45,197750000000,1977.5,0,0.0
0162Y0,KR70162Y0008,TIME 코스닥액티브,타임폴리오 TIME 코스닥액티브증권상장지수투자신탁[주식],TIMEFOLIO TIME KOSDAQ Active ETF,타임폴리오자산운용,2026-03-10,코스닥,KRX,실물(액티브),국내,주식,배당소득세(보유기간과세),0.8,50000,34250000,7435,-275,-3.57,7462.57,213796,1593679620,15.94,254648750000,2546.49,0,0.0
385720,KR7385720008,TIME 코스피액티브,타임폴리오 TIME 코스피액티브증권상장지수투자신탁(주식),TIMEFOLIO TIME KOSPI ACTIVE ETF,타임폴리오자산운용,2021-05-25,코스피,KRX,실물(액티브),국내,주식,배당소득세(보유기간과세),0.8,100000,15400000,25550,-450,-1.73,25658.54,42458,1078159592,10.78,393547000000,3935.47,0,0.0
472720,KR7472720002,TRUSTON 주주가치액티브,트러스톤 TRUSTON 주주가치액티브증권상장지수투자신탁[주식],TRUSTON TRUSTON Shareholder Value Active ETF,트러스톤자산운용,2023-12-14,코스피 200,KRX,실물(액티브),국내,주식,배당소득세(보유기간과세),0.785,20000,520000,26045,-165,-0.63,25942.36,490,12623960,0.13,13488800000,134.89,0,0.0
496130,KR7496130006,TRUSTON 코리아밸류업액티브,트러스톤 TRUSTON 코리아밸류업액티브증권상장지수투자신탁[주식],"TRUSTON TRUSTON Korea Valueup Active ETF Co., Ltd.",트러스톤자산운용,2024-11-04,코리아 밸류업 지수,KRX,실물(액티브),국내,주식,배당소득세(보유기간과세),0.785,20000,540000,25490,-355,-1.37,25659.85,51,1299605,0.01,13818600000,138.19,0,0.0
451060,KR7451060008,1Q 200액티브,하나 1Q 200액티브증권상장지수투자신탁[주식],Hana 1Q 200 Active ETF,하나자산운용,2023-01-31,코스피 200,KRX,실물(액티브),국내,주식,배당소득세(보유기간과세),0.01,150000,12600000,35130,-750,-2.09,35173.78,65468,2285881389,22.86,442638000000,4426.38,0,0.0
0184E0,KR70184E0006,1Q 200채권혼합50액티브,하나 1Q 200채권혼합50액티브증권상장지수투자신탁(채권혼합),Hana 1Q 200 Blend 50 Active ETF,하나자산운용,2026-04-21,코스피 200 단기국공채 혼합지수,KRX,실물(액티브),국내,혼합자산,배당소득세(보유기간과세),0.4,100000,3100000,11065,-170,-1.51,11079.22,88987,981979957,9.82,34317000000,343.17,0,0.0
491610,KR7491610002,1Q CD금리액티브(합성),하나 1Q CD금리액티브증권상장지수투자신탁(채권혼합-파생형)(합성),Hana 1Q CD Rate Active(SYNTH) ETF,하나자산운용,2024-09-24,KIS 하나 CD금리 총수익지수,KIS자산평가,합성(액티브),국내,기타,배당소득세(보유기간과세),0.02,1000,1383000,104950,5,0.0,104929.68,2626,275606543,2.76,145152765000,1451.53,0,0.0
0182R0,KR70182R0003,1Q K반도체TOP2+,하나 1Q K반도체TOP2+증권상장지수투자신탁(주식),Hana 1Q K Semiconductor TOP2 Plus ETF,하나자산운용,2026-04-14,NICE K반도체 TOP2 MAX+ 지수,NICE피앤아이,실물(패시브),국내,주식,비과세,0.2,50000,31250000,10630,-275,-2.52,10642.07,1332899,14080368691,140.8,332187500000,3321.88,0,0.0
0182S0,KR70182S0002,1Q K반도체TOP2채권혼합50,하나 1Q K반도체TOP2채권혼합50증권상장지수투자신탁(채권혼합),Hana 1Q K Semiconductor TOP2 Blend 50 ETF,하나자산운용,2026-04-14,KEDI K반도체TOP2채권혼합 지수,한국경제신문,실물(패시브),국내,혼합자산,배당소득세(보유기간과세),0.01,50000,18750000,12595,-195,-1.52,12620.77,156612,1965044333,19.65,236250000000,2362.5,0,0.0
0103T0,KR70103T0007,1Q K소버린AI,하나 1Q K소버린AI증권상장지수투자신탁(주식),Hana 1Q K Sovereign AI ETF,하나자산운용,2025-09-30,iSelect K소버린AI 지수,NH투자증권,실물(패시브),국내,주식,비과세,0.49,50000,2950000,8395,-185,-2.16,8436.08,22117,185311490,1.85,24824250000,248.24,0,0.0
0198D0,KR70198D0001,1Q SK하이닉스선물단일종목레버리지,하나 1Q SK하이닉스선물단일종목레버리지증권상장지수투자신탁(주식-파생형),Hana 1Q F-SK hynix Single Stock Leverage,하나자산운용,2026-05-27,KRX SK하이닉스 선물 지수,KRX,실물(패시브),국내,주식,배당소득세(보유기간과세),0.09,5000,2580000,10095,-555,-5.21,10119.57,56289,552558120,5.53,26032200000,260.32,0,0.0
463290,KR7463290007,1Q 단기금융채액티브,하나 1Q 단기금융채액티브증권상장지수투자신탁(채권),Hana 1Q Short-term Financial Bond Active ETF,하나자산운용,2023-08-03,MK 머니마켓 지수(총수익),KIS자산평가,실물(액티브),국내,채권,배당소득세(보유기간과세),0.08,1000,1185000,109355,15,0.01,109356.88,344,37617944,0.38,129585675000,1295.86,0,0.0
0131W0,KR70131W0008,1Q 단기특수은행채액티브,하나 1Q 단기특수은행채액티브증권상장지수투자신탁[채권],Hana 1Q Short Term Special Bank Bond Active ETF,하나자산운용,2025-11-25,KIS 단기특수은행채 지수(총수익),KIS자산평가,실물(액티브),국내,채권,배당소득세(보유기간과세),0.01,1000,1349000,102205,10,0.01,102206.58,4,408820,0.0,137874545000,1378.75,0,0.0
479080,KR7479080004,1Q 머니마켓액티브,하나 1Q 머니마켓액티브증권상장지수투자신탁[채권],Hana 1Q Money Market Active ETF,하나자산운용,2024-04-02,KIS-하나 MMF 지수(총수익),KIS자산평가,실물(액티브),국내,채권,배당소득세(보유기간과세),0.05,2000,17938000,53820,5,0.01,53818.31,12302,662065056,6.62,965423160000,9654.23,0,0.0
0052S0,KR70052S0009,1Q 미국S&P500미국채혼합50액티브,하나 1Q 미국S&P500미국채혼합50액티브증권상장지수투자신탁(채권혼합),Hana 1Q U.S. S&P500 Blend 50 Active ETF,하나자산운용,2025-06-10,S&P 500 and Short-Term Treasury 50/50 Blend Index,S&P,실물(액티브),해외,혼합자산,배당소득세(보유기간과세),0.15,100000,28000000,11235,45,0.4,11212.72,89363,1003148232,10.03,314300000000,3143.0,0,0.0
0026S0,KR70026S0002,1Q 미국S&P500,하나 1Q 미국S&P500증권상장지수투자신탁(주식),Hana 1Q U.S. S&P500 ETF,하나자산운용,2025-03-18,S&P 500,S&P,실물(패시브),해외,주식,배당소득세(보유기간과세),0.005,100000,26600000,12445,10,0.08,12395.87,192917,2397478120,23.97,330904000000,3309.04,0,0.0
0111P0,KR70111P0001,1Q 미국나스닥100미국채혼합50액티브,하나 1Q 미국나스닥100미국채혼합50액티브증권상장지수투자신탁(채권혼합),Hana 1Q Nasdaq100 Blend 50 Active ETF,하나자산운용,2025-09-30,Nasdaq-100 US T-Bills 0-6 Month 50/50 Index,NASDAQ,실물(액티브),해외,혼합자산,배당소득세(보유기간과세),0.05,100000,28400000,10460,5,0.05,10457.71,105123,1099071805,10.99,297064000000,2970.64,0,0.0
0069M0,KR70069M0006,1Q 미국나스닥100,하나 1Q 미국나스닥100증권상장지수투자신탁(주식),Hana 1Q NASDAQ100 ETF,하나자산운용,2025-06-24,NASDAQ 100,NASDAQ,실물(패시브),해외,주식,배당소득세(보유기간과세),0.005,100000,14200000,13020,-40,-0.31,12972.16,56815,737350854,7.37,184813000000,1848.13,0,0.0
0083S0,KR70083S0002,1Q 미국메디컬AI,하나 1Q 미국메디컬AI증권상장지수투자신탁(주식),Hana 1Q U.S. Medical AI ETF,하나자산운용,2025-07-22,KEDI 미국메디컬AI 지수,한국경제신문,실물(패시브),해외,주식,배당소득세(보유기간과세),0.49,100000,2800000,9945,-60,-0.6,9912.21,7906,78203058,0.78,27860000000,278.6,0,0.0
0004G0,KR70004G0002,1Q 미국배당TOP30,하나 1Q 미국배당TOP30증권상장지수투자신탁(주식),Hana 1Q U.S. Dividend TOP30 ETF,하나자산운용,2025-01-21,Solactive U.S. Dividend TOP 30 Index PR,Solactive,실물(패시브),해외,주식,배당소득세(보유기간과세),0.1,100000,1500000,8680,35,0.4,8648.52,6479,56149735,0.56,13020000000,130.2,0,0.0
0131V0,KR70131V0009,1Q 미국우주항공테크,하나 1Q 미국우주항공테크증권상장지수투자신탁(주식),Hana 1Q U.S. Aerospace Tech ETF,하나자산운용,2025-11-25,Akros 미국우주항공테크 지수,Akros,실물(패시브),해외,주식,배당소득세(보유기간과세),0.49,50000,32550000,10485,-15,-0.14,10440.5,46393,485088287,4.85,341124000000,3411.24,0,0.0
0198B0,KR70198B0003,1Q 삼성전자선물단일종목레버리지,하나 1Q 삼성전자선물단일종목레버리지증권상장지수투자신탁(주식-파생형),Hana 1Q F-Samsung Electronics Single Stock Leverage,하나자산운용,2026-05-27,KRX 삼성전자 선물 지수,KRX,실물(패시브),국내,주식,배당소득세(보유기간과세),0.09,5000,1540000,11115,-730,-6.16,11041.84,21562,235898459,2.36,16993900000,169.94,0,0.0
0094X0,KR70094X0002,1Q 샤오미밸류체인액티브,하나 1Q 샤오미밸류체인액티브증권상장지수투자신탁(주식),Hana 1Q Xiaomi Value Chain Active ETF,하나자산운용,2025-09-02,Solactive-KEDI Xiaomi Focus China Tech Index,Solactive,실물(액티브),해외,주식,배당소득세(보유기간과세),0.49,50000,900000,7955,45,0.57,8004.25,1739,13668605,0.14,7168500000,71.69,0,0.0
0224X0,KR70224X0005,1Q 엔비디아알파벳미국채혼합50,하나 1Q 엔비디아알파벳미국채혼합50증권상장지수투자신탁(채권혼합),Hana 1Q Nvidia Alphabet Blend 50 ETF,하나자산운용,2026-07-28,KEDI 엔비디아알파벳미국채혼합50 지수,한국경제신문,실물(패시브),해외,혼합자산,배당소득세(보유기간과세),0.45,50000,2850000,9440,35,0.37,9409.17,31418,294931667,2.95,26875500000,268.75,0,0.0
0172V0,KR70172V0009,1Q 은액티브,하나 1Q 은액티브특별자산상장지수투자신탁[은-재간접형],Hana 1Q Silver Active ETF,하나자산운용,2026-03-31,Bloomberg Blended Silver Spot USD index,Bloomberg,실물(액티브),해외,원자재,배당소득세(보유기간과세),0.3,50000,7050000,8125,-405,-4.75,8104.14,210850,1699839882,17.0,57210750000,572.11,0,0.0
0017Y0,KR70017Y0005,1Q 종합채권(AA-이상)액티브,하나 1Q 종합채권(AA-이상)액티브증권상장지수투자신탁[채권],Hana 1Q Total Market Bond(AA- or higher) Active ETF,하나자산운용,2025-02-25,KIS 종합채권형 지수(AA-이상)(총수익),KIS자산평가,실물(액티브),국내,채권,배당소득세(보유기간과세),0.025,1000,889000,93355,-310,-0.33,93376.32,13,1214005,0.01,82992595000,829.93,0,0.0
0052T0,KR70052T0008,1Q 중단기회사채(A-이상)액티브,하나 1Q 중단기회사채(A-이상)액티브증권상장지수투자신탁(채권),Hana 1Q Mid-Short Term Credit Bond(A- or Higher) Active ETF,하나자산운용,2025-05-27,KEDI 중단기크레딧플러스채권(AAA~A-)지수(총수익),한국경제신문,실물(액티브),국내,채권,배당소득세(보유기간과세),0.05,2000,1834000,50710,-10,-0.02,50782.42,21,1065065,0.01,93002140000,930.02,0,0.0
495330,KR7495330003,1Q 코리아밸류업,하나 1Q 코리아밸류업증권상장지수투자신탁(주식),Hana 1Q Korea Value-Up ETF,하나자산운용,2024-11-04,코리아 밸류업 지수,KRX,실물(패시브),국내,주식,비과세,0.02,100000,4300000,32340,0,0.0,32257.87,4695,150285455,1.5,138417000000,1384.17,0,0.0
0186S0,KR70186S0008,1Q 코스닥150채권혼합50액티브,하나 1Q 코스닥150채권혼합50액티브증권상장지수투자신탁(채권혼합),Hana 1Q KOSDAQ150 Blend 50 Active ETF,하나자산운용,2026-04-28,코스닥 150 단기국공채 혼합지수,KRX,실물(액티브),국내,혼합자산,배당소득세(보유기간과세),0.63,50000,5200000,8310,-90,-1.07,8348.02,155612,1295533815,12.96,43212000000,432.12,0,0.0
492500,KR7492500004,1Q 현대차그룹채권(A+이상)&국고통안,하나 1Q 현대차그룹채권(A+이상)&국고통안 증권상장지수투자신탁(채권),Hana 1Q Hyundai Motor Company Group Bond(A+)&KTB/MSB ETF,하나자산운용,2024-10-02,KIS 하나 현대차그룹채권(A+이상)&국고통안 총수익지수,KIS자산평가,실물(패시브),국내,채권,배당소득세(보유기간과세),0.1,2000,1322000,51330,-55,-0.11,51347.57,95,4874995,0.05,67858260000,678.58,0,0.0
0206G0,KR70206G0008,1Q 현대차기아채권혼합50,하나 1Q 현대차기아채권혼합50증권상장지수투자신탁(채권혼합),Hana 1Q Hyundai Motor Kia Blend 50 ETF,하나자산운용,2026-06-09,KEDI 현대차&기아채권혼합50지수,한국경제신문,실물(패시브),국내,혼합자산,배당소득세(보유기간과세),0.1,50000,2950000,8100,-40,-0.49,8100.08,187586,1513580583,15.14,23850750000,238.51,0,0.0
473440,KR7473440006,ACE 11월만기자동연장회사채AA-이상액티브,한국투자 ACE 11월만기자동연장회사채AA-이상액티브증권상장지수투자신탁(채권),KIM ACE Nov Rollover Corporate Bond Active ETF,한국투자신탁운용,2023-12-19,KIS 11월 만기자동연장회사채(AA-이상) 총수익지수,KIS자산평가,실물(액티브),국내,채권,배당소득세(보유기간과세),0.05,10000,8700000,10850,5,0.05,10858.78,293,3181000,0.03,94395000000,943.95,0,0.0
332500,KR7332500008,ACE 200TR,한국투자 ACE 200 Total Return증권상장지수투자신탁(주식),KIM ACE 200TotalReturn ETF,한국투자신탁운용,2019-08-28,코스피 200 TR,KRX,실물(패시브),국내,주식,배당소득세(보유기간과세),0.01,100000,2400000,73640,-1650,-2.19,73756.33,8386,612268565,6.12,176736000000,1767.36,0,0.0
105190,KR7105190003,ACE 200,한국투자 ACE 200 증권 상장지수투자신탁(주식),KIM ACE 200 ETF,한국투자신탁운용,2008-09-25,코스피 200,KRX,실물(패시브),국내,주식,비과세,0.017,50000,15550000,109725,-2360,-2.11,109874.71,220198,23990778888,239.91,1706223750000,17062.24,0,0.0
475260,KR7475260006,ACE 2월만기자동연장회사채AA-이상액티브,한국투자 ACE 2월만기자동연장회사채AA-이상액티브증권상장지수투자신탁(채권),KIM ACE Feb Rollover Corporate Bond Active ETF,한국투자신탁운용,2024-01-23,KAP 2월 만기자동연장회사채(AA-이상) 총수익지수,한국자산평가(KAP),실물(액티브),국내,채권,배당소득세(보유기간과세),0.05,10000,4710000,10760,0,0.0,10757.18,0,0,0.0,50679600000,506.8,0,0.0
385600,KR7385600002,ACE 2차전지&친환경차액티브,한국투자 ACE 2차전지&친환경차액티브증권상장지수투자신탁(주식),KIM ACE Electric Vehicles Value Chain Active ETF,한국투자신탁운용,2021-05-25,FnGuide 친환경 자동차 밸류체인 지수,FnGuide,실물(액티브),국내,주식,배당소득세(보유기간과세),0.29,100000,1500000,11940,-135,-1.12,11885.98,4074,48286505,0.48,17782500000,177.82,0,0.0
475270,KR7475270005,ACE 5월만기자동연장회사채AA-이상액티브,한국투자 ACE 5월만기자동연장회사채AA-이상액티브증권상장지수투자신탁(채권),KIM ACE May Rollover Corporate Bond Active ETF,한국투자신탁운용,2024-01-23,KIS 5월 만기자동연장회사채(AA-이상) 총수익지수,KIS자산평가,실물(액티브),국내,채권,배당소득세(보유기간과세),0.05,10000,4160000,10735,0,0.0,10740.45,3224,34609640,0.35,44657600000,446.58,0,0.0
475280,KR7475280004,ACE 8월만기자동연장회사채AA-이상액티브,한국투자 ACE 8월만기자동연장회사채AA-이상액티브증권상장지수투자신탁(채권),KIM ACE Aug Rollover Corporate Bond Active ETF,한국투자신탁운용,2024-01-23,KAP 8월 만기자동연장회사채(AA-이상) 총수익지수,한국자산평가(KAP),실물(액티브),국내,채권,배당소득세(보유기간과세),0.05,10000,9420000,10740,-10,-0.09,10748.5,1659,17821160,0.18,101170800000,1011.71,0,0.0
469150,KR7469150007,ACE AI반도체TOP3+,한국투자 ACE AI반도체TOP3+증권상장지수투자신탁(주식),KIM ACE AI Semiconductor TOP3 Plus ETF,한국투자신탁운용,2023-10-17,FnGuide AI반도체 TOP3+ 지수,FnGuide,실물(패시브),국내,주식,비과세,0.3,50000,19300000,59285,-2775,-4.47,59307.42,468426,27697068887,276.97,1144200500000,11442.0,0,0.0
0079X0,KR70079X0001,ACE BYD밸류체인액티브,한국투자 ACE BYD밸류체인액티브증권상장지수투자신탁(주식),KIM ACE BYD Value Chain Active ETF,한국투자신탁운용,2025-07-15,Bloomberg BYD Plus Top Supply Chain Select Price Return Index,Bloomberg,실물(액티브),해외,주식,배당소득세(보유기간과세),0.45,50000,350000,9245,0,0.0,9254.87,1534,14210145,0.14,3235750000,32.36,0,0.0
385590,KR7385590005,ACE ESG액티브,한국투자 ACE ESG액티브증권상장지수투자신탁(주식),KIM ACE ESG Active ETF,한국투자신탁운용,2021-05-25,MSCI Korea Country ESG Leaders Custom Capped Price return Index,MSCI,실물(액티브),국내,주식,배당소득세(보유기간과세),0.5,100000,2300000,24175,-410,-1.67,24205.03,528,12680850,0.13,55602500000,556.02,0,0.0
475050,KR7475050001,ACE KPOP포커스,한국투자 ACE KPOP포커스증권상장지수투자신탁(주식),KIM ACE KPOP Focus ETF,한국투자신탁운용,2024-01-30,iSelect K-POP 포커스지수(시장가격),NH투자증권,실물(패시브),국내,주식,비과세,0.3,50000,14800000,7085,135,1.94,7090.78,921805,6521308366,65.21,104858000000,1048.58,0,0.0
411060,KR7411060007,ACE KRX금현물,한국투자 ACE KRX금현물특별자산상장지수투자신탁(금),KIM ACE KRX Physical Gold ETF,한국투자신탁운용,2021-12-15,KRX 금현물지수,KRX,실물(패시브),국내,원자재,배당소득세(보유기간과세),0.19,100000,149200000,26490,-310,-1.16,26426.43,778447,20456463158,204.56,3953054000000,39530.54,0,0.0
0221Z0,KR70221Z0006,ACE K바이오코스닥액티브,한국투자 ACE K바이오코스닥액티브증권상장지수투자신탁(주식),KIM ACE Korea Bio KOSDAQ Active ETF,한국투자신탁운용,2026-07-21,KRX K-AI 바이오테크 코스닥 지수,KRX,실물(액티브),국내,주식,배당소득세(보유기간과세),0.5,50000,1000000,9495,-165,-1.71,9562.27,5376,51067565,0.51,9495000000,94.95,0,0.0
0210A0,KR70210A0008,ACE K반도체TOP2+,한국투자 ACE K반도체TOP2+증권상장지수투자신탁(주식),KIM ACE Korea Semiconductor TOP2 Plus ETF,한국투자신탁운용,2026-06-23,KRX K-AI 반도체TOP2+ 지수,KRX,실물(패시브),국내,주식,비과세,0.39,50000,50300000,7190,-220,-2.97,7214.69,1274874,9117888090,91.18,361657000000,3616.57,0,0.0
0216Z0,KR70216Z0003,ACE K방산TOP5+,한국투자 ACE K방산TOP5+증권상장지수투자신탁(주식),KIM ACE Korea Defense Top5 Plus ETF,한국투자신탁운용,2026-07-07,KRX K-AI 방산TOP5+ 지수,KRX,실물(패시브),국내,주식,비과세,0.45,50000,1250000,8560,-65,-0.75,8531.17,18383,156442480,1.56,10662500000,106.62,0,0.0
0172Y0,KR70172Y0006,ACE K수출핵심TOP10산업액티브,한국투자 ACE K수출핵심TOP10산업액티브증권상장지수투자신탁(주식),KIM ACE K-Export Core TOP10 Industry Active ETF,한국투자신탁운용,2026-03-31,iSelect K수출핵심산업 지수 (시장가격),NH투자증권,실물(액티브),국내,주식,배당소득세(보유기간과세),0.5,50000,800000,9720,-220,-2.21,9756.45,4783,46183900,0.46,7800000000,78.0,0,0.0
0177X0,KR70177X0002,ACE K휴머노이드로봇산업TOP2+,한국투자 ACE K휴머노이드로봇산업TOP2+증권상장지수투자신탁(주식),KIM ACE K-Humanoid Robot Top2 Plus ETF,한국투자신탁운용,2026-04-07,Akros K-휴머노이드 로봇 TOP2+ 지수 (시장가격),Akros,실물(패시브),국내,주식,비과세,0.45,50000,10200000,9950,-80,-0.8,9926.06,224626,2206192896,22.06,101031000000,1010.31,0,0.0
291130,KR7291130003,ACE MSCI멕시코(합성),한국투자 ACE MSCI멕시코증권상장지수투자신탁(주식-파생형)(합성),KIM ACE MSCI MEXICO ETF(Synth),한국투자신탁운용,2018-03-09,MSCI MEXICO IMI 25/50 Price return Index,MSCI,합성(패시브),해외,주식,배당소득세(보유기간과세),0.5,100000,900000,17290,-275,-1.57,17521.43,919,15894155,0.16,15552000000,155.52,0,0.0
256440,KR7256440009,ACE MSCI인도네시아(합성),한국투자 ACE MSCI인도네시아증권상장지수투자신탁(주식-파생형)(합성),KIM ACE MSCI Indonesia ETF(Synth),한국투자신탁운용,2016-11-01,MSCI Indonesia Index,MSCI,합성(패시브),해외,주식,배당소득세(보유기간과세),0.7,100000,6100000,5040,-105,-2.04,5079.8,48936,247199031,2.47,30744000000,307.44,0,0.0
261920,KR7261920003,ACE MSCI필리핀(합성),한국투자 ACE MSCI필리핀증권상장지수투자신탁(주식-파생형)(합성),KIM ACE MSCI Philippines ETF(Synth),한국투자신탁운용,2016-12-28,MSCI Philippines IMI Index,MSCI,합성(패시브),해외,주식,배당소득세(보유기간과세),0.5,100000,100000,11935,-5,-0.04,11916.17,48,573775,0.01,1193500000,11.94,0,0.0
0194T0,KR70194T0007,ACE SK하이닉스단일종목레버리지,한국투자 ACE SK하이닉스단일종목레버리지증권상장지수투자신탁(주식-파생형),KIM ACE SK hynix Single Stock Leverage,한국투자신탁운용,2026-05-27,KRX SK하이닉스 지수,KRX,실물(패시브),국내,주식,배당소득세(보유기간과세),0.09,25000,5900000,9765,-455,-4.45,9737.57,142975,1349575975,13.5,56905500000,569.05,0,0.0
0199C0,KR70199C0001,ACE 고배당주Plus커버드콜액티브,한국투자 ACE 고배당주Plus커버드콜액티브증권상장지수투자신탁(주식-파생형),KIM ACE High Dividend Plus Covered Call Active ETF,한국투자신탁운용,2026-06-02,KRX-Akros 고배당주 20 위클리 고정 30% 커버드콜 지수,KRX,실물(액티브),국내,주식,배당소득세(보유기간과세),0.4,50000,15000000,9350,50,0.54,9363.84,337571,3146737526,31.47,140175000000,1401.75,0,0.0
0139P0,KR70139P0009,ACE 고배당주,한국투자 ACE 고배당주증권상장지수투자신탁(주식),KIM ACE High Dividend ETF,한국투자신탁운용,2025-12-16,KRX-Akros 고배당주 20 지수,KRX,실물(패시브),국내,주식,비과세,0.15,50000,3700000,13730,40,0.29,13759.14,7492,103034430,1.03,50893500000,508.94,0,0.0
225130,KR7225130004,ACE 골드선물 레버리지(합성 H),한국투자 ACE 골드선물레버리지특별자산상장지수투자신탁(금-파생형)(합성 H),KIM ACE Synth-Gold Futures Leverage ETF(H),한국투자신탁운용,2015-07-28,S&P GSCI GOLD Index Excess Return,S&P,합성(패시브),해외,원자재,배당소득세(보유기간과세),0.49,100000,500000,47700,-1660,-3.36,47858.38,1385,65369405,0.65,23802500000,238.03,0,0.0
483340,KR7483340006,ACE 구글밸류체인액티브,한국투자 ACE 구글밸류체인액티브증권상장지수투자신탁(주식),KIM ACE Google Value Chain Active ETF,한국투자신탁운용,2024-06-11,KEDI 글로벌 AI 클라우드 지수,한국경제신문,실물(액티브),해외,주식,배당소득세(보유기간과세),0.45,50000,11350000,21115,-245,-1.15,21013.73,79970,1681531578,16.82,239768750000,2397.69,0,0.0
114460,KR7114460009,ACE 국고채3년,한국투자 ACE 국고채 증권 상장지수투자신탁(채권),KIM ACE KOREA TB ETF,한국투자신탁운용,2009-07-31,KTB INDEX(시장가격),KRX,실물(패시브),국내,채권,배당소득세(보유기간과세),0.15,30000,150000,99825,-235,-0.23,99847.86,207,20665760,0.21,14973750000,149.74,0,0.0
365780,KR7365780006,ACE 국고채10년,한국투자 ACE 국고채10년증권상장지수투자신탁(채권),KIM ACE Korea 10Y Treasury Bond ETF,한국투자신탁운용,2020-10-15,KIS 10년 국고채 지수 (총수익),KIS자산평가,실물(패시브),국내,채권,배당소득세(보유기간과세),0.02,1000,6284000,81395,-535,-0.65,81492.44,8021,651993024,6.52,511329080000,5113.29,0,0.0
494340,KR7494340003,ACE 글로벌AI맞춤형반도체,한국투자 ACE 글로벌AI맞춤형반도체증권상장지수투자신탁(주식),KIM ACE Global AI Custom Semiconductor ETF,한국투자신탁운용,2024-10-22,Solactive AI Custom Semiconductor Index(PR),Solactive,실물(패시브),해외,주식,배당소득세(보유기간과세),0.45,50000,1500000,18335,-335,-1.79,18244.31,6883,125450612,1.25,27495000000,274.95,0,0.0
446770,KR7446770000,ACE 글로벌반도체TOP4 Plus,한국투자 ACE 글로벌반도체TOP4 Plus증권상장지수투자신탁(주식),KIM ACE Global Semiconductor TOP4 Plus ETF,한국투자신탁운용,2022-11-15,Solactive Global Semiconductor TOP4 Plus Price Return Index,Solactive,실물(패시브),해외,주식,배당소득세(보유기간과세),0.45,50000,20200000,76460,-1255,-1.61,76141.21,43579,3311570886,33.12,1543482000000,15434.82,0,0.0
435040,KR7435040001,ACE 글로벌브랜드TOP10,한국투자 ACE 글로벌브랜드TOP10증권상장지수투자신탁(주식),KIM ACE Global Brand TOP10 ETF,한국투자신탁운용,2022-06-28,Bloomberg Global Select Industry Leaders TOP10 Index(PR),Bloomberg,실물(패시브),해외,주식,배당소득세(보유기간과세),0.5,50000,600000,18560,35,0.19,18514.14,2654,49173065,0.49,11139000000,111.39,0,0.0
497510,KR7497510008,ACE 글로벌빅파마,한국투자 ACE 글로벌빅파마증권상장지수투자신탁(주식),KIM ACE Global Big Pharma ETF,한국투자신탁운용,2024-11-19,Solactive Global Big Pharma Index (Price Return),Solactive,실물(패시브),해외,주식,배당소득세(보유기간과세),0.3,50000,700000,12270,30,0.25,12274.62,1671,20502160,0.21,8589000000,85.89,0,0.0
460960,KR7460960008,ACE 글로벌인컴TOP10,한국투자 ACE 글로벌인컴TOP10증권상장지수투자신탁[혼합-재간접형],KIM ACE Global Income TOP10 ETF,한국투자신탁운용,2023-07-11,Solactive Global Superior Income TOP 10 Price Return Index,Solactive,실물(패시브),해외,혼합자산,배당소득세(보유기간과세),0.24,50000,7850000,10610,-35,-0.33,10611.62,193204,2053382309,20.53,83288500000,832.88,0,0.0
414270,KR7414270009,ACE 글로벌자율주행액티브,한국투자 ACE 글로벌자율주행액티브증권상장지수투자신탁(주식),KIM ACE Global Autonomous Vehicle Active ETF,한국투자신탁운용,2022-02-15,FactSet US-China Electric&Autonomous Vehicle Price Return Index,FACTSET,실물(액티브),해외,주식,배당소득세(보유기간과세),0.29,50000,2150000,11180,-15,-0.13,11171.0,12606,140736506,1.41,24026250000,240.26,0,0.0
190620,KR7190620005,ACE 단기통안채,한국투자 ACE 단기자금 증권 상장지수투자신탁(채권),KIM ACE SHORT-TERM MSB MONEY MARKET ETF,한국투자신탁운용,2013-12-23,KIS MSB 단기지수(총수익),KIS자산평가,실물(패시브),국내,채권,배당소득세(보유기간과세),0.07,1000,3207000,102075,0,0.0,102066.67,53617,5474179540,54.74,327322455000,3273.22,0,0.0
440640,KR7440640001,ACE 단기채권알파액티브,한국투자 ACE 단기채권알파액티브증권상장지수투자신탁(채권),KIM ACE Short term Bond Alpha Active ETF,한국투자신탁운용,2022-08-23,KIS 단기채권알파AA-이상 총수익지수,KIS자산평가,실물(액티브),국내,채권,배당소득세(보유기간과세),0.15,1000,608000,112765,0,0.0,112769.5,3075,346748060,3.47,68561120000,685.61,0,0.0
494330,KR7494330004,ACE 라이프자산주주가치액티브,한국투자 ACE 라이프자산주주가치액티브증권상장지수투자신탁(주식),KIM ACE Life Asset Shareholder Value Active ETF,한국투자신탁운용,2024-10-15,FnGuide 기업가치 지수(시장가격),FnGuide,실물(액티브),국내,주식,배당소득세(보유기간과세),0.5,50000,5550000,32595,-705,-2.12,32671.84,28062,914398338,9.14,180874500000,1808.74,0,0.0
265690,KR7265690008,ACE 러시아MSCI(합성),한국투자 ACE 러시아MSCI증권상장지수투자신탁(주식-파생형)(합성),KIM ACE MSCI Russia ETF(Synth),한국투자신탁운용,2017-03-21,MSCI Russia 25% Capped Price Return Index,MSCI,합성(패시브),해외,주식,배당소득세(보유기간과세),0.0,50000,1850000,8535,0,0.0,48.41,0,0,0.0,15789750000,157.9,0,0.0
152500,KR7152500005,ACE 레버리지,한국투자 ACE 레버리지 증권상장지수투자신탁(주식-파생형),KIM ACE LEVERAGE ETF,한국투자신탁운용,2012-01-27,코스피 200,KRX,실물(패시브),국내,주식,배당소득세(보유기간과세),0.3,100000,1100000,45235,-1960,-4.15,45229.66,21824,972408468,9.72,49709000000,497.09,0,0.0
0153P0,KR70153P0000,ACE 리츠부동산인프라액티브,한국투자 ACE 리츠부동산인프라액티브부동산상장지수투자신탁(재간접형),KIM ACE REITs Real Estate Infrastructure Active ETF,한국투자신탁운용,2026-01-20,FnGuide 맥쿼리인프라 배당 리츠 지수 (시장가격),FnGuide,실물(액티브),국내,부동산,배당소득세(분리과세부동산ETF),0.06,50000,1450000,9430,-15,-0.16,9444.78,644,6080020,0.06,13673500000,136.74,0,0.0
483330,KR7483330007,ACE 마이크로소프트밸류체인액티브,한국투자 ACE 마이크로소프트밸류체인액티브증권상장지수투자신탁(주식),KIM ACE Microsoft Value Chain Active ETF,한국투자신탁운용,2024-06-11,KEDI 글로벌생성형AI 지수,한국경제신문,실물(액티브),해외,주식,배당소득세(보유기간과세),0.45,50000,1100000,14410,-25,-0.17,14330.27,3223,46271567,0.46,15845500000,158.46,0,0.0
487340,KR7487340002,ACE 머니마켓액티브,한국투자 ACE 머니마켓액티브 증권상장지수투자신탁(채권),KIM ACE Money Market Active ETF,한국투자신탁운용,2024-07-09,MK-KAP 머니마켓 총수익지수,한국자산평가(KAP),실물(액티브),국내,채권,배당소득세(보유기간과세),0.05,1000,7429000,105960,10,0.01,105964.0,5694,603340410,6.03,787176840000,7871.77,0,0.0
0085P0,KR70085P0003,ACE 미국10년국채액티브,한국투자 ACE 미국10년국채액티브증권상장지수투자신탁(채권),KIM ACE U.S. 10 Year T-Bond Active ETF,한국투자신탁운용,2025-07-22,ICE U.S. Treasury 7-10 Year Bond Index (Total Return),"ICE Data Indices, LLC",실물(액티브),해외,채권,배당소득세(보유기간과세),0.15,100000,11300000,9445,-20,-0.21,9434.7,210192,1983991484,19.84,106672000000,1066.72,0,0.0
0085N0,KR70085N0005,ACE 미국10년국채액티브(H),한국투자 ACE 미국10년국채액티브증권상장지수투자신탁(채권)(H),KIM ACE U.S. 10 Year T-Bond Active ETF(H),한국투자신탁운용,2025-07-22,ICE U.S. Treasury 7-10 Year Bond Index (Total Return),"ICE Data Indices, LLC",실물(액티브),해외,채권,배당소득세(보유기간과세),0.15,100000,3600000,9615,-75,-0.77,9606.45,49040,470970875,4.71,34632000000,346.32,0,0.0
452250,KR7452250004,ACE 미국30년국채선물레버리지(합성 H),한국투자 ACE 미국30년국채선물레버리지증권상장지수투자신탁(채권-파생형)(합성 H),KIM ACE U.S. Ultra T-Bond Futures Leverage ETF(Synth H),한국투자신탁운용,2023-02-07,S&P Ultra T-Bond Futures Index(ER),S&P,합성(패시브),해외,채권,배당소득세(보유기간과세),0.25,50000,7750000,4585,-65,-1.4,4585.85,26409,120581335,1.21,35533750000,355.34,0,0.0
476760,KR7476760004,ACE 미국30년국채액티브,한국투자 ACE 미국30년국채액티브증권상장지수투자신탁[채권],KIM ACE U.S. Long Term T-Bond Active ETF,한국투자신탁운용,2024-03-12,Bloomberg U.S Treasury 20+ Year Total Return Index,Bloomberg,실물(액티브),해외,채권,배당소득세(보유기간과세),0.05,100000,42400000,8580,-35,-0.41,8560.21,582696,4987913539,49.88,363792000000,3637.92,0,0.0
453850,KR7453850000,ACE 미국30년국채액티브(H),한국투자 ACE 미국30년국채액티브증권상장지수투자신탁[채권](H),KIM ACE U.S. Long Term T-Bond Active ETF(H),한국투자신탁운용,2023-03-14,Bloomberg U.S Treasury 20+ Year Total Return Index,Bloomberg,실물(액티브),해외,채권,배당소득세(보유기간과세),0.05,100000,208500000,7055,-70,-0.98,7044.3,1139554,8021230804,80.21,1470967500000,14709.67,0,0.0
476750,KR7476750005,ACE 미국30년국채엔화노출액티브(H),한국투자 ACE 미국30년국채엔화노출액티브증권상장지수투자신탁[채권](H),KIM ACE U.S. Long Term T-Bond JPYKRW Active ETF(H),한국투자신탁운용,2024-03-12,Bloomberg U.S. Treasury 20+ Year Total Return Index T1530 JPY Currency Hedged,Bloomberg,실물(액티브),해외,채권,배당소득세(보유기간과세),0.15,100000,8100000,7355,-50,-0.68,7345.44,66042,483673008,4.84,59575500000,595.75,0,0.0
480030,KR7480030006,ACE 미국500데일리타겟커버드콜(합성),한국투자 ACE 미국500데일리타겟커버드콜증권상장지수투자신탁(주식-파생형)(합성),KIM ACE US500 Daily Target Covered Call ETF(Synth),한국투자신탁운용,2024-04-23,Bloomberg US 500 Large Cap Premium Decrement 15% Distribution Index,Bloomberg,합성(패시브),해외,주식,배당소득세(보유기간과세),0.45,100000,16300000,9650,20,0.21,9574.16,175858,1690818214,16.91,157132000000,1571.32,0,0.0
0118Z0,KR70118Z0002,ACE 미국AI테크핵심산업액티브,한국투자 ACE 미국AI테크핵심산업액티브증권상장지수투자신탁(주식),KIM ACE US AI Tech Core Industry Active ETF,한국투자신탁운용,2025-10-28,Akros U.S. AI Innovator Price Return Index,Akros,실물(액티브),해외,주식,배당소득세(보유기간과세),0.45,50000,5950000,8380,-90,-1.06,8328.22,16271,135916112,1.36,49890750000,498.91,0,0.0
280320,KR7280320003,ACE 미국IT인터넷(합성 H),한국투자 ACE 미국IT인터넷증권상장지수투자신탁(주식-파생형)(합성 H),KIM ACE US INTERNET ETF(Synth H),한국투자신탁운용,2017-10-17,다우존스 인터넷 종합지수,S&P,합성(패시브),해외,주식,배당소득세(보유기간과세),0.5,100000,100000,21205,-195,-0.91,21409.75,11,234095,0.0,2131000000,21.31,0,0.0
438080,KR7438080004,ACE 미국S&P500미국채혼합50액티브,한국투자 ACE 미국S&P500미국채혼합50액티브증권상장지수투자신탁(채권혼합),KIM ACE S&P500 5050 Blend Active ETF,한국투자신탁운용,2022-08-26,S&P 500 and Short-Term Treasury 50/50 Blend Index,S&P,실물(액티브),해외,혼합자산,배당소득세(보유기간과세),0.15,100000,88900000,13650,50,0.37,13628.59,273470,3730128260,37.3,1213485000000,12134.85,0,0.0
360200,KR7360200000,ACE 미국S&P500,한국투자 ACE 미국S&P500증권상장지수투자신탁(주식),KIM ACE S&P500 ETF,한국투자신탁운용,2020-08-07,S&P 500,S&P,실물(패시브),해외,주식,배당소득세(보유기간과세),0.004,100000,150700000,25710,10,0.04,25611.94,667353,17132431740,171.32,3876004000000,38760.04,0,0.0
0155M0,KR70155M0001,ACE 미국SMR원자력TOP10,한국투자 ACE 미국SMR원자력TOP10증권상장지수투자신탁(주식),KIM ACE US SMR Nuclear TOP 10 ETF,한국투자신탁운용,2026-02-03,Solactive US SMR Nuclear TOP 10 Index (Price Return),Solactive,실물(패시브),해외,주식,배당소득세(보유기간과세),0.45,50000,4250000,6920,-250,-3.49,6809.43,49430,338536461,3.39,29197500000,291.98,0,0.0
309230,KR7309230001,ACE 미국WideMoat동일가중,한국투자 ACE 미국WideMoat동일가중증권상장지수투자신탁(주식),KIM ACE US Wide Moat ETF,한국투자신탁운용,2018-10-25,MorningStar Wide Moat Focus Index,MorningStar,실물(패시브),해외,주식,배당소득세(보유기간과세),0.4,20000,3680000,29310,-100,-0.34,29322.92,8424,246510500,2.47,107952800000,1079.53,0,0.0
438100,KR7438100000,ACE 미국나스닥100미국채혼합50액티브,한국투자 ACE 미국나스닥100미국채혼합50액티브증권상장지수투자신탁(채권혼합),KIM ACE NASDAQ 100 5050 Blend Active ETF,한국투자신탁운용,2022-08-26,NASDAQ-100 US T-Bills 50/50 Index,NASDAQ,실물(액티브),해외,혼합자산,배당소득세(보유기간과세),0.15,100000,61900000,14730,0,0.0,14732.18,180980,2664789650,26.65,912406000000,9124.06,0,0.0
367380,KR7367380003,ACE 미국나스닥100,한국투자 ACE 미국나스닥100증권상장지수투자신탁(주식),KIM ACE US NASDAQ100 ETF,한국투자신탁운용,2020-10-29,NASDAQ 100,NASDAQ,실물(패시브),해외,주식,배당소득세(보유기간과세),0.006,100000,112800000,29920,-80,-0.27,29803.67,373722,11147574231,111.48,3374976000000,33749.76,0,0.0
456880,KR7456880004,ACE 미국달러SOFR금리(합성),한국투자 ACE 미국달러SOFR금리특별자산상장지수투자신탁(금리-파생형)(합성),KIM ACE USD SOFR ETF(Synth),한국투자신탁운용,2023-04-25,Solactive SOFR Daily Total Return Index,Solactive,합성(패시브),해외,기타,배당소득세(보유기간과세),0.05,10000,27580000,11835,60,0.51,11839.32,109642,1298342997,12.98,326409300000,3264.09,0,0.0
440650,KR7440650000,ACE 미국달러단기채권액티브,한국투자 ACE 미국달러단기채권액티브증권상장지수투자신탁(채권),KIM ACE US Short Term Bond Active ETF,한국투자신탁운용,2022-08-23,Bloomberg Short-Term Treasury Total Return Index,Bloomberg,실물(액티브),해외,채권,배당소득세(보유기간과세),0.3,100000,3800000,11300,60,0.53,11289.37,84819,958880370,9.59,42959000000,429.59,0,0.0
0127M0,KR70127M0006,ACE 미국대형가치주액티브,한국투자 ACE 미국대형가치주액티브증권상장지수투자신탁(주식),KIM ACE US Large Cap Value Active ETF,한국투자신탁운용,2025-11-11,CRSP US Large Cap Value Index(PR),CRSP,실물(액티브),해외,주식,배당소득세(보유기간과세),0.3,50000,12050000,11950,-40,-0.33,11959.13,65513,782044405,7.82,143997500000,1439.97,0,0.0
0127P0,KR70127P0003,ACE 미국대형성장주액티브,한국투자 ACE 미국대형성장주액티브증권상장지수투자신탁(주식),KIM ACE US Large Cap Growth Active ETF,한국투자신탁운용,2025-11-11,CRSP US Large Cap Growth Index(PR),CRSP,실물(액티브),해외,주식,배당소득세(보유기간과세),0.3,50000,65150000,10115,5,0.05,10104.34,113369,1143112330,11.43,659318000000,6593.18,0,0.0
480040,KR7480040005,ACE 미국반도체데일리타겟커버드콜(합성),한국투자 ACE 미국반도체데일리타겟커버드콜증권상장지수투자신탁(주식-파생형)(합성),KIM ACE US Semiconductor Daily Target Covered Call ETF(Synth),한국투자신탁운용,2024-04-23,Bloomberg US Listed Semiconductor Premium Decrement 15% Distribution Index,Bloomberg,합성(패시브),해외,주식,배당소득세(보유기간과세),0.45,100000,13300000,14265,-160,-1.11,14108.36,300980,4268621865,42.69,189658000000,1896.58,0,0.0
402970,KR7402970008,ACE 미국배당다우존스,한국투자 ACE 미국배당다우존스증권상장지수투자신탁(주식),KIM ACE S&P US Dividend 100 ETF,한국투자신탁운용,2021-10-21,Dow Jones U.S. Dividend 100 Price Return Index,S&P,실물(패시브),해외,주식,배당소득세(보유기간과세),0.01,100000,63800000,14760,35,0.24,14709.78,272193,4015704251,40.16,941369000000,9413.69,0,0.0
0049M0,KR70049M0001,ACE 미국배당퀄리티+커버드콜액티브,한국투자 ACE 미국배당퀄리티+커버드콜액티브증권상장지수투자신탁(주식-재간접형),KIM ACE US Dividend Quality Plus Covered Call Active ETF,한국투자신탁운용,2025-05-13,Bloomberg WisdomTree U.S. Quality Dividend & B500 Premium Decrement 50:50 Index,Bloomberg,실물(액티브),해외,주식,배당소득세(보유기간과세),0.15,50000,7100000,10880,20,0.18,10839.95,15399,166950098,1.67,77248000000,772.48,0,0.0
0046Y0,KR70046Y0000,ACE 미국배당퀄리티,한국투자 ACE 미국배당퀄리티증권상장지수투자신탁(주식),KIM ACE US Dividend Quality ETF,한국투자신탁운용,2025-05-13,WisdomTree U.S. Quality Dividend Growth Index (Price Return),Wisdom Tree,실물(패시브),해외,주식,배당소득세(보유기간과세),0.15,50000,4300000,12170,-20,-0.16,12118.99,4802,58436940,0.58,52331000000,523.31,0,0.0
0049K0,KR70049K0003,ACE 미국배당퀄리티채권혼합50,한국투자 ACE 미국배당퀄리티채권혼합50증권상장지수투자신탁(채권혼합),KIM ACE US Dividend Quality 5050 Blended ETF,한국투자신탁운용,2025-05-13,Bloomberg WisdomTree U.S. Quality Dividend & Short Term KRW Bonds 50:50 TR Index,Bloomberg,실물(패시브),국내&해외,혼합자산,배당소득세(보유기간과세),0.15,50000,2450000,10930,-5,-0.05,10897.93,10907,118989886,1.19,26778500000,267.79,0,0.0
181480,KR7181480005,ACE 미국부동산리츠(합성 H),한국투자 ACE 미국부동산리츠 부동산상장지수투자신탁(파생형)(합성 H),KIM ACE SYNTH-Dow Jones US Real Estate ETF(H),한국투자신탁운용,2013-08-01,Dow Jones U.S. Real Estate Index,S&P,합성(패시브),해외,부동산,배당소득세(분리과세부동산ETF),0.3,20000,120000,82375,-1010,-1.21,82367.21,28,2310510,0.02,9885000000,98.85,0,0.0
480020,KR7480020007,ACE 미국빅테크7+데일리타겟커버드콜(합성),한국투자 ACE 미국빅테크7+데일리타겟커버드콜증권상장지수투자신탁(주식-파생형)합성,KIM ACE US BigTechTOP7plus Daily Target Covered Call ETF(Synth),한국투자신탁운용,2024-04-23,Bloomberg US Big Tech Top 7 Plus Premium Decrement 15% Distribution Index,Bloomberg,합성(패시브),해외,주식,배당소득세(보유기간과세),0.45,100000,17200000,10120,80,0.8,10077.7,295208,2975942085,29.76,173926400000,1739.26,0,0.0
465610,KR7465610004,ACE 미국빅테크TOP7 Plus레버리지(합성),한국투자 ACE 미국빅테크TOP7 Plus레버리지증권상장지수투자신탁(주식-파생형)(합성),KIM ACE US Big Tech TOP 7 Plus Leverage ETF(Synth),한국투자신탁운용,2023-09-12,Solactive US Big Tech Top 7 Plus Price Return Index,Solactive,합성(패시브),해외,주식,배당소득세(보유기간과세),0.6,100000,2400000,40035,325,0.82,40033.82,11723,468496016,4.68,96732000000,967.32,0,0.0
465620,KR7465620003,ACE 미국빅테크TOP7 Plus인버스(합성),한국투자 ACE 미국빅테크TOP7 Plus인버스증권상장지수투자신탁(주식-파생형)(합성),KIM ACE US Big Tech TOP 7 Plus Inverse ETF(Synth),한국투자신탁운용,2023-09-12,Solactive US Big Tech Top 7 Plus Price Return Index,Solactive,합성(패시브),해외,주식,배당소득세(보유기간과세),0.6,50000,100000,6615,-75,-1.12,6619.73,15,99800,0.0,661500000,6.62,0,0.0
465580,KR7465580009,ACE 미국빅테크TOP7 Plus,한국투자 ACE 미국빅테크TOP7 Plus증권상장지수투자신탁(주식),KIM ACE US Big Tech TOP 7 Plus ETF,한국투자신탁운용,2023-09-12,Solactive US Big Tech Top 7 Plus Price Return Index,Solactive,실물(패시브),해외,주식,배당소득세(보유기간과세),0.3,50000,45000000,23600,125,0.53,23591.88,742921,17508274568,175.08,1062450000000,10624.5,0,0.0
0180V0,KR70180V0009,ACE 미국우주테크액티브,한국투자 ACE 미국우주테크액티브증권상장지수투자신탁(주식),KIM ACE US Space Tech Active ETF,한국투자신탁운용,2026-04-14,FnGuide 미국스페이스테크 지수(시장가격),FnGuide,실물(액티브),해외,주식,배당소득세(보유기간과세),0.8,50000,19050000,7530,10,0.13,7463.6,74225,556384668,5.56,143351250000,1433.51,0,0.0
473590,KR7473590008,ACE 미국주식베스트셀러,한국투자 ACE 미국주식베스트셀러증권상장지수투자신탁(주식),KIM ACE US Equity Best Seller ETF,한국투자신탁운용,2023-12-27,FnGuide 미국 주식 베스트셀러 지수(시장가격지수),FnGuide,실물(패시브),해외,주식,배당소득세(보유기간과세),0.3,50000,2450000,18400,-150,-0.81,18327.87,6525,119636210,1.2,45080000000,450.8,0,0.0
0008E0,KR70008E0000,ACE 미국중심중소형제조업,한국투자 ACE 미국중심중소형제조업증권상장지수투자신탁(주식),KIM ACE US Focus Manufacturing Mid-Small Cap ETF,한국투자신탁운용,2025-01-21,NYSE FactSet US Focus Manufacturing Index(Price Return),"ICE Data Indices, LLC",실물(패시브),해외,주식,배당소득세(보유기간과세),0.45,50000,950000,11330,-80,-0.7,11338.72,1245,14083695,0.14,10763500000,107.64,0,0.0
391600,KR7391600004,ACE 미국친환경그린테마,한국투자 ACE 미국친환경그린테마증권상장지수투자신탁(주식),KIM ACE US Green Theme ETF,한국투자신탁운용,2021-08-05,Indxx US Green Infrastructure Price return Index,Indxx,실물(패시브),해외,주식,배당소득세(보유기간과세),0.7,50000,450000,10055,-30,-0.3,10092.91,110,1107580,0.01,4524750000,45.25,0,0.0
455660,KR7455660001,ACE 미국하이일드액티브(H),한국투자 ACE 미국하이일드액티브증권상장지수투자신탁[채권-재간접형](H),KIM ACE US High Yield Active ETF(H),한국투자신탁운용,2023-04-18,iBoxx USD Liquid High Yield Total Return Index,S&P,실물(액티브),해외,채권,배당소득세(보유기간과세),0.24,100000,6600000,9360,-40,-0.43,9344.16,18595,173948478,1.74,61776000000,617.76,0,0.0
0228G0,KR70228G0002,ACE 반도체Plus전략산업,한국투자 ACE 반도체Plus전략산업증권상장지수투자신탁(주식),KIM ACE Semiconductor Plus Strategic Industries ETF,한국투자신탁운용,2026-08-11,iSelect 반도체 TOP2+전략산업 지수 (시장가격),NH투자증권,실물(패시브),국내,주식,비과세,0.4,50000,29350000,10305,-145,-1.39,10340.57,535048,5459242231,54.59,302305000000,3023.05,0,0.0
245710,KR7245710009,ACE 베트남VN30(합성),한국투자 ACE 베트남VN30증권상장지수투자신탁(주식-파생형)(합성),KIM ACE Vietnam VN30 ETF(Synth),한국투자신탁운용,2016-07-01,VN30 Index(PR),HOSE(Hochiminh Stock Exchange),합성(패시브),해외,주식,배당소득세(보유기간과세),0.7,100000,9400000,28200,-50,-0.18,28504.69,18640,532318012,5.32,264140000000,2641.4,0,0.0
131890,KR7131890006,ACE 삼성그룹동일가중,한국투자 ACE 삼성그룹주 동일가중 증권 상장지수투자신탁(주식),KIM ACE Samsung Group Equal Weighted ETF,한국투자신탁운용,2010-09-17,MKF SAMs EW 지수,FnGuide,실물(패시브),국내,주식,비과세,0.15,100000,400000,40340,-440,-1.08,40454.1,89,3586345,0.04,16136000000,161.36,0,0.0
108450,KR7108450008,ACE 삼성그룹섹터가중,한국투자 ACE 삼성그룹주SW 증권 상장지수투자신탁(주식),KIM ACE SAMSUNG GROUP SW ETF,한국투자신탁운용,2009-02-03,MKF SAMs SW,FnGuide,실물(패시브),국내,주식,비과세,0.15,100000,2000000,39655,-625,-1.55,39714.46,2104,83295125,0.83,79310000000,793.1,0,0.0
0233A0,KR70233A0001,ACE 삼성전자SK하이닉스플러스채권혼합50,한국투자 ACE 삼성전자SK하이닉스플러스채권혼합50증권상장지수투자신탁(채권혼합),KIM ACE Samsung Electronics SK Hynix plus 50 Blended ETF,한국투자신탁운용,2026-08-25,KAP 삼성전자SK하이닉스플러스채권혼합50지수,한국자산평가(KAP),실물(패시브),국내,혼합자산,배당소득세(보유기간과세),0.07,100000,6500000,10515,-90,-0.85,10515.65,398535,4166203655,41.66,68250000000,682.5,0,0.0
0194M0,KR70194M0004,ACE 삼성전자단일종목레버리지,한국투자 ACE 삼성전자단일종목레버리지증권상장지수투자신탁(주식-파생형),KIM ACE Samsung Electronics Single Stock Leverage,한국투자신탁운용,2026-05-27,KRX 삼성전자 지수,KRX,실물(패시브),국내,주식,배당소득세(보유기간과세),0.09,25000,3675000,10745,-650,-5.7,10696.8,46362,491071935,4.91,39285750000,392.86,0,0.0
226380,KR7226380004,ACE Fn성장소비주도주,한국투자 ACE 성장소비주도주증권상장지수투자신탁(주식),KIM ACE Korean Culture ETF,한국투자신탁운용,2015-08-19,FnGuide 성장소비주도 지수,FnGuide,실물(패시브),국내,주식,비과세,0.5,100000,700000,5845,45,0.78,5844.92,557,3247115,0.03,4091500000,40.91,0,0.0
316300,KR7316300003,ACE 싱가포르리츠,한국투자 ACE 싱가포르리츠부동산상장지수투자신탁(재간접형),KIM ACE Singapore REITs ETF,한국투자신탁운용,2019-01-29,Morningstar Singapore REIT Yield Focus Index(PR),MorningStar,실물(패시브),해외,부동산,배당소득세(분리과세부동산ETF),0.4,100000,500000,12275,-20,-0.16,12265.68,260,3190565,0.03,6132500000,61.33,0,0.0
277540,KR7277540001,ACE 아시아TOP50,한국투자 ACE 아시아TOP50증권상장지수투자신탁(주식),KIM ACE ASIA TOP50 ETF,한국투자신탁운용,2017-08-23,S&P ASIA50 Price Return Index,S&P,실물(패시브),국내&해외,주식,배당소득세(보유기간과세),0.7,50000,800000,31455,-600,-1.87,31661.33,2482,78625240,0.79,25164000000,251.64,0,0.0
483320,KR7483320008,ACE 엔비디아밸류체인액티브,한국투자 ACE 엔비디아밸류체인액티브증권상장지수투자신탁(주식),KIM ACE Nvidia Value Chain Active ETF,한국투자신탁운용,2024-06-11,KEDI 글로벌AI반도체 지수,한국경제신문,실물(액티브),해외,주식,배당소득세(보유기간과세),0.45,50000,12150000,23965,-545,-2.22,23873.87,261439,6241893504,62.42,291417750000,2914.18,0,0.0
448540,KR7448540005,ACE 엔비디아채권혼합,한국투자 ACE 엔비디아채권혼합증권상장지수투자신탁(채권혼합),KIM ACE NVIDIA30 Blend ETF,한국투자신탁운용,2022-11-29,Bloomberg Blended NVIDIA Equity and Korean Bond Index,Bloomberg,실물(패시브),국내&해외,혼합자산,배당소득세(보유기간과세),0.07,100000,9200000,26220,-140,-0.53,26203.74,13178,345369425,3.45,241040000000,2410.4,0,0.0
0099L0,KR70099L0001,ACE 우량회사채(AA-이상)액티브,한국투자 ACE 우량회사채(AA-이상)액티브증권상장지수투자신탁(채권),KIM ACE High Grade Credit Bond (AA- Above) Active ETF,한국투자신탁운용,2025-09-09,KIS 1~3년 우량크레딧(AA-이상) 총수익지수,KIS자산평가,실물(액티브),국내,채권,배당소득세(보유기간과세),0.095,1000,1754000,99560,-130,-0.13,99557.1,408,40627815,0.41,174628240000,1746.28,0,0.0
433500,KR7433500006,ACE 원자력TOP10,한국투자 ACE 원자력TOP10증권상장지수투자신탁(주식),KIM ACE Nuclear Power TOP 10 ETF,한국투자신탁운용,2022-06-28,DeepSearch 원자력 TOP 10지수,DeepSearch,실물(패시브),국내,주식,비과세,0.3,100000,3700000,63350,350,0.56,63463.92,101596,6378566371,63.79,234395000000,2343.95,0,0.0
0102X0,KR70102X0002,ACE 유럽방산TOP10,한국투자 ACE 유럽방산TOP10증권상장지수투자신탁(주식),KIM ACE Europe Defense Top10 ETF,한국투자신탁운용,2025-09-23,NYSE FactSet Europe Defense TOP10 Index (Price Return),"ICE Data Indices, LLC",실물(패시브),해외,주식,배당소득세(보유기간과세),0.35,50000,600000,8700,15,0.17,8718.68,2000,17291945,0.17,5217000000,52.17,0,0.0
487920,KR7487920001,ACE 인도시장대표BIG5그룹액티브,한국투자 ACE 인도시장대표BIG5그룹액티브증권상장지수투자신탁(주식),KIM ACE India Market Leaders Group Active ETF,한국투자신탁운용,2024-09-10,Indxx India Big 5 Conglomerates Index (Price Return),Indxx,실물(액티브),해외,주식,배당소득세(보유기간과세),0.45,50000,1000000,7545,-65,-0.85,7542.25,1784,13406160,0.13,7545000000,75.45,0,0.0
487910,KR7487910002,ACE 인도컨슈머파워액티브,한국투자 ACE 인도컨슈머파워액티브증권상장지수투자신탁(주식),KIM ACE India Consumption Active ETF,한국투자신탁운용,2024-09-10,Indxx India Super Consumption Index (Price Return),Indxx,실물(액티브),해외,주식,배당소득세(보유기간과세),0.45,50000,1200000,8005,-5,-0.06,7997.96,324,2583895,0.03,9600000000,96.0,0,0.0
145670,KR7145670006,ACE 인버스,한국투자 ACE 인버스 증권 상장지수투자신탁(주식-파생형),KIM ACE INVERSE ETF,한국투자신탁운용,2011-09-08,코스피 200 선물지수,KRX,실물(패시브),국내,주식,배당소득세(보유기간과세),0.15,100000,2200000,1270,26,2.09,1275.75,149383,191632282,1.92,2794000000,27.94,0,0.0
497520,KR7497520007,ACE 일라이릴리밸류체인,한국투자 ACE 일라이릴리밸류체인증권상장지수투자신탁(주식),KIM ACE Eli Lilly Value Chain ETF,한국투자신탁운용,2024-11-19,Solactive Eli Lilly Value Chain Index(PR),Solactive,실물(패시브),해외,주식,배당소득세(보유기간과세),0.45,50000,650000,12390,-80,-0.64,12404.69,159,1972190,0.02,8056750000,80.57,0,0.0
196030,KR7196030001,ACE 일본TOPIX레버리지(H),한국투자 ACE 일본 레버리지 증권 상장지수투자신탁(주식-재간접파생형)(H),KIM ACE Japan Leverage ETF(H),한국투자신탁운용,2014-06-16,TOPIX,TSE(Tokyo Stock Exchange),실물(패시브),해외,주식,배당소득세(보유기간과세),0.5,100000,500000,87005,-1315,-1.49,86846.26,89,7653880,0.08,43232500000,432.32,0,0.0
238720,KR7238720007,ACE 일본Nikkei225(H),한국투자 ACE 일본Nikkei225증권상장지수투자신탁(주식-파생형)(H),KIM ACE Japan Nikkei225 ETF(H),한국투자신탁운용,2016-03-03,Nikkei 225,Nikkei,실물(패시브),해외,주식,배당소득세(해외주식투자전용ETF),0.3,100000,900000,46405,-775,-1.64,46546.51,2732,126026127,1.26,41836500000,418.37,0,0.0
469160,KR7469160006,ACE 일본반도체,한국투자 ACE 일본반도체증권상장지수투자신탁(주식),KIM ACE Japan Semiconductor ETF,한국투자신탁운용,2023-10-17,Bloomberg Japan Semiconductor Select Top 25 Index(Price Return),Bloomberg,실물(패시브),해외,주식,배당소득세(보유기간과세),0.45,50000,900000,23345,-790,-3.27,23327.04,5739,132579210,1.33,21010500000,210.1,0,0.0
205720,KR7205720006,ACE 일본TOPIX인버스(합성 H),한국투자 ACE 일본인버스 증권 상장지수투자신탁(주식-파생형)(합성 H),KIM ACE SYNTH-Japan Inverse ETF(H),한국투자신탁운용,2014-09-29,TOPIX,TSE(Tokyo Stock Exchange),합성(패시브),해외,주식,배당소득세(보유기간과세),0.5,100000,3000000,1479,15,1.02,1478.57,3781,5616756,0.06,4419000000,44.19,0,0.0
356540,KR7356540005,ACE 종합채권(AA-이상)액티브,한국투자 ACE 종합채권(AA-이상)액티브증권상장지수투자신탁(채권),KIM ACE Korea Total Bond Market(AA- Above) Active ETF,한국투자신탁운용,2020-07-21,KIS 종합채권 AA-이상 총수익 지수(Total return Index),KIS자산평가,실물(액티브),국내,채권,배당소득세(보유기간과세),0.02,1000,10774000,100720,-295,-0.29,100701.38,99,9964800,0.1,1085157280000,10851.57,0,0.0
447430,KR7447430000,ACE 주주환원가치주액티브,한국투자 ACE 주주환원가치주액티브증권상장지수투자신탁(주식),KIM ACE Next level Value Active ETF,한국투자신탁운용,2022-11-15,FnGuide 올라운드 가치주 지수,FnGuide,실물(액티브),국내,주식,배당소득세(보유기간과세),0.7,50000,2850000,16540,0,0.0,16503.25,6816,111964910,1.12,46996500000,469.96,0,0.0
416090,KR7416090009,ACE 중국과창판STAR50,한국투자 ACE 중국과창판STAR50증권상장지수투자신탁(주식),KIM ACE China STAR50 ETF,한국투자신탁운용,2022-01-13,STAR 50 Index(Price Return),CSI,실물(패시브),해외,주식,배당소득세(보유기간과세),0.5,100000,1600000,11750,-110,-0.93,11827.22,8228,95924890,0.96,18736000000,187.36,0,0.0
168580,KR7168580009,ACE 중국본토CSI300,한국투자 ACE 중국본토 CSI300 증권 자상장지수투자신탁(주식-파생형),KIM ACE China Main Land CSI300 Feeder ETF,한국투자신탁운용,2012-11-29,CSI 300 Index,CSI,실물(패시브),해외,주식,배당소득세(해외주식투자전용ETF),0.7,20000,3120000,32790,-320,-0.97,33181.51,1330,43613795,0.44,102304800000,1023.05,0,0.0
219900,KR7219900008,ACE 중국본토CSI300레버리지(합성),한국투자 ACE 중국본토레버리지CSI300증권상장지수투자신탁(주식혼합-파생형)(합성),KIM ACE SYNTH-China Main Land Leverage CSI300 ETF,한국투자신탁운용,2015-05-28,CSI 300 Index,CSI,합성(패시브),해외,주식,배당소득세(보유기간과세),0.5,100000,1400000,3860,-10,-0.26,3892.28,5687,21517445,0.22,5404000000,54.04,0,0.0
272910,KR7272910001,ACE 중장기국공채액티브,한국투자 ACE 중장기국공채액티브증권상장지수투자신탁(채권),KIM ACE Active Korea Treasury & Agency Bonds ETF,한국투자신탁운용,2017-06-29,KIS 종합채권국공채1-10Y지수,KIS자산평가,실물(액티브),국내,채권,배당소득세(보유기간과세),0.08,1000,698000,105645,-290,-0.27,105617.9,12,1267145,0.01,73708800000,737.09,0,0.0
0087F0,KR70087F0003,ACE 차이나AI빅테크TOP2+액티브,한국투자 ACE 차이나AI빅테크TOP2+액티브증권상장지수투자신탁(주식),KIM ACE China AI Big Tech TOP2 Plus Active ETF,한국투자신탁운용,2025-07-29,Solactive China AI Big Tech TOP2+ Index (Price Return),Solactive,실물(액티브),해외,주식,배당소득세(보유기간과세),0.45,50000,500000,11315,50,0.44,11383.21,133,1505318,0.02,5657500000,56.58,0,0.0
371870,KR7371870007,ACE 차이나항셍테크,한국투자 ACE 차이나항셍테크증권상장지수투자신탁(주식),KIM ACE China Hang Seng TECH ETF,한국투자신탁운용,2020-12-16,Hang Seng TECH Index,HangSeng,실물(패시브),해외,주식,배당소득세(보유기간과세),0.25,100000,1600000,6245,50,0.81,6243.6,2323,14362525,0.14,9968000000,99.68,0,0.0
0209Z0,KR70209Z0002,ACE 코리아AI전력TOP10,한국투자 ACE 코리아AI전력TOP10증권상장지수투자신탁(주식),KIM ACE Korea AI Electric Power TOP10 ETF,한국투자신탁운용,2026-06-23,Akros 코리아 AI전력 TOP 10 지수 (시장가격),Akros,실물(패시브),국내,주식,비과세,0.39,50000,3500000,7305,-85,-1.15,7318.52,99655,719699854,7.2,25567500000,255.68,0,0.0
380340,KR7380340000,ACE 코리아AI테크핵심산업,한국투자 ACE 코리아AI테크핵심산업증권상장지수투자신탁(주식),KIM ACE Korea AI Tech Core Industry ETF,한국투자신탁운용,2021-04-02,FnGuide 코리아AI테크핵심산업지수 (Price Return),FnGuide,실물(패시브),국내,주식,비과세,0.35,100000,1200000,27220,-705,-2.52,27377.51,4004,108911167,1.09,32766000000,327.66,0,0.0
496120,KR7496120007,ACE 코리아밸류업,한국투자 ACE 코리아밸류업증권상장지수투자신탁(주식),KIM ACE Korea Value-Up ETF,한국투자신탁운용,2024-11-04,코리아 밸류업 지수,KRX,실물(패시브),국내,주식,비과세,0.09,50000,750000,33680,-135,-0.4,33739.44,2471,82908465,0.83,25260000000,252.6,0,0.0
354500,KR7354500001,ACE 코스닥150,한국투자 ACE 코스닥150증권상장지수투자신탁(주식),KIM ACE KOSDAQ150 ETF,한국투자신탁운용,2020-05-07,코스닥 150,KRX,실물(패시브),국내,주식,비과세,0.02,100000,10900000,14030,-430,-2.97,14047.71,324244,4541940355,45.42,152763500000,1527.63,0,0.0
305050,KR7305050007,ACE 코스피,한국투자 ACE 코스피증권상장지수투자신탁(주식),KIM ACE KOSPI ETF,한국투자신탁운용,2018-10-05,코스피,KRX,실물(패시브),국내,주식,비과세,0.02,50000,650000,71825,-1280,-1.75,71814.99,2333,166192475,1.66,46686250000,466.86,0,0.0
457480,KR7457480002,ACE 테슬라밸류체인액티브,한국투자 ACE 테슬라밸류체인액티브증권상장지수투자신탁(주식),KIM ACE Tesla Value Chain Active ETF,한국투자신탁운용,2023-05-16,Bloomberg EV Supporters Plus Tesla Price Return Index,Bloomberg,실물(액티브),해외,주식,배당소득세(보유기간과세),0.29,50000,41500000,17990,-265,-1.45,17948.82,210535,3775639449,37.76,746170000000,7461.7,0,0.0
469170,KR7469170005,ACE 포스코그룹포커스,한국투자 ACE 포스코그룹포커스증권상장지수투자신탁(주식),KIM ACE POSCO Group Focus ETF,한국투자신탁운용,2023-10-17,FnGuide 포스코그룹포커스 지수(시장가격),FnGuide,실물(패시브),국내,주식,비과세,0.3,50000,20500000,6080,-60,-0.98,6089.12,346707,2108980034,21.09,124537500000,1245.38,0,0.0
491220,KR7491220000,PLUS 200TR,한화 PLUS 200 Total Return증권상장지수투자신탁(주식),Hanwha PLUS 200 Total Return ETF,한화자산운용,2024-09-10,코스피 200 TR,KRX,실물(패시브),국내,주식,배당소득세(보유기간과세),0.01,50000,450000,130085,-2510,-1.89,130197.53,4122,533295025,5.33,58538250000,585.38,0,0.0
152100,KR7152100004,PLUS 200,한화 PLUS 200 증권상장지수투자신탁(주식),HANWHA PLUS 200 ETF[EQUITY],한화자산운용,2012-01-10,코스피 200,KRX,실물(패시브),국내,주식,비과세,0.017,50000,13600000,111190,-2290,-2.02,111254.17,136625,15089947910,150.9,1511504000000,15115.04,0,0.0
253150,KR7253150007,PLUS 200선물레버리지,한화 PLUS 200선물레버리지증권상장지수투자신탁(주식-파생형),HANWHA PLUS 200 Futures Leverage ETF,한화자산운용,2016-09-29,코스피 200 선물지수,KRX,실물(패시브),국내,주식,배당소득세(보유기간과세),0.06,50000,250000,203695,-9610,-4.51,204206.07,2324,463219440,4.63,50890000000,508.9,0,0.0
253160,KR7253160006,PLUS 200선물인버스2X,한화 PLUS 200선물인버스2X증권상장지수투자신탁(주식-파생형),HANWHA PLUS 200 Futures Inverse 2X ETF,한화자산운용,2016-09-22,코스피 200 선물지수,KRX,실물(패시브),국내,주식,배당소득세(보유기간과세),0.06,50000,8900000,151,10,7.09,149.65,1688292,254778042,2.55,1335000000,13.35,0,0.0
0203D0,KR70203D0004,PLUS 200위클리커버드콜채권혼합,한화 PLUS 200위클리커버드콜채권혼합증권상장지수투자신탁(채권혼합-파생형),Hanwha PLUS KOSPI200 Weekly Covered Call Balanced ETF,한화자산운용,2026-06-02,코스피 200 KTB 혼합 위클리 고정 10% 커버드콜 지수,KRX,실물(패시브),국내,혼합자산,배당소득세(보유기간과세),0.39,100000,1200000,9005,-75,-0.83,9025.44,10323,92515220,0.93,10782000000,107.82,0,0.0
0210E0,KR70210E0004,PLUS 200커버드콜액티브,한화 PLUS 200커버드콜액티브증권상장지수투자신탁(주식-파생형),Hanwha PLUS KOSPI200 Covered Call Active ETF,한화자산운용,2026-06-23,코스피 200 위클리 고정 30% 커버드콜 지수,KRX,실물(액티브),국내,주식,배당소득세(보유기간과세),0.491,100000,9400000,7385,-160,-2.12,7387.07,155346,1138959292,11.39,69325000000,693.25,0,0.0
395750,KR7395750003,PLUS ESG가치주액티브,한화 PLUS ESG가치주액티브증권상장지수투자신탁(주식),Hanwha PLUS ESG Value Active ETF,한화자산운용,2021-07-30,FnGuide 한화 ESG 가치 지수,FnGuide,실물(액티브),국내,주식,배당소득세(보유기간과세),0.105,50000,400000,20605,-360,-1.72,20647.7,9,185325,0.0,8242000000,82.42,0,0.0
395760,KR7395760002,PLUS ESG성장주액티브,한화 PLUS ESG성장주액티브증권상장지수투자신탁(주식),Hanwha PLUS ESG Growth Active ETF,한화자산운용,2021-07-30,FnGuide 한화 ESG 성장 지수,FnGuide,실물(액티브),국내,주식,배당소득세(보유기간과세),0.105,50000,550000,21400,-395,-1.81,21393.32,97,2060415,0.02,11770000000,117.7,0,0.0
453010,KR7453010001,PLUS KOFR금리,한화 PLUS KOFR금리특별자산상장지수투자신탁(금리),Hanwha PLUS KOFR ETF,한화자산운용,2023-03-14,KOFR 지수,한국예탁결제원,실물(패시브),국내,기타,배당소득세(보유기간과세),0.05,1000,134000,109935,5,0.0,109943.62,2170,238561045,2.39,14731290000,147.31,0,0.0
227830,KR7227830007,PLUS 코스피,한화 PLUS KOSPI 증권상장지수투자신탁(주식),Hanwha PLUS KOSPI ETF,한화자산운용,2015-09-23,코스피,KRX,실물(패시브),국내,주식,비과세,0.2,50000,250000,71525,-1330,-1.83,71527.83,231,16393335,0.16,17881250000,178.81,0,0.0
122090,KR7122090004,PLUS 코스피50,한화 PLUS KOSPI50 증권 상장지수투자신탁[주식],HANHWA PLUS KOSPI50 ETF[EQUITY],한화자산운용,2010-01-07,코스피 50,KRX,실물(패시브),국내,주식,비과세,0.33,30000,2160000,82715,-1770,-2.1,82725.72,20836,1710171027,17.1,178664400000,1786.64,0,0.0
429740,KR7429740004,PLUS K리츠,한화 PLUS K리츠부동산상장지수투자신탁(재간접형),Hanwha PLUS K-REITs ETF,한화자산운용,2022-05-24,FnGuide 리츠 지수,FnGuide,실물(패시브),국내,부동산,비과세(분리과세부동산ETF),0.25,50000,1000000,6095,30,0.49,6095.96,3666,22232325,0.22,6045000000,60.45,0,0.0
0104G0,KR70104G0001,PLUS K방산레버리지,한화 PLUS K방산레버리지증권상장지수투자신탁(주식-파생형),Hanwha PLUS Korea Defense Leverage ETF,한화자산운용,2025-09-30,FnGuide K-방위산업 지수,FnGuide,실물(패시브),국내,주식,배당소득세(보유기간과세),0.5,50000,2400000,5710,-35,-0.61,5738.26,28312,159887685,1.6,13656000000,136.56,0,0.0
0090B0,KR70090B0002,PLUS K방산소부장,한화 PLUS K방산소부장증권상장지수투자신탁(주식),Hanwha PLUS Korea Defense Components Manufacturing ETF,한화자산운용,2025-08-26,Akros K방산소부장 지수(PR),Akros,실물(패시브),국내,주식,비과세,0.45,50000,2100000,6840,-45,-0.65,6825.52,70872,484077884,4.84,14280000000,142.8,0,0.0
449450,KR7449450006,PLUS K방산,한화 PLUS K방산증권상장지수투자신탁(주식),Hanwha PLUS K-Defense Industry ETF,한화자산운용,2023-01-05,FnGuide K-방위산업 지수,FnGuide,실물(패시브),국내,주식,비과세,0.45,20000,19410000,52005,145,0.28,51884.25,118949,6128929981,61.29,1005438000000,10054.38,0,0.0
0166S0,KR70166S0002,PLUS K제조업핵심기업액티브,한화 PLUS K제조업핵심기업액티브증권상장지수투자신탁(주식),Hanwha PLUS K-Manufacturing Core Companies Active ETF,한화자산운용,2026-03-24,Akros K제조업 50 지수,Akros,실물(액티브),국내,주식,배당소득세(보유기간과세),0.63,50000,5250000,11130,-310,-2.71,11203.46,10928,121763554,1.22,58695000000,586.95,0,0.0
269540,KR7269540001,PLUS 미국S&P500(H),한화 PLUS S&P500증권상장지수투자신탁(주식)(H),Hanwha PLUS S&P500(H) ETF,한화자산운용,2017-05-16,S&P 500,S&P,실물(패시브),해외,주식,배당소득세(해외주식투자전용ETF),0.006,100000,3000000,29720,-125,-0.42,29592.35,14062,416788309,4.17,89160000000,891.6,0,0.0
269530,KR7269530002,PLUS S&P글로벌인프라,한화 PLUS S&P글로벌인프라 증권상장지수투자신탁(주식),Hanwha PLUS S&P Global Infra ETF,한화자산운용,2017-05-16,S&P Global Infrastructure Index,S&P,실물(패시브),해외,주식,배당소득세(해외주식투자전용ETF),0.3,50000,600000,19080,-5,-0.03,19056.46,237,4525020,0.05,11448000000,114.48,0,0.0
0226A0,KR70226A0000,PLUS SK하이닉스샌디스크채권혼합50,한화 PLUS SK하이닉스샌디스크채권혼합50증권상장지수투자신탁(채권혼합),Hanwha PLUS SK Hynix Sandisk Balanced50 ETF,한화자산운용,2026-08-04,Akros SK하이닉스 샌디스크 채권혼합 50 지수,Akros,실물(패시브),국내&해외,혼합자산,배당소득세(보유기간과세),0.25,50000,5000000,11115,-185,-1.64,11151.95,98762,1090936012,10.91,55425000000,554.25,0,0.0
251590,KR7251590006,PLUS 고배당저변동50,한화 PLUS 고배당저변동50증권상장지수투자신탁(주식),Hanwha PLUS High Dividend Low Vol 50 ETF,한화자산운용,2016-08-11,FnGuide 고배당저변동50 지수,FnGuide,실물(패시브),국내,주식,비과세,0.23,50000,700000,17370,-45,-0.26,17392.74,4414,76735985,0.77,12159000000,121.59,0,0.0
161510,KR7161510003,PLUS 고배당주,한화 PLUS 고배당주 증권상장지수투자신탁(주식),Hanwha PLUS High Dividend ETF,한화자산운용,2012-08-29,FnGuide 배당주 지수,FnGuide,실물(패시브),국내,주식,비과세,0.23,30000,95730000,25520,210,0.83,25571.47,514641,13078177192,130.78,2443029600000,24430.3,0,0.0
0018C0,KR70018C0000,PLUS 고배당주위클리고정커버드콜,한화 PLUS 고배당주위클리고정커버드콜증권상장지수투자신탁(주식-파생형),Hanwha PLUS High Dividend Weekly Fixed Covered Call ETF,한화자산운용,2025-03-05,코스피 고배당 위클리 고정 커버드콜 지수,KRX,실물(패시브),국내,주식,배당소득세(보유기간과세),0.3,50000,7550000,10890,120,1.11,10878.22,93367,1011230648,10.11,81993000000,819.93,0,0.0
489030,KR7489030007,PLUS 고배당주위클리커버드콜,한화 PLUS 고배당주위클리커버드콜증권상장지수투자신탁(주식-파생형),Hanwha PLUS High Dividend Weekly Covered Call ETF,한화자산운용,2024-08-13,코스피 고배당 위클리 콜매도 ATM 지수,KRX,실물(패시브),국내,주식,배당소득세(보유기간과세),0.3,50000,46850000,6505,80,1.25,6516.52,475510,3079283867,30.79,304993500000,3049.93,0,0.0
251600,KR7251600003,PLUS 고배당주채권혼합,한화 PLUS 고배당주채권혼합증권상장지수투자신탁(채권혼합-파생형),Hanwha PLUS High Dividend Conservative Balanced ETF,한화자산운용,2016-08-11,FnGuide 고배당 채권혼합 지수,FnGuide,실물(패시브),국내,혼합자산,배당소득세(보유기간과세),0.2,100000,38700000,15525,55,0.36,15520.22,130366,2018432809,20.18,600043500000,6000.44,0,0.0
461460,KR7461460008,PLUS 국고채10년액티브,한화 PLUS 국고채10년액티브증권상장지수투자신탁(채권),Hanwha PLUS 10-Year Treasury Bond Active ETF,한화자산운용,2023-07-18,KAP 국고채 10년 동일가중 지수(총수익),한국자산평가(KAP),실물(액티브),국내,채권,배당소득세(보유기간과세),0.045,2000,1622000,50655,-335,-0.66,50674.85,289,14628295,0.15,82170520000,821.71,0,0.0
451600,KR7451600001,PLUS 국고채30년액티브,한화 PLUS 국고채30년액티브증권상장지수투자신탁(채권),Hanwha PLUS 30-Year Treasury Bond Active ETF,한화자산운용,2023-02-07,KAP 국고채 30년 지수(총수익),한국자산평가(KAP),실물(액티브),국내,채권,배당소득세(보유기간과세),0.05,1000,137000,82030,-1030,-1.24,82472.77,125,10253515,0.1,11294965000,112.95,0,0.0
491230,KR7491230009,PLUS 국공채머니마켓액티브,한화 PLUS 국공채머니마켓액티브증권상장지수투자신탁(채권),Hanwha PLUS Government Bonds Money Market Active ETF,한화자산운용,2024-09-10,KAP 국공채 MMF 지수(총수익),한국자산평가(KAP),실물(액티브),국내,채권,배당소득세(보유기간과세),0.05,2000,2350000,52550,-5,-0.01,52535.39,5811,305355025,3.05,123480750000,1234.81,0,0.0
289670,KR7289670002,PLUS 국채선물10년,한화 PLUS 국채선물10년증권상장지수투자신탁(채권-파생형),HANWHA PLUS KTB 10Y Futures ETF,한화자산운용,2018-02-07,10년국채선물지수,KRX,실물(패시브),국내,채권,배당소득세(보유기간과세),0.05,4000,128000,51325,-385,-0.74,51362.69,4449,227974635,2.28,6569600000,65.7,0,0.0
298340,KR7298340001,PLUS 국채선물3년,한화 PLUS 국채선물3년증권상장지수투자신탁(채권-파생형),Hanwha PLUS KTB 3Y Futures ETF,한화자산운용,2018-06-08,국채선물지수,KRX,실물(패시브),국내,채권,배당소득세(보유기간과세),0.1,4000,1276000,56280,-135,-0.24,56311.18,12395,697573970,6.98,71826040000,718.26,0,0.0
442580,KR7442580007,PLUS 글로벌HBM반도체,한화 PLUS 글로벌HBM반도체증권상장지수투자신탁(주식),Hanwha PLUS Global HBM ETF,한화자산운용,2022-09-22,iSelect 글로벌HBM반도체 지수,NH투자증권,실물(패시브),해외,주식,배당소득세(보유기간과세),0.5,20000,17030000,101020,-3035,-2.92,100505.89,425313,42676363205,426.76,1721562700000,17215.63,0,0.0
496770,KR7496770009,PLUS 글로벌방산,한화 PLUS 글로벌방산증권상장지수투자신탁(주식),Hanwha PLUS Global Defense ETF,한화자산운용,2024-11-12,Solactive Global Defense Index(PR),Solactive,실물(패시브),해외,주식,배당소득세(보유기간과세),0.45,50000,1800000,16070,105,0.66,16073.74,7198,115601993,1.16,28926000000,289.26,0,0.0
419650,KR7419650007,PLUS 글로벌수소&차세대연료전지,한화 PLUS 글로벌수소&차세대연료전지증권상장지수투자신탁(주식),Hanwha PLUS Hydrogen NextGen Fuel Cell ETF,한화자산운용,2022-02-15,BlueStar Hydrogen and NextGen Fuel Cell Index (시장가격),MVIS,실물(패시브),해외,주식,배당소득세(보유기간과세),0.5,50000,3250000,4910,-215,-4.2,4885.93,17696,86958615,0.87,15941250000,159.41,0,0.0
0007G0,KR70007G0009,PLUS 글로벌원자력밸류체인,한화 PLUS 글로벌원자력밸류체인증권상장지수투자신탁(주식),Hanwha PLUS Global Nuclear Energy Value Chain ETF,한화자산운용,2025-01-14,Solactive Global Nuclear Energy Value Chain Index(PR),Solactive,실물(패시브),해외,주식,배당소득세(보유기간과세),0.39,50000,3000000,13310,-415,-3.02,13242.83,15893,211941555,2.12,39930000000,399.3,0,0.0
0166T0,KR70166T0001,PLUS 글로벌저작권핵심기업액티브,한화 PLUS 글로벌저작권핵심기업액티브증권상장지수투자신탁(주식),Hanwha PLUS Global IP Leaders Active ETF,한화자산운용,2026-03-31,iSelect 미국AI지적재산 지수(PR),NH투자증권,실물(액티브),해외,주식,배당소득세(보유기간과세),0.45,50000,700000,9300,95,1.03,9323.38,140,1299805,0.01,6506500000,65.06,0,0.0
0035T0,KR70035T0000,PLUS 글로벌휴머노이드로봇액티브,한화 PLUS 글로벌휴머노이드로봇액티브증권상장지수투자신탁(주식),Hanwha PLUS Global Humanoid Robot Active ETF,한화자산운용,2025-04-15,iSelect 글로벌휴머노이드로봇 (PR),NH투자증권,실물(액티브),국내&해외,주식,배당소득세(보유기간과세),0.45,50000,4850000,18960,-140,-0.73,18955.47,30357,572147197,5.72,91713500000,917.13,0,0.0
415920,KR7415920008,PLUS 글로벌희토류&전략자원생산기업,한화 PLUS 글로벌희토류&전략자원생산기업증권상장지수투자신탁(주식),Hanwha PLUS Global Rare Earth&Strategic Metals Company ETF,한화자산운용,2022-01-18,MVIS Global Rare Earth/Strategic Metals Index (Price Return),MVIS,실물(패시브),해외,주식,배당소득세(보유기간과세),0.5,50000,4700000,6625,-275,-3.99,6589.83,33694,223181457,2.23,31137500000,311.38,0,0.0
0138Y0,KR70138Y0009,PLUS 금채권혼합,한화 PLUS 금채권혼합증권상장지수투자신탁(채권혼합-재간접형),Hanwha PLUS Gold & Treasury Balanced ETF,한화자산운용,2025-12-16,Akros 미국 금현물 ETF 채권혼합 지수,Akros,실물(패시브),국내&해외,혼합자산,배당소득세(보유기간과세),0.15,50000,11200000,9635,-70,-0.72,9615.93,118078,1135176165,11.35,108024000000,1080.24,0,0.0
278620,KR7278620000,PLUS 단기채권액티브,한화 PLUS 단기채권액티브증권상장지수투자신탁(채권),HANWHA PLUS ACTIVE SHORT TERM CREDIT BOND ETF,한화자산운용,2017-09-26,"KAP 투자적격 크레딧 채권 1년 지수(A- 이상,총수익)",한국자산평가(KAP),실물(액티브),국내,채권,배당소득세(보유기간과세),0.07,1000,560000,119145,-35,-0.03,119153.09,354,42181916,0.42,66721200000,667.21,0,0.0
477050,KR7477050009,PLUS 머니마켓액티브,한화 PLUS 머니마켓액티브증권상장지수투자신탁(채권),Hanwha PLUS Money Market Active ETF,한화자산운용,2024-03-26,KAP 시가평가 MMF 지수(총수익),한국자산평가(KAP),실물(액티브),국내,채권,배당소득세(보유기간과세),0.05,2000,9794000,53570,10,0.02,53569.1,40507,2170050191,21.7,524713550000,5247.14,0,0.0
0050E0,KR70050E0007,PLUS 미국AI에이전트,한화 PLUS 미국AI에이전트증권상장지수투자신탁(주식),Hanwha PLUS US AI Agents ETF,한화자산운용,2025-05-20,Solactive US AI Agents Index(PR),Solactive,실물(패시브),해외,주식,배당소득세(보유기간과세),0.45,50000,500000,7860,70,0.9,7879.97,260,2042385,0.02,3930000000,39.3,0,0.0
429760,KR7429760002,PLUS 미국S&P500,한화 PLUS 미국S&P500 증권상장지수투자신탁(주식),Hanwha PLUS S&P 500 ETF,한화자산운용,2022-05-31,S&P 500,S&P,실물(패시브),해외,주식,배당소득세(보유기간과세),0.007,100000,2300000,18965,30,0.16,18874.87,6098,115422080,1.15,43608000000,436.08,0,0.0
0057H0,KR70057H0007,PLUS 미국S&P500미국채혼합50액티브,한화 PLUS 미국S&P500미국채혼합50액티브증권상장지수투자신탁(채권혼합-재간접형),Hanwha PLUS S&P500 US T-Bill 50/50 Blend Active ETF,한화자산운용,2025-06-10,S&P 500 and U.S. Treasury Bill 0-3 Month 50/50 Blend Index (USD),S&P,실물(액티브),해외,혼합자산,배당소득세(보유기간과세),0.15,100000,6800000,11335,50,0.44,11301.96,117726,1334868462,13.35,76908000000,769.08,0,0.0
494410,KR7494410004,PLUS 미국S&P500성장주,한화 PLUS 미국S&P500성장주증권상장지수투자신탁(주식),Hanwha PLUS S&P500 Growth ETF,한화자산운용,2024-10-22,S&P 500 Growth Index(PR),S&P,실물(패시브),해외,주식,배당소득세(보유기간과세),0.006,100000,2200000,13755,-45,-0.33,13738.99,723,9974920,0.1,30261000000,302.61,0,0.0
0153X0,KR70153X0000,PLUS 미국고배당주액티브,한화 PLUS 미국고배당주액티브증권상장지수투자신탁(주식),Hanwha PLUS US High Dividend Active ETF,한화자산운용,2026-01-27,Akros 미국 고배당주 20 지수,Akros,실물(액티브),해외,주식,배당소득세(보유기간과세),0.23,50000,1900000,10965,40,0.37,10930.07,55632,609767200,6.1,20833500000,208.34,0,0.0
0089B0,KR70089B0005,PLUS 미국나스닥100미국채혼합50,한화 PLUS 미국나스닥100미국채혼합50증권상장지수투자신탁(채권혼합),Hanwha PLUS Nasdaq100 US T-Bill 50/50 Blend ETF,한화자산운용,2025-08-19,Nasdaq-100 US T-Bills 1-3 Month 50/50 Index (USD),NASDAQ,실물(패시브),해외,혼합자산,배당소득세(보유기간과세),0.15,100000,2900000,10855,-10,-0.09,10854.81,10269,111415221,1.11,31537500000,315.38,0,0.0
287180,KR7287180004,PLUS 미국나스닥테크,한화 PLUS 미국나스닥테크증권상장지수투자신탁(주식),HANWHA PLUS NASDAQ Technology Sector ETF,한화자산운용,2017-12-13,NASDAQ 100 Technology Sector Index,NASDAQ,실물(패시브),해외,주식,배당소득세(해외주식투자전용ETF),0.5,50000,900000,52375,-475,-0.9,52087.18,1126,58756155,0.59,47146500000,471.46,0,0.0
332610,KR7332610005,PLUS 미국단기회사채(AAA~A),한화 PLUS 미국단기회사채(AAA~A)증권상장지수투자신탁(채권),Hanwha PLUS US Short-term Credit(AAA~A)ETF,한화자산운용,2019-08-20,ICE BofaAML 1-3 Year AAA-A US Corporate Index(총수익지수),"ICE Data Indices, LLC",실물(패시브),해외,채권,배당소득세(보유기간과세),0.315,1000,96000,122225,485,0.4,122220.06,261,31922440,0.32,11733600000,117.34,0,0.0
456200,KR7456200005,PLUS 미국달러SOFR금리액티브(합성),한화 PLUS 미국달러SOFR금리액티브특별자산상장지수투자신탁(금리-파생형)(합성),Hanwha PLUS US Dollar SOFR Active ETF(SYNTH),한화자산운용,2023-05-09,Solactive SOFR Daily Total Return Index,Solactive,합성(액티브),해외,기타,배당소득세(보유기간과세),0.09,2000,110000,58350,255,0.44,58416.07,0,0,0.0,6418500000,64.19,0,0.0
0078V0,KR70078V0004,PLUS 미국로보택시,한화 PLUS 미국로보택시증권상장지수투자신탁(주식),Hanwha PLUS US Robotaxi ETF,한화자산운용,2025-07-22,KEDI 미국로보택시 지수(PR),한국경제신문,실물(패시브),해외,주식,배당소득세(보유기간과세),0.49,50000,500000,8820,-80,-0.9,8824.05,527,4672655,0.05,4395000000,43.95,0,0.0
494420,KR7494420003,PLUS 미국배당증가성장주데일리커버드콜,한화 PLUS 미국배당증가성장주데일리커버드콜증권상장지수투자신탁(주식-파생형),Hanwha PLUS US Dividend Growth Daily Covered Call ETF,한화자산운용,2024-10-22,Bloomberg U.S. Dividend Growth Partial Covered Call Index,Bloomberg,실물(패시브),해외,주식,배당소득세(보유기간과세),0.39,100000,1800000,8700,-20,-0.23,8667.56,8049,69943080,0.7,15660000000,156.6,0,0.0
0023B0,KR70023B0004,PLUS 미국양자컴퓨팅TOP10,한화 PLUS 미국양자컴퓨팅TOP10증권상장지수투자신탁(주식),Hanwha PLUS U.S. Quantum Computing TOP 10 ETF,한화자산운용,2025-03-11,iSelect 미국양자컴퓨팅 TOP10 (PR),NH투자증권,실물(패시브),해외,주식,배당소득세(보유기간과세),0.45,50000,2100000,15185,-245,-1.59,15191.57,16910,256411557,2.56,31930500000,319.31,0,0.0
332620,KR7332620004,PLUS 미국장기우량회사채,한화 PLUS 미국장기우량회사채증권상장지수투자신탁(채권),Hanwha PLUS US Long-term Credit Bond ETF,한화자산운용,2019-08-20,ICE BofaAML 15+ Year AAA-A US Corporate Index(총수익지수),"ICE Data Indices, LLC",실물(패시브),해외,채권,배당소득세(보유기간과세),0.315,1000,187000,84775,-385,-0.45,84817.97,255,21597510,0.22,15844510000,158.45,0,0.0
464470,KR7464470004,PLUS 미국채30년액티브,한화 PLUS 미국채30년액티브증권상장지수투자신탁(채권),Hanwha PLUS US Treasury Bond 30-Year Active ETF,한화자산운용,2023-08-22,ICE U.S. Treasury 20+ Year Bond Index(Total Return),"ICE Data Indices, LLC",실물(액티브),해외,채권,배당소득세(보유기간과세),0.15,2000,764000,45910,-300,-0.65,45798.9,7049,322934694,3.23,35075240000,350.75,0,0.0
461900,KR7461900003,PLUS 미국테크TOP10,한화 PLUS 미국테크TOP10증권상장지수투자신탁(주식),Hanwha PLUS TOP 10 US Tech Company ETF,한화자산운용,2023-07-18,iSelect 미국 Tech 10 지수,NH투자증권,실물(패시브),해외,주식,배당소득세(보유기간과세),0.01,50000,800000,21815,-15,-0.07,21780.75,532,11605885,0.12,17448000000,174.48,0,0.0
0193K0,KR70193K0007,PLUS 삼성전자단일종목레버리지,한화 PLUS 삼성전자단일종목레버리지증권상장지수투자신탁(주식-파생형),Hanwha PLUS Samsung Electronics Single Stock Leverage,한화자산운용,2026-05-27,KRX 삼성전자 지수,KRX,실물(패시브),국내,주식,배당소득세(보유기간과세),0.09,25000,1425000,11735,-955,-7.53,11795.03,5807,67267420,0.67,16815000000,168.15,0,0.0
0193L0,KR70193L0006,PLUS 삼성전자선물단일종목인버스2X,한화 PLUS 삼성전자선물단일종목인버스2X증권상장지수투자신탁(주식-파생형),Hanwha PLUS F-Samsung Electronics Single Stock Inverse 2X,한화자산운용,2026-05-27,KRX 삼성전자 선물 지수,KRX,실물(패시브),국내,주식,배당소득세(보유기간과세),0.49,20000,1440000,9190,525,6.06,9236.86,763749,7064873850,70.65,13219200000,132.19,0,0.0
238670,KR7238670004,PLUS 스마트베타Quality채권혼합,한화 PLUS 스마트베타Quality채권혼합증권상장지수투자신탁(채권혼합-파생형),Hanwha PLUS SMARTBETA Quality Conservative Balanced ETF,한화자산운용,2016-02-24,WISE-KAP 스마트베타 Quality 채권혼합지수,WiseFn,실물(패시브),국내,혼합자산,배당소득세(보유기간과세),0.2,100000,400000,13580,-60,-0.44,13474.41,6839,92826790,0.93,5432000000,54.32,0,0.0
256450,KR7256450008,PLUS 심천차이넥스트(합성),한화 PLUS 심천차이넥스트증권상장지수투자신탁(주식-파생형)(합성),HANWHA PLUS ChiNext ETF(Synth),한화자산운용,2016-11-08,SZSE ChiNext Price Index,SSI(Shenzhen Securities Information Co Ltd),합성(패시브),해외,주식,배당소득세(보유기간과세),0.5,20000,500000,13885,-255,-1.8,14149.72,536,7464155,0.07,6942500000,69.42,0,0.0
447660,KR7447660002,PLUS 애플채권혼합,한화 PLUS 애플채권혼합증권상장지수투자신탁(채권혼합),Hanwha PLUS Apple Balanced ETF,한화자산운용,2022-11-29,FnGuide 애플채권혼합 지수,FnGuide,실물(패시브),국내&해외,혼합자산,배당소득세(보유기간과세),0.25,50000,1550000,13640,90,0.66,13694.36,31104,423274913,4.23,21142000000,211.42,0,0.0
239660,KR7239660004,PLUS 우량회사채50,한화 PLUS 우량회사채50증권상장지수투자신탁(채권),HANWHA PLUS CREDIT BOND50 ETF,한화자산운용,2016-03-22,KOBI HALF CREDIT Index(총수익),KIS자산평가,실물(패시브),국내,채권,배당소득세(보유기간과세),0.135,20000,180000,121730,-65,-0.05,121725.07,459,55867845,0.56,21911400000,219.11,0,0.0
421320,KR7421320003,PLUS 우주항공,한화 PLUS 우주항공 증권상장지수투자신탁(주식),Hanwha PLUS Aerospace ETF,한화자산운용,2022-03-29,iSelect 우주항공UAM 지수,NH투자증권,실물(패시브),국내,주식,비과세,0.45,50000,9350000,26380,-485,-1.81,26457.63,26929,709356439,7.09,246699750000,2467.0,0,0.0
0184N0,KR70184N0005,PLUS 은채권혼합,한화 PLUS 은채권혼합증권상장지수투자신탁(채권혼합-재간접형),Hanwha PLUS Silver Treasury Balanced ETF,한화자산운용,2026-05-12,Akros 은 채권혼합 지수,Akros,실물(패시브),국내&해외,혼합자산,배당소득세(보유기간과세),0.15,50000,1000000,8625,-235,-2.65,8605.34,34371,295189205,2.95,8630000000,86.3,0,0.0
464920,KR7464920008,PLUS 일본반도체소부장,한화 PLUS 일본반도체소부장증권상장지수투자신탁(주식),Hanwha PLUS Japan Semiconductor Materials and Equipment ETF,한화자산운용,2023-08-31,Solactive Japan Semiconductor Materials and Equipment Index PR,Solactive,실물(패시브),해외,주식,배당소득세(보유기간과세),0.5,50000,1250000,22310,-790,-3.42,22472.51,10083,224525672,2.25,27862500000,278.62,0,0.0
489000,KR7489000000,PLUS 일본엔화초단기국채(합성),한화 PLUS 일본엔화초단기국채증권상장지수투자신탁(채권-파생형)(합성),Hanwha PLUS Japan Ultra Short-term Treasury Bill ETF(SYNTH),한화자산운용,2024-08-13,KAP 일본 단기 국채 지수(총수익),한국자산평가(KAP),합성(패시브),해외,채권,배당소득세(보유기간과세),0.19,50000,2200000,9245,20,0.22,9251.04,140169,1294296310,12.94,20339000000,203.39,0,0.0
0098N0,KR70098N0000,PLUS 자사주매입고배당주,한화 PLUS 자사주매입고배당주증권상장지수투자신탁(주식),Hanwha PLUS High Dividend+Buyback ETF,한화자산운용,2025-09-16,FnGuide 고배당주 플러스 자사주 지수 (PR),FnGuide,실물(패시브),국내,주식,비과세,0.3,50000,6050000,13230,160,1.22,13202.51,22583,297268817,2.97,79678500000,796.78,0,0.0
433880,KR7433880002,PLUS TDF2060액티브 적격,한화 PLUS 적격TDF2060액티브증권상장지수투자신탁(주식혼합-재간접형),Hanwha PLUS TDF2060 Active Qualifying ETF,한화자산운용,2022-06-30,Morningstar Korea Lifetime Allocation Moderate 2060 Index (Gross Return),MorningStar,실물(액티브),국내&해외,혼합자산,배당소득세(보유기간과세),0.2,10000,3610000,17990,-20,-0.11,17995.36,6025,108533297,1.09,64943900000,649.44,0,0.0
451000,KR7451000004,PLUS 종합채권(AA-이상)액티브,한화 PLUS 종합채권(AA-이상)액티브증권상장지수투자신탁(채권),Hanwha PLUS Total Market Bond(AA- or higher) Active ETF,한화자산운용,2023-01-10,"KAP 종합채권지수(AA-이상, 총수익)",한국자산평가(KAP),실물(액티브),국내,채권,배당소득세(보유기간과세),0.045,1000,4950000,106600,-430,-0.4,106707.44,41,4373785,0.04,527967000000,5279.67,0,0.0
280920,KR7280920000,PLUS 주도업종,한화 PLUS 주도업종증권상장지수투자신탁[주식],PLUS Leading Industry ETF,한화자산운용,2017-10-17,FnGuide 주도업종 지수,FnGuide,실물(패시브),국내,주식,비과세,0.23,50000,450000,23355,-345,-1.46,23345.37,5,116550,0.0,10509750000,105.1,0,0.0
0184L0,KR70184L0007,PLUS 중기종합채권(A-이상)액티브,한화 PLUS 중기종합채권(A-이상)액티브증권상장지수투자신탁(채권),Hanwha PLUS Mid-Term Bond(A- or higher) Active ETF,한화자산운용,2026-05-12,KIS 중기종합채권(A-이상) 지수(총수익),KIS자산평가,실물(액티브),국내,채권,배당소득세(보유기간과세),0.06,1000,1305000,100505,-140,-0.14,100547.48,30,3014760,0.03,131178600000,1311.79,0,0.0
266550,KR7266550003,PLUS 중형주저변동50,한화 PLUS 중형주저변동50증권상장지수투자신탁[주식],Hanwha PLUS Midcap LowVol50 ETF,한화자산운용,2017-03-28,FnGuide 중형주저변동50지수,FnGuide,실물(패시브),국내,주식,비과세,0.23,50000,250000,18715,-35,-0.19,18699.27,1,18715,0.0,4678750000,46.79,0,0.0
0047N0,KR70047N0002,PLUS 차이나AI테크TOP10,한화 PLUS 차이나AI테크TOP10증권상장지수투자신탁(주식),Hanwha PLUS China AI Tech Top 10 ETF,한화자산운용,2025-05-13,Solactive China AI Tech Top10 Index(PR),Solactive,실물(패시브),해외,주식,배당소득세(보유기간과세),0.49,50000,700000,9030,-50,-0.55,9075.55,2370,21257427,0.21,6289500000,62.9,0,0.0
0128D0,KR70128D0006,PLUS 차이나항셍테크위클리타겟커버드콜,한화 PLUS 차이나항셍테크위클리타겟커버드콜증권상장지수투자신탁(주식-파생형),Hanwha PLUS China Hang Seng Tech Weekly Target Covered Call ETF,한화자산운용,2025-11-18,HSTECH 15% Target Premium Weekly Covered Call Index,HangSeng,실물(패시브),해외,주식,배당소득세(보유기간과세),0.39,50000,700000,6320,10,0.16,6370.96,1550,9738630,0.1,4417000000,44.17,0,0.0
495040,KR7495040008,PLUS 코리아밸류업,한화 PLUS 코리아밸류업증권상장지수투자신탁(주식),Hanwha PLUS Korea Value-up ETF,한화자산운용,2024-11-04,코리아 밸류업 지수,KRX,실물(패시브),국내,주식,비과세,0.009,50000,2700000,32275,-485,-1.48,32184.32,212,6783360,0.07,86751000000,867.51,0,0.0
0166N0,KR70166N0007,PLUS 코스닥150액티브,한화 PLUS 코스닥150액티브증권상장지수투자신탁(주식),Hanwha PLUS KOSDAQ 150 Active ETF,한화자산운용,2026-03-17,코스닥 150,KRX,실물(액티브),국내,주식,배당소득세(보유기간과세),0.63,50000,3500000,7940,-100,-1.24,7911.56,16880,132610084,1.33,27720000000,277.2,0,0.0
301400,KR7301400008,PLUS 코스닥150,한화 PLUS 코스닥150증권상장지수투자신탁(주식),Hanwha PLUS KOSDAQ150,한화자산운용,2018-07-05,코스닥 150,KRX,실물(패시브),국내,주식,비과세,0.15,50000,650000,13970,-485,-3.36,14044.07,30882,431138920,4.31,9061000000,90.61,0,0.0
328370,KR7328370002,PLUS 코스피TR,한화 PLUS 코스피TotalReturn증권상장지수투자신탁(주식),Hanwha PLUS KOSPI Total Return ETF,한화자산운용,2019-06-25,코스피 TR,KRX,실물(패시브),국내,주식,배당소득세(보유기간과세),0.15,50000,3100000,38700,-950,-2.4,38703.47,180,6937790,0.07,119970000000,1199.7,0,0.0
457990,KR7457990000,PLUS 태양광&ESS,한화 PLUS 태양광&ESS 증권상장지수투자신탁(주식),Hanwha PLUS Solar&ESS ETF,한화자산운용,2023-06-20,FnGuide 태양광 & ESS 지수,FnGuide,실물(패시브),국내,주식,비과세,0.45,50000,3950000,35600,-835,-2.29,35623.47,252147,9048263342,90.48,140588400000,1405.88,0,0.0
0132K0,KR70132K0001,PLUS 테슬라위클리커버드콜채권혼합,한화 PLUS 테슬라위클리커버드콜채권혼합증권상장지수투자신탁(채권혼합-파생형),Hanwha PLUS Tesla Weekly Covered Call Balanced ETF,한화자산운용,2025-12-09,Akros 테슬라 위클리 커버드콜 채권혼합 지수,Akros,실물(패시브),국내&해외,주식,배당소득세(보유기간과세),0.39,50000,13350000,8005,-10,-0.12,8001.91,231942,1854827475,18.55,106866750000,1068.67,0,0.0
0000J0,KR70000J0003,PLUS 한화그룹주,한화 PLUS 한화그룹주증권상장지수투자신탁(주식),Hanwha PLUS Hanwha Group ETF,한화자산운용,2024-12-24,FnGuide 한화그룹주 지수,FnGuide,실물(패시브),국내,주식,비과세,0.19,50000,4000000,28530,-45,-0.16,28455.36,36765,1038915255,10.39,113560000000,1135.6,0,0.0
461910,KR7461910002,PLUS 미국테크TOP10레버리지(합성),한화 PLUS미국테크TOP10레버리지증권상장지수투자신탁(주식혼합-파생형)(합성),Hanwha PLUS TOP 10 US Tech Company Leverage ETF,한화자산운용,2023-07-18,iSelect 미국 Tech 10 지수,NH투자증권,합성(패시브),해외,주식,배당소득세(보유기간과세),0.5,50000,500000,34570,220,0.64,34469.05,335,11547379,0.12,17295000000,172.95,0,0.0
213630,KR7213630007,PLUS 미국다우존스고배당주(합성 H),한화PLUS DJ US Select Dividend 증권상장지수투자신탁(주식-파생형)(합성 H),Hanwha PLUS SYNTH-DJ US Select Dividend ETF(H),한화자산운용,2015-01-26,Dow Jones U.S Select Dividend Index(시장가격지수),S&P,합성(패시브),해외,주식,배당소득세(보유기간과세),0.4,10000,920000,20760,5,0.02,20858.49,1096,22856575,0.23,19021000000,190.21,0,0.0
189400,KR7189400005,PLUS 글로벌MSCI(합성 H),한화PLUS MSCI AC World 증권상장지수투자신탁(주식-파생형)(합성 H),Hanwha PLUS SYNTH-MSCI AC World ETF(H),한화자산운용,2013-12-10,MSCI ACWI Index,MSCI,합성(패시브),해외,주식,배당소득세(보유기간과세),0.4,30000,300000,25745,-115,-0.44,25633.92,71,1824235,0.02,7723500000,77.23,0,0.0
195970,KR7195970009,PLUS 선진국MSCI(합성 H),한화PLUS MSCI EAFE 증권상장지수투자신탁(주식-파생형)(합성 H),Hanwha PLUS SYNTH-MSCI EAFE ETF(H),한화자산운용,2014-05-13,MSCI EAFE Index,MSCI,합성(패시브),해외,주식,배당소득세(보유기간과세),0.5,20000,1460000,16350,40,0.25,16325.18,4993,80759185,0.81,23659300000,236.59,0,0.0
195980,KR7195980008,PLUS 신흥국MSCI(합성 H),한화PLUS MSCI Emerging Markets 증권상장지수투자신탁(주식-파생형)(합성 H),Hanwha PLUS SYNTH-MSCI Emerging Markets ETF(H),한화자산운용,2014-05-13,MSCI EM Index,MSCI,합성(패시브),해외,주식,배당소득세(보유기간과세),0.5,20000,6140000,15410,-225,-1.44,15392.55,7537,115789385,1.16,94525300000,945.25,0,0.0
0184V0,KR70184V0005,UNICORN K바이오액티브,현대 UNICORN K바이오액티브증권상장지수투자신탁[주식],HYUNDAI UNICORN K Bio Active ETF,현대자산운용,2026-05-12,FnGuide K-바이오 밸런스드 지수,FnGuide,실물(액티브),국내,주식,배당소득세(보유기간과세),0.51,50000,1050000,5455,0,0.0,5420.68,4833,26035950,0.26,5675250000,56.75,0,0.0
433250,KR7433250008,UNICORN R&D 액티브,현대 UNICORN R&D 액티브증권상장지수투자신탁(주식),HYUNDAI UNICORN R&D ACTIVE ETF,현대자산운용,2022-07-06,코스피 200,KRX,실물(액티브),국내,주식,배당소득세(보유기간과세),0.355,50000,250000,23460,-390,-1.64,23381.87,10,232700,0.0,5828750000,58.29,0,0.0
494220,KR7494220007,UNICORN SK하이닉스밸류체인액티브,현대 UNICORN SK하이닉스밸류체인액티브증권상장지수투자신탁[주식],HYUNDAI UNICORN SK hynix Value Chain Active ETF,현대자산운용,2024-11-07,FnGuide SK하이닉스밸류체인 지수,FnGuide,실물(액티브),국내,주식,배당소득세(보유기간과세),0.5,50000,3500000,48180,-1180,-2.39,48197.69,65490,3130988894,31.31,168630000000,1686.3,0,0.0
470310,KR7470310004,UNICORN 생성형AI강소기업액티브,현대 UNICORN 생성형AI강소기업액티브증권상장지수투자신탁[주식],HYUNDAI UNICORN GENERATIVE AI SMALL GIANT ACTIVE ETF,현대자산운용,2023-11-21,iSelect AI 지수,NH투자증권,실물(액티브),국내,주식,배당소득세(보유기간과세),0.5,50000,300000,17740,-505,-2.77,17838.95,31,553207,0.01,5335500000,53.35,0,0.0
476000,KR7476000005,UNICORN 포스트IPO액티브,현대 UNICORN 포스트IPO액티브증권상장지수투자신탁[주식],HYUNDAI UNICORN POST IPO ACTIVE ETF,현대자산운용,2024-02-27,iSelect 포스트 IPO 지수,NH투자증권,실물(액티브),국내,주식,배당소득세(보유기간과세),0.5,50000,550000,5215,100,1.96,5216.94,39884,205571830,2.06,2860000000,28.6,0,0.0
491700,KR7491700001,HK 200,흥국 HK 200증권상장지수투자신탁[주식],Heungkuk HK KS200 ETF,흥국자산운용,2024-09-10,코스피 200,KRX,실물(패시브),국내,주식,비과세,0.05,50000,600000,110465,-510,-0.46,110700.84,1,110465,0.0,66279000000,662.79,0,0.0
0000Y0,KR70000Y0004,HK 26-12 회사채(AA-이상)액티브,흥국 HK 26-12 회사채(AA-이상)액티브증권상장지수투자신탁[채권],Heungkuk HK 26-12 Coporate Bond(AA- or Higher) Active ETF,흥국자산운용,2024-12-24,KAP 26-12 크레딧 채권 총수익지수(AA-이상),한국자산평가(KAP),실물(액티브),국내,채권,배당소득세(보유기간과세),0.065,1000,1210000,101950,5,0.0,101953.4,12,1223460,0.01,123359500000,1233.6,0,0.0
215620,KR7215620006,HK S&P코리아로우볼,흥국 HK S&P로우볼증권상장지수투자신탁(주식),Heungkuk HK S&P Korea Low Volatility ETF,흥국자산운용,2015-03-25,S&P Korea 저변동성 지수,S&P,실물(패시브),국내,주식,비과세,0.4,30000,540000,16375,100,0.61,16344.83,1,16375,0.0,8842500000,88.42,0,0.0
0113P0,KR70113P0009,HK 머니마켓액티브,흥국 HK 머니마켓액티브증권상장지수투자신탁[채권],Heungkuk HK Money Market Active ETF,흥국자산운용,2025-09-30,KAP 머니마켓 지수(총수익),한국자산평가(KAP),실물(액티브),국내,채권,배당소득세(보유기간과세),0.045,1000,518000,102500,5,0.0,102503.75,5,512505,0.01,53095000000,530.95,0,0.0
391670,KR7391670007,HK 베스트일레븐액티브,흥국 HK 베스트일레븐액티브증권상장지수투자신탁(주식),Heungkuk HK Best11 Active ETF,흥국자산운용,2021-07-06,코스피 200,KRX,실물(액티브),국내,주식,배당소득세(보유기간과세),0.3,50000,600000,28785,-940,-3.16,28772.03,123,3516020,0.04,17271000000,172.71,0,0.0
472920,KR7472920008,HK 종합채권(AA-이상)액티브,흥국 HK 종합채권(AA-이상)액티브증권상장지수투자신탁[채권],Heungkuk HK Total Market Bond(AA- or Higher) Active ETF,흥국자산운용,2023-11-28,KAP 종합채권 AA- 이상 지수(총수익),한국자산평가(KAP),실물(액티브),국내,채권,배당소득세(보유기간과세),0.036,1000,2591000,97520,-375,-0.38,97548.61,33,3217985,0.03,252803870000,2528.04,0,0.0
